ticker,date,close_price,volume,ema_50,ema_200,vma_20,atr_14
ABSA,2025-11-13,98.36,142514,98.36,98.36,142514.0,0.4030508652763273
ABSA,2025-11-14,97.98,171196,98.34509803921569,98.35621890547264,156855.0,0.4030508652763273
ABSA,2025-11-15,100.28,122125,98.42097654748174,98.3753610059157,145278.33333333334,1.8494053098225915
ABSA,2025-11-16,102.58,189292,98.58407550640402,98.41719820983694,156281.75,3.163637147335325
ABSA,2025-11-17,106.25,149341,98.88469999634897,98.49513653610722,154893.6,5.121286459474806
ABSA,2025-11-18,108.48,88814,99.26098627100195,98.59448841136984,143880.33333333334,6.4390680614511275
ABSA,2025-11-19,107.84,148041,99.59741818194306,98.68648355155523,144474.7142857143,6.658789304370577
ABSA,2025-11-20,107.94,550575,99.92457825323942,98.77855834208702,195237.25,6.675815861055057
ABSA,2025-11-21,107.7,169207,100.22949675311239,98.86732890584736,192345.0,6.5550171624489275
ABSA,2025-11-22,107.27,336644,100.505594919657,98.95093757345087,206774.9,6.354123857779291
ABSA,2025-11-23,110.88,75300,100.91243433457241,99.0696347120235,194822.63636363635,6.689322122199336
ABSA,2025-11-24,111.92,292486,101.34410357635389,99.19749904324715,202961.25,7.037485023397593
ABSA,2025-11-25,111.3,107882,101.7345308870851,99.31792193833921,195647.46153846153,7.139771529958082
ABSA,2025-11-26,116.33,177605,102.30690222484647,99.48719634691297,194358.7142857143,8.000380150651907
ABSA,2025-11-27,118.74,73382,102.95133743171523,99.67876653251582,186293.6,8.441697600549361
ABSA,2025-11-28,122.16,178517,103.70461831674602,99.90246039786392,185807.5625,8.903569177212391
ABSA,2025-11-29,115.94,73615,104.1844372062854,100.0620379063429,179208.0,8.131685356109713
ABSA,2025-11-30,116.74,68442,104.67681221780362,100.22798777792157,173054.33333333334,7.524082735887706
ABSA,2025-12-01,114.34,116890,105.0557607582819,100.36840580998205,170098.31578947368,7.122500486964752
ABSA,2025-12-02,122.05,148413,105.72220151285909,100.58414306560412,169014.05,7.783052462361289
ABSA,2025-12-03,121.87,75754,106.35544851235481,100.79594263709066,165676.05,7.998575937813375
ABSA,2025-12-04,120.75,82217,106.9199407275566,100.99449047154746,161227.1,7.782723020247495
ABSA,2025-12-05,124.15,172042,107.59562932647596,101.22489355143257,163722.95,7.69693456178185
ABSA,2025-12-06,121.13,102284,108.1263889607318,101.42295431211484,159372.55,6.682394040304002
ABSA,2025-12-07,124.14,71272,108.75437370736978,101.64899456771569,155469.1,6.437753387736985
ABSA,2025-12-08,126.84,177896,109.46361395413959,101.89965133818619,159923.2,6.503317707815879
ABSA,2025-12-09,123.65,175835,110.01994281868313,102.11607271790574,161312.9,5.539678961321305
ABSA,2025-12-10,124.35,135225,110.58190584540145,102.33730582519026,140545.4,5.3931257756396285
ABSA,2025-12-11,130.72,72487,111.37163502793473,102.6197206926013,135709.4,6.475750380805758
ABSA,2025-12-12,132.29,117952,112.19196306605494,102.91494735237642,124774.8,7.666844415840439
ABSA,2025-12-13,132.71,129409,112.99659196542534,103.2114155379249,127480.25,8.015975438165661
ABSA,2025-12-14,128.21,141613,113.59319620207533,103.4601576718759,119936.6,7.526696333206763
ABSA,2025-12-15,131.45,146315,114.29346301768022,103.7386635656881,121858.25,6.461365242478074
ABSA,2025-12-16,133.8,72495,115.05842525228101,104.03778134115389,116602.75,6.912447444308722
ABSA,2025-12-17,137.07,351171,115.92162426199549,104.36646013377923,130492.2,7.658378734116338
ABSA,2025-12-18,134.75,179949,116.65999193799567,104.66878391354263,130563.8,7.434534504372402
ABSA,2025-12-19,130.95,80346,117.22038441101546,104.93028855121882,130900.35,7.170215868744544
ABSA,2025-12-20,135.52,110663,117.9380163948972,105.23466378951517,133011.4,6.582828530050316
ABSA,2025-12-21,137.34,126702,118.6988784970581,105.55411987121154,133502.0,6.515802820919259
ABSA,2025-12-22,133.86,112108,119.2934322814872,105.8357704197567,131686.75,6.267876204535725
ABSA,2025-12-23,138.13,216830,120.03212121162497,106.15710603747057,138740.55,5.621983696775889
ABSA,2025-12-24,143.25,140313,120.94262626214947,106.52618955948579,141645.35,5.729022664190994
ABSA,2025-12-25,146.97,190382,121.96330758520244,106.92861553401828,142562.35,7.428531794061704
ABSA,2025-12-26,149.01,135871,123.0239621897043,107.34733577746088,144241.7,9.04560697214435
ABSA,2025-12-27,151.86,86441,124.15478720187276,107.7902478592772,145000.15,10.708911028302037
ABSA,2025-12-28,155.69,274928,125.39146221356404,108.26686230843863,149851.75,11.950030696774261
ABSA,2025-12-29,155.97,160011,126.59062055813015,108.74152039492184,149060.55,12.925632325595693
ABSA,2025-12-30,152.69,86455,127.61412563428192,109.17881869944998,146622.05,13.137362372633667
ABSA,2025-12-31,149.93,85135,128.4892579623493,109.58430309050023,147254.45,13.131431234398518
ABSA,2026-01-01,145.23,104979,129.14575765010034,109.93898664183854,146605.8,12.512009286027048
ABSA,2026-01-02,147.62,84438,129.87023774225327,110.31392209813866,144357.25,11.028191229105298
ABSA,2026-01-03,149.47,171853,130.63885587000806,110.70353481358008,145869.25,10.129702326858876
ABSA,2026-01-04,139.93,168348,131.0032144633411,110.99434541244993,146970.9,9.751469267993222
ABSA,2026-01-05,138.62,101062,131.30191193536695,111.26922754764944,148399.25,8.768830671540808
ABSA,2026-01-06,143.13,74621,131.76575852613686,111.58625015911562,134571.75,8.048032393827011
ABSA,2026-01-07,144.48,168183,132.26435623099425,111.91355115255726,133983.45,7.941759880530324
ABSA,2026-01-08,148.52,172741,132.90183245722977,112.27779442467113,138603.2,7.934650925037524
ABSA,2026-01-09,151.7,168832,133.63901549812272,112.67005517666446,141511.65,8.065489364032398
ABSA,2026-01-10,157.33,89295,134.5680737138826,113.11443273709567,139641.3,8.762733254721823
ABSA,2026-01-11,161.98,66280,135.64305121529895,113.60065728697532,137349.9,9.92950747425671
ABSA,2026-01-12,162.4,79672,136.69234332450293,114.0862228861099,130492.0,10.98444610261801
ABSA,2026-01-13,159.22,176080,137.5757808411891,114.53531519570085,132280.35,11.606758428122493
ABSA,2026-01-14,165.15,125089,138.6571227689856,115.03894390022124,129015.7,13.105069105645256
ABSA,2026-01-15,163.93,165992,139.64821599373127,115.52542207036831,130521.75,13.792487742676073
ABSA,2026-01-16,162.83,149628,140.55730556260454,115.99611438807608,133681.1,14.22291982994395
ABSA,2026-01-17,165.04,73442,141.51741122681614,116.48411324988628,123606.8,14.820653987438835
ABSA,2026-01-18,170.45,161132,142.65202255125473,117.02108724739986,123662.85,14.644969207100615
ABSA,2026-01-19,166.58,192225,143.5903746080683,117.51421075737599,128951.35,12.823856802721465
ABSA,2026-01-20,168.25,158456,144.55741874108523,118.0190444811832,132617.4,11.397076837486125
ABSA,2026-01-21,166.06,162884,145.40065722182698,118.49706393908188,135512.65,9.198323395962198
ABSA,2026-01-22,169.86,172859,146.3598471346965,119.0081379297378,139933.7,7.580383300929659
ABSA,2026-01-23,173.64,141370,147.42965705098294,119.55173854735236,138409.55,6.651477692551294
ABSA,2026-01-24,173.73,168605,148.4610430489836,120.09082572598568,138422.4,6.543922732220832
ABSA,2026-01-25,174.27,178087,149.47315900784702,120.62992198741867,142273.65,6.959887118969164
ABSA,2026-01-26,173.62,92265,150.42009394871576,121.1571864452553,143155.85,7.061190178062818
ABSA,2026-01-27,173.89,122563,151.34048242131513,121.68189105774033,140874.85,6.295516065222451
ABSA,2026-01-28,179.35,177064,152.4388948753812,122.25570308701656,141091.0,7.256672223426051
ABSA,2026-01-29,179.71,180120,153.50834997830745,122.8273876334144,141655.4,7.6770465646657
ABSA,2026-01-30,183.05,132545,154.6668460575895,123.42661760721128,143817.9,8.113031946358827
ABSA,2026-01-31,184.38,107063,155.8320677808213,124.03311892455247,145857.05,8.648517436309836
ABSA,2026-02-01,181.81,107530,156.85081022078907,124.60801326361165,147249.95,9.018943250882485
ABSA,2026-02-02,180.17,71308,157.76528825134636,125.16086885302846,142011.35,8.486374963874377
ABSA,2026-02-03,177.17,173293,158.52625733952885,125.67837264553565,144421.55,7.8335059884722025
ABSA,2026-02-04,177.98,160862,159.28914920856693,126.19878684806763,144165.05,6.419311063733265
ABSA,2026-02-05,189.86,139017,160.4880061023486,126.83223175505204,143634.5,7.333003419360508
ABSA,2026-02-06,192.11,188072,161.72808429441338,127.48176178734008,149366.0,8.71029269893383
ABSA,2026-02-07,196.42,100395,163.0885515769854,128.16771440637152,146329.15,10.428210293122365
ABSA,2026-02-08,195.93,65624,164.37645151514283,128.84196600431807,139999.1,11.333361315549416
ABSA,2026-02-09,203.25,86718,165.90090439690195,129.5823444520363,136412.2,13.069362861455648
ABSA,2026-02-10,192.89,153536,166.9593003029058,130.21227137291154,135944.8,12.384264364351813
ABSA,2026-02-11,189.7,154847,167.8510924478899,130.80418907069352,135044.2,12.007567514275753
ABSA,2026-02-12,185.03,155848,168.52477509699224,131.34374937844782,135768.1,11.59567462106378
ABSA,2026-02-13,183.29,130147,169.1038035245612,131.86062749408518,133845.2,11.578905299706044
ABSA,2026-02-14,179.58,174840,169.51463475889213,132.3354471210097,133682.85,11.98124053938646
ABSA,2026-02-15,181.6,169301,169.9885706507003,132.82564167701955,137534.65,11.998825698036804
ABSA,2026-02-16,178.09,82442,170.30627376243757,133.27603330212384,135528.6,12.245150217378065
ABSA,2026-02-17,180.33,364972,170.6993610658714,133.74423197573455,144924.0,11.84960668425027
ABSA,2026-02-18,173.75,91836,170.81899396524898,134.1422993192596,140509.8,12.543490874719684
ABSA,2026-02-19,170.4,192339,170.80256282935687,134.5030724603615,143499.5,14.169605942119395
ABSA,2026-02-20,177.75,132624,171.0750113458527,134.93339014732308,144777.55,14.246698619888553
ABSA,2026-02-21,179.0,67119,171.3857952146428,135.37186387720047,142757.0,13.491422412362304
ABSA,2026-02-22,171.18,144777,171.37772481406859,135.72816373911886,146430.45,13.226767938914294
ABSA,2026-02-23,175.36,164657,171.53389246841883,136.12251036858035,145998.65,9.660094255051813
ABSA,2026-02-24,170.44,109886,171.49099472455927,136.46397792710195,143449.85,8.544573176539178
ABSA,2026-02-25,174.75,157089,171.61879885300792,136.84493337061338,144353.45,7.048122119550021
ABSA,2026-02-26,169.94,178282,171.55296360387035,137.17423751617943,143863.95,6.728966496416278
ABSA,2026-02-27,172.56,383884,171.592455227248,137.5263346553219,158038.4,6.090409739640357
ABSA,2026-02-28,170.39,145558,171.5453001202971,137.85333630054257,162035.1,6.096842093779904
ABSA,2026-03-01,174.73,781908,171.670190311658,138.22026827765163,196794.6,5.320132003340724
ABSA,2026-03-02,176.35,89417,171.85371226022042,138.59966859329688,193588.65,5.142160375190469
ABSA,2026-03-03,174.75,94319,171.96729217158432,138.95937338341335,190562.25,4.398584827988907
ABSA,2026-03-04,174.57,167178,172.0693591452477,139.31370797661322,191128.75,4.413493934378341
ABSA,2026-03-05,176.25,131372,172.23330584543405,139.68123327037827,191190.0,4.271177296075236
ABSA,2026-03-06,183.9,180375,172.69082326326017,140.1212209990312,191466.75,5.656640571483043
ABSA,2026-03-07,177.78,80602,172.8903988215637,140.49593521794634,187031.8,5.511052344113911
ABSA,2026-03-08,178.41,735168,173.10685376973768,140.8731895938872,219668.1,5.520208279635136
ABSA,2026-03-09,183.1,100766,173.49874185719895,141.2933568616097,206457.8,6.405527489409839
ABSA,2026-03-10,182.7,175066,173.85957550985782,141.70536326099668,210619.3,6.590494528627618
ABSA,2026-03-11,183.8,110611,174.2493960780987,142.12421536785246,206532.9,7.1623176865355145
ABSA,2026-03-12,184.1,576918,174.63569427111443,142.5418848666798,228747.6,6.963290330388125
ABSA,2026-03-13,185.91,182225,175.0778239075413,142.97340840034468,234502.9,7.178608676301719
ABSA,2026-03-14,178.81,143303,175.2241837543044,143.3299914013363,234429.2,6.13820740199382
ABSA,2026-03-15,183.25,124601,175.53892164629247,143.7272054172434,232426.4,5.900936319818319
ABSA,2026-03-16,181.67,76445,175.7793560915359,144.10474566184794,230754.35,5.671328991292427
ABSA,2026-03-17,184.68,212034,176.12840095069137,144.5084795358594,233501.6,5.268360789855731
ABSA,2026-03-18,179.78,143338,176.27160091340937,144.8594399384877,231754.4,4.459454704752322
ABSA,2026-03-19,183.18,177384,176.54251852464822,145.24073904357738,221429.4,3.8043467945191844
ABSA,2026-03-20,189.12,169124,177.03575309230908,145.67734860533284,222607.7,4.6785877254142605
ABSA,2026-03-21,184.75,170422,177.3382725788852,146.0661312062748,192033.4,4.252835253370284
ABSA,2026-03-22,176.02,186551,177.28657561500737,146.3641796519835,196890.1,4.782930457756798
ABSA,2026-03-23,177.86,75723,177.3090628457914,146.67757089922745,195960.3,5.19244301105735
ABSA,2026-03-24,170.88,191302,177.05694273419172,146.9183910892849,197166.5,6.9843435291348985
ABSA,2026-03-25,168.79,176382,176.73274890147835,147.13601903864526,199417.0,8.607124668258653
ABSA,2026-03-26,171.63,153457,176.53264110142035,147.3797402422408,198071.1,9.170019420989263
ABSA,2026-03-27,172.03,130175,176.35606694058035,147.62501645873593,200549.75,9.24103879115124
ABSA,2026-03-28,182.22,129382,176.58602509977328,147.9692451506888,170260.45,9.34562135235213
ABSA,2026-03-29,182.53,187436,176.81912215468412,148.31313325864215,174593.95,9.293128088557223
ABSA,2026-03-30,180.27,189006,176.9544506976377,148.631112032188,175290.95,9.238697817476169
ABSA,2026-03-31,182.32,109385,177.16486439576957,148.96632484778814,175229.65,9.026441926149825
ABSA,2026-04-01,179.85,174804,177.2701638312296,149.27362509805891,155123.95,9.027975271344152
ABSA,2026-04-02,188.36,83121,177.70505936725982,149.66254425131206,150168.75,9.689917390693438
ABSA,2026-04-03,187.08,438558,178.07270409795552,150.0348572438363,164931.5,9.351407787594962
ABSA,2026-04-04,181.93,109859,178.22397060391805,150.35222184837525,164194.4,9.111294893858872
ABSA,2026-04-05,182.73,91136,178.4006776390585,150.67438879515757,164928.95,9.166890013929162
ABSA,2026-04-06,181.33,164312,178.5155530257621,150.9794197524197,162542.85,9.18612682045813
ABSA,2026-04-07,181.18,161131,178.6200411423989,151.27992303846528,163432.5,8.424303709773728
ABSA,2026-04-08,175.97,118600,178.51611796034405,151.52559544604273,160493.3,7.1409734480472835
ABSA,2026-04-09,178.36,109191,178.5099956873894,151.79260444657962,157496.65,6.099563486453508
ABSA,2026-04-10,184.12,83130,178.72999585651138,152.11427007397685,153132.05,4.744559072949312
ABSA,2026-04-11,178.07,157230,178.70411366605995,152.37253604339003,151666.0,4.998835523740392
ABSA,2026-04-12,174.64,144453,178.5447366595478,152.59410284892843,155102.5,5.725803473058617
ABSA,2026-04-13,166.65,136481,178.07827639838905,152.73396252207343,152361.45,8.17214399652882
ABSA,2026-04-14,169.2,191596,177.73010869649144,152.89780369100802,153122.15,9.206096351194377
ABSA,2026-04-15,168.24,127954,177.35794757113885,153.05046236074926,151847.0,10.19780891139897
ABSA,2026-04-16,164.05,154010,176.83606727423145,153.15991049646323,153038.75,10.738551436322798
ABSA,2026-04-17,170.46,192132,176.58602542034004,153.33205069052826,156176.25,9.994499593045425
ABSA,2026-04-18,174.67,171233,176.510887168562,153.54436859410512,155366.1,9.601522608477225
ABSA,2026-04-19,177.66,188971,176.55595041685368,153.78432512550705,155364.35,9.094661246402396
ABSA,2026-04-20,184.49,102394,176.86708961619277,154.08985422873585,155014.8,9.574113535988616
ABSA,2026-04-21,184.54,182647,177.16798806261662,154.39284075382307,155406.95,10.042507540067277
ABSA,2026-04-22,181.03,185017,177.31943951114147,154.65788711448155,160501.75,10.321128388349393
ABSA,2026-04-23,177.63,364959,177.3316183538418,154.8864653521484,156821.8,10.289501217367064
ABSA,2026-04-24,171.26,128481,177.093515673299,155.0493860949131,157752.9,9.674067869740835
ABSA,2026-04-25,171.93,137531,176.89102486258142,155.21735240242643,160072.65,9.591485127473728
ABSA,2026-04-26,172.06,106687,176.70157290718606,155.38494093573564,157191.4,9.618913781460208
ABSA,2026-04-27,171.76,134290,176.50778573435525,155.54787684682285,155849.35,9.164506965030265
ABSA,2026-04-28,174.56,120536,176.43140198006682,155.73705220158084,155946.15,8.905316784537614
ABSA,2026-04-29,169.76,109695,176.16977837300539,155.8765840204706,155971.35,8.736812794274476
ABSA,2026-04-30,163.4,143800,175.6690027505346,155.95144388096344,159004.85,8.87676821110176
ABSA,2026-05-01,167.08,98933,175.33217911325875,156.0621757826454,156090.0,9.24903081498185
ABSA,2026-05-02,170.06,191972,175.12542699117017,156.2014576156539,158465.95,9.410390300322081
ABSA,2026-05-03,170.76,90748,174.95423377583018,156.34631873390612,156179.3,9.363408614341317
ABSA,2026-05-04,171.39,188256,174.8144599022682,156.49600710471304,156012.3,8.114537930416992
ABSA,2026-05-05,179.56,157998,175.00055951394395,156.72549957133282,157514.5,7.024937683036747
ABSA,2026-05-06,178.48,512172,175.13700816045596,156.94196226216533,175422.6,6.533866560106272
ABSA,2026-05-07,177.75,85109,175.23947842867338,157.1490074137856,170071.45,6.551532169175125
ABSA,2026-05-08,179.11,153554,175.39126358833326,157.3675247529519,169187.5,7.103806942543093
ABSA,2026-05-09,176.33,185176,175.42807678094763,157.55620609869368,168997.75,7.240025081918821
ABSA,2026-05-10,180.64,74571,175.63246592679283,157.78589559024897,167606.6,7.838663263480724
ABSA,2026-05-11,173.47,166439,175.54766334142843,157.9419563306445,166796.2,7.79841654996793
ABSA,2026-05-12,173.67,137759,175.47402948490182,158.09845427760325,164433.3,7.790363235476241
ABSA,2026-05-13,173.89,97402,175.41191068157232,158.25558408578632,151055.45,7.60480647065029
ABSA,2026-05-14,175.31,190850,175.40791418425576,158.42527976652477,154173.9,6.086895354361357
ABSA,2026-05-15,175.03,137156,175.39309402016733,158.59050086337527,154155.15,5.089599568113117
ABSA,2026-05-16,173.86,73981,175.33297268604312,158.74243617816757,152519.85,4.605939384087803
ABSA,2026-05-17,166.2,148590,174.97481689443362,158.8166407933102,153234.85,5.682613412181821
ABSA,2026-05-18,170.45,109238,174.7973730946519,158.9323956112872,152669.95,5.806698256570437
ABSA,2026-05-19,178.0,86932,174.92296630662634,159.12212301814006,151531.8,5.638359848902451
ABSA,2026-05-20,171.6,127125,174.7926539024449,159.24628099805906,150698.05,5.610989474648504
ABSA,2026-05-21,169.67,172035,174.59176551411375,159.3499995950933,154353.15,5.774699328550851
ABSA,2026-05-22,171.58,95759,174.47365706257986,159.4716911414108,149542.5,5.4193531405084805
ABSA,2026-05-23,172.27,122300,174.38723913855713,159.59903749821268,151120.1,5.302034442623871
ABSA,2026-05-24,168.83,91119,174.16930819194707,159.69088787136482,146263.25,4.511913488108595
ABSA,2026-05-25,172.31,89582,174.09639414520404,159.81645117612737,142842.45,4.488938740558167
ABSA,2026-05-26,176.09,179084,174.17457476696075,159.9783770350714,126188.05,4.712885962274823
ABSA,2026-05-27,173.47,170808,174.1469443839427,160.11262203969756,130473.0,4.694517450538136
ABSA,2026-05-28,173.16,97429,174.1082406826116,160.242446696019,127666.75,4.546709231429394
ABSA,2026-05-29,172.51,100204,174.04556457741114,160.36451190302378,123418.15,4.3967832897134755
ABSA,2026-05-30,178.46,168616,174.21867969202248,160.5445665109539,128120.4,5.046447994643151
ABSA,2026-05-31,182.52,284506,174.54422166488433,160.76322754069565,134023.75,5.730874163800815
ABSA,2026-06-01,182.91,74026,174.87229140351633,160.9835934358131,130837.1,6.636842349613833
ABSA,2026-06-02,176.69,123966,174.9435740935745,161.13987608819306,132165.3,6.538246784611664
ABSA,2026-06-03,173.39,119973,174.8826496193167,161.26176786841006,128621.45,6.4426618108350615
ABSA,2026-06-04,172.52,104041,174.78999669306899,161.37379007867466,126965.7,6.163417118524789
ABSA,2026-06-05,177.3,149848,174.88842819530157,161.53225982913563,130759.05,6.0778059250554275
ABSA,2026-06-06,184.5,197762,175.26535257979955,161.76079455720392,133217.65,6.977540303095388
ABSA,2026-06-07,182.76,101826,175.5592603217682,161.9697418750427,132847.05,6.713519828600589
ABSA,2026-06-08,184.4,93452,175.90595599542434,162.19292852305225,133173.05,6.982738174783957
ABSA,2026-06-09,183.53,98469,176.20493811325082,162.4052376919771,131740.25,7.278638888276926
ABSA,2026-06-10,191.39,83590,176.80043073626058,162.69364328708184,127318.0,8.5893314544945
ABSA,2026-06-11,198.41,98659,177.64786482503467,163.04902992104124,127463.0,10.905506227197037
ABSA,2026-06-12,204.12,179621,178.68598777307253,163.45769628998613,130329.05,13.450649357256847
ABSA,2026-06-13,209.21,183790,179.88300786040304,163.91294309307085,134962.6,16.62147009952001
ABSA,2026-06-14,213.18,150088,181.1887722580343,164.4031625647816,137987.9,19.765683329953664
ABSA,2026-06-15,208.68,67304,182.26685962046434,164.8437281114007,132398.9,21.22580581315092
ABSA,2026-06-16,209.36,70644,183.32933571377947,165.28667609039175,127390.7,21.713693143212478
ABSA,2026-06-17,209.09,124300,184.33955784265086,165.72253005964157,128734.25,21.027215165349446
ABSA,2026-06-18,215.47,189522,185.56035949588022,166.21752976054069,133200.15,20.1505029386696
ABSA,2026-06-19,213.32,150418,186.64897284898296,166.6862110564557,132290.25,18.894369124567234
ABSA,2026-06-20,211.4,75397,187.61960136470913,167.13112437927705,121834.8,18.000769076977058
ABSA,2026-06-21,210.34,131188,188.5105973896225,167.56106344017977,124692.9,16.071200437941794
ABSA,2026-06-22,215.77,163336,189.57959357042162,168.04075435122274,126661.4,14.107766901624359
ABSA,2026-06-23,216.15,158514,190.62157029315017,168.51945331290213,128588.45,10.432734837104704
ABSA,2026-06-24,213.27,97388,191.5097440071443,168.96473238441556,128255.8,7.243306658300051
ABSA,2026-06-25,212.24,137607,192.3226952225504,169.39533206218258,127643.75,5.006324406783327
ABSA,2026-06-26,220.19,155816,193.415530704019,169.90075164365342,125546.45,5.027510157040139
ABSA,2026-06-27,208.91,138188,194.02315695092022,170.2889033685922,127364.55,5.0647587757034245
ABSA,2026-06-28,213.96,167271,194.80499393323709,170.7234416435316,131055.5,5.0879713918846186
ABSA,2026-06-29,214.47,181311,195.5761706417376,171.15873078140692,135197.6,4.813329534616585
ABSA,2026-06-30,215.97,88270,196.3759286557871,171.6046140572138,135431.6,4.641597113468334
ABSA,2026-07-01,220.17,131767,197.30902949281506,172.0878517282863,137087.0,4.892449287166311
ABSA,2026-07-02,224.36,107770,198.36985186564587,172.6079726066118,133494.45,6.318526135697662
ABSA,2026-07-03,233.69,83951,199.7549557140519,173.2157539737102,128502.5,9.721225311963325
ABSA,2026-07-04,245.43,104383,201.546133921344,173.9343036854146,126217.25,14.853701669844
ABSA,2026-07-05,253.73,83840,203.5925600420756,174.72829071342042,127044.05,19.856907014470877
ABSA,2026-07-06,255.01,165876,205.60893023650402,175.52711369139632,131805.65,23.597408246702926
ABSA,2026-07-07,259.09,80116,207.70622708997445,176.35858519695455,129596.45,26.911443991726006
ABSA,2026-07-08,255.15,66285,209.5667672040931,177.14257937409928,123434.6,28.18034868105328
ABSA,2026-07-09,253.26,173038,211.28022731373653,177.89996664400877,124565.6,28.281301750605813
ABSA,2026-07-10,250.36,562530,212.8127674190802,178.6209620007848,148922.25,28.352099957111662
ABSA,2026-07-11,249.96,67036,214.26952163793982,179.33080317490635,145714.65,26.271081511117245
ABSA,2026-07-12,234.57,140720,215.06561882860885,179.8804469244098,144583.85,24.09364765125629
ABSA,2026-07-13,239.23,93419,216.0132416196438,180.47098974108235,141329.1,21.378109374769124
ABSA,2026-07-14,244.63,184381,217.1354674384813,181.10938785311137,145678.75,18.14918357077657
ABSA,2026-07-15,248.93,156293,218.3823118526585,181.78421981477197,146613.05,14.940266944524753
ABSA,2026-07-16,251.19,91785,219.6688878584366,182.47482459273445,143411.5,11.64769293408986
ABSA,2026-07-17,246.58,424110,220.7242255894783,183.1126870345978,157707.6,9.889940693609393
ABSA,2026-07-18,235.4,148629,221.2997461545968,183.6329588053978,156775.5,11.253952547420578
ABSA,2026-07-19,237.84,102633,221.94838356029888,184.17233234962274,152841.6,11.735123104839904
ABSA,2026-07-20,233.92,145105,222.41785871479698,184.66733401778572,155683.35,12.344613993272107
ABSA,2026-07-21,236.66,110449,222.97637405931474,185.18467397780776,154617.45,11.37780785294308
ABSA,2026-07-22,233.63,189415,223.39416331189062,185.6667170228047,158699.7,11.032585975043844
BAT,2025-11-13,22.46,1112762,22.46,22.46,1112762.0,0.29698484809834547
BAT,2025-11-14,22.74,861920,22.470980392156864,22.46278606965174,987341.0,0.29698484809834547
BAT,2025-11-15,22.78,606600,22.483098808150714,22.465942427167647,860427.3333333334,0.2615339366124382
BAT,2025-11-16,23.09,890596,22.506898854889904,22.472151955255534,867969.5,0.38678967152704535
BAT,2025-11-17,23.18,829488,22.533294978227556,22.479195219382344,860273.2,0.4344824507388077
BAT,2025-11-18,22.9,470656,22.547675567316674,22.483382331627297,795337.0,0.3898172648818936
BAT,2025-11-19,22.76,447236,22.5560020156572,22.486134746237973,745608.2857142857,0.3601934004313318
BAT,2025-11-20,23.06,836242,22.575766642494173,22.491844848265455,756937.5,0.352551288062157
BAT,2025-11-21,23.17,429416,22.599069911415974,22.498592660720526,720546.2222222222,0.3620341834689111
BAT,2025-11-22,22.64,3008856,22.600675012929074,22.499999698922313,949377.2,0.36364818162614326
BAT,2025-11-23,22.58,562968,22.599864228108327,22.500795721818612,914249.0909090909,0.37037879872564894
BAT,2025-11-24,22.52,955266,22.596732297594276,22.5009868091637,917667.1666666666,0.38110485314531095
BAT,2025-11-25,22.43,576060,22.59019377611999,22.50028047275411,891389.6923076923,0.3998930145387922
BAT,2025-11-26,22.73,1011003,22.595676373134893,22.50256623919437,899933.5,0.38503603370690753
BAT,2025-11-27,22.6,472984,22.595845927129606,22.50353572935164,871470.2,0.368075631263019
BAT,2025-11-28,22.43,468050,22.589342165281387,22.50280403055212,846256.4375,0.3964965044259246
BAT,2025-11-29,22.68,958144,22.59289737448604,22.504567174526727,852838.0588235294,0.39836289298263416
BAT,2025-11-30,23.2,842658,22.61670532058463,22.511486904133427,852272.5,0.41575166932851826
BAT,2025-12-01,23.24,784990,22.641148249189154,22.518735790659463,848731.3157894737,0.4263743131862586
BAT,2025-12-02,23.49,447706,22.67443655314252,22.528400111150415,828680.05,0.5118160136886405
BAT,2025-12-03,23.8,533405,22.71857629615654,22.54105284636285,799712.2,0.6425717773221828
BAT,2025-12-04,23.95,881685,22.76686742179746,22.555072221025906,800700.45,0.7682139983446978
BAT,2025-12-05,23.4,794650,22.791696150354422,22.56347946260774,810102.95,0.7843851270087465
BAT,2025-12-06,22.93,424339,22.79711983073268,22.567126433129058,786790.1,0.7712719621251893
BAT,2025-12-07,22.84,939573,22.798801405998063,22.56984159299842,792294.35,0.7536931051185861
BAT,2025-12-08,22.87,994585,22.80159350772363,22.572828243814357,818490.8,0.7262988554806665
BAT,2025-12-09,23.48,493675,22.828197683891332,22.581854828453018,820812.75,0.6944113642914687
BAT,2025-12-10,24.09,1050125,22.8776801276603,22.596861248070404,831506.9,0.7727932069184695
BAT,2025-12-11,24.02,724910,22.922476985399115,22.61102183266672,846281.6,0.7869743143385045
BAT,2025-12-12,23.72,1045634,22.953752397736405,22.622056441296902,748120.5,0.7009049292023879
BAT,2025-12-13,23.34,431693,22.968899362531054,22.62920015829892,741556.75,0.628480309954085
BAT,2025-12-14,23.56,936027,22.992079779686698,22.638461848266097,740594.8,0.6197089222785402
BAT,2025-12-15,23.19,832549,22.999841356953887,22.643949790074394,753419.25,0.6233836241489862
BAT,2025-12-16,24.2,467863,23.046906401779225,22.659432876740322,726262.25,0.6875922515528973
BAT,2025-12-17,24.16,580010,23.09055713112122,22.67436389289216,731613.55,0.7263090682604337
BAT,2025-12-18,24.05,1133414,23.128182341665486,22.68805181435592,764881.75,0.7367866264849069
BAT,2025-12-19,24.1,780470,23.166292838070763,22.70210105003397,755998.05,0.7633231460362637
BAT,2025-12-20,23.7,730550,23.18722253069544,22.712030392819702,750392.65,0.7046369184290284
BAT,2025-12-21,23.24,979640,23.18929223537405,22.71728382174687,760125.15,0.638668773463813
BAT,2025-12-22,22.99,996578,23.181476853594678,22.71999741556034,787568.75,0.6131659868848702
BAT,2025-12-23,23.0,485467,23.174360114238024,22.7227835109279,785171.85,0.6708425078434144
BAT,2025-12-24,22.93,632245,23.16477736466006,22.72484536654056,772699.85,0.7050298099846618
BAT,2025-12-25,23.03,747930,23.159491977810646,22.727881731052598,770363.85,0.7111657547781738
BAT,2025-12-26,23.13,821237,23.158335429661207,22.731882907858047,790208.75,0.7209951913390596
BAT,2025-12-27,23.78,1123648,23.182714432419594,22.742311933650505,799412.5,0.7285006429737495
BAT,2025-12-28,23.73,466475,23.204176611540394,22.752139675604234,773007.0,0.7339185248369742
BAT,2025-12-29,23.25,907418,23.20597360716626,22.757093509677823,793694.15,0.7296816444160983
BAT,2025-12-30,23.18,699610,23.204955034336212,22.76130153445715,776168.4,0.6780872622051068
BAT,2025-12-31,22.95,763244,23.194956797695575,22.76317913112922,778085.1,0.6299411275474945
BAT,2026-01-01,22.9,934829,23.18338986445261,22.76454053280953,772544.85,0.5790216502243746
BAT,2026-01-02,23.17,1018987,23.18286477172898,22.768574955368642,801909.55,0.45832410913127475
BAT,2026-01-03,23.03,520608,23.17687007479843,22.77117619959383,781138.6,0.41137083214351744
BAT,2026-01-04,23.4,591182,23.18562026794359,22.777433152831705,769070.25,0.42130047876376997
BAT,2026-01-05,22.65,512211,23.164615551553645,22.77616516126124,771287.65,0.4669195579822744
BAT,2026-01-06,22.81,562015,23.150709059335856,22.77650182632332,770387.9,0.4835514223140771
BAT,2026-01-07,23.6,483034,23.168328311910923,22.784695838001696,737868.9,0.5075372827749531
BAT,2026-01-08,23.24,461228,23.171138966345787,22.78922622767332,721906.8,0.5032995525136388
BAT,2026-01-09,22.97,591117,23.163251163743993,22.79102497167657,714935.15,0.5112541141455571
BAT,2026-01-10,23.12,647782,23.1615550396756,22.794298355042972,698342.25,0.44339102877211206
BAT,2026-01-11,23.28,417185,23.16619994008048,22.7991312072316,669372.6,0.37105451896445396
BAT,2026-01-12,23.44,588664,23.176937197332226,22.805508011139747,674532.45,0.3906967571454146
BAT,2026-01-13,22.7,890166,23.158233777829004,22.804458180183133,687428.5,0.42475332207690863
BAT,2026-01-14,22.69,523620,23.139871668894536,22.803319292818127,676213.0,0.45153036479250747
BAT,2026-01-15,22.77,781344,23.12536689756534,22.802987757566207,674218.35,0.4629363103846052
BAT,2026-01-16,22.96,794740,23.11888192119023,22.804550068436196,657772.95,0.46212243275686826
BAT,2026-01-17,23.28,1045611,23.12520027722199,22.809280913526383,686729.75,0.47129424909577833
BAT,2026-01-18,23.64,853514,23.145388501644657,22.817546775083336,684034.55,0.5091229530463802
BAT,2026-01-19,23.33,642446,23.152628168246828,22.822645812147183,681176.35,0.4814568379545293
BAT,2026-01-20,23.06,478159,23.148995691060676,22.82500754535965,666922.1,0.46269991224463886
BAT,2026-01-21,22.99,932121,23.142760565921044,22.826649261326224,666786.7,0.4225779400117815
BAT,2026-01-22,22.62,599513,23.1222601515712,22.824593049770744,645813.0,0.45975820807256185
BAT,2026-01-23,22.95,398887,23.115504851509584,22.825840880121287,639726.95,0.4605104967125079
BAT,2026-01-24,22.59,939406,23.094896818117054,22.823494204697198,657138.15,0.4960603029630627
BAT,2026-01-25,22.57,635343,23.07431262917129,22.820971874302202,663294.75,0.5133643876482604
BAT,2026-01-26,23.16,554493,23.077672918223392,22.82434528848825,662918.65,0.4802690695025622
BAT,2026-01-27,22.97,1142860,23.073450450842085,22.82579458910031,695909.95,0.46791271375362964
BAT,2026-01-28,22.31,667062,23.04351121747573,22.82066230463165,706201.65,0.5281857815013556
BAT,2026-01-29,22.37,1150679,23.01709901286884,22.816178102595515,734179.75,0.5732613465327557
BAT,2026-01-30,22.51,1080299,22.997212777070065,22.813131554310985,755805.6,0.5950229702833417
BAT,2026-01-31,22.47,3608824,22.976537766204572,22.809717309989484,915387.55,0.5898677445359505
BAT,2026-02-01,23.22,484709,22.986085304784787,22.81379972481546,910189.8,0.5076432293960202
BAT,2026-02-02,22.74,1126660,22.976434900675578,22.813065399195406,922014.5,0.45192582416744165
BAT,2026-02-03,23.04,565651,22.97892764966869,22.815323454924805,924116.05,0.44963309217893255
BAT,2026-02-04,23.16,391607,22.986028526152275,22.818753072288736,904629.2,0.46999532380181835
BAT,2026-02-05,23.1,831097,22.990497995714932,22.821551549181386,906447.05,0.4839296561359776
BAT,2026-02-06,22.89,873102,22.98655689784376,22.82223262829401,897821.6,0.48123981364983875
BAT,2026-02-07,23.01,557382,22.98747623518322,22.824100960350787,883015.0,0.48005150822534154
BAT,2026-02-08,23.09,626784,22.991496774979957,22.826746721939337,882231.9,0.47790407791970513
BAT,2026-02-09,23.34,394741,23.005163568117997,22.831853719730987,878061.0,0.5022865300221923
BAT,2026-02-10,22.94,1009177,23.002608134074155,22.832929802121726,881913.8,0.5014255776185397
BAT,2026-02-11,22.6,597337,22.986819579796737,22.83061209264788,881805.0,0.456789440997239
BAT,2026-02-12,22.63,588360,22.972826655098824,22.828615952422528,891278.65,0.4154423036864266
BAT,2026-02-13,23.28,533283,22.984872668624362,22.833107335980515,870972.5,0.4015774185345867
BAT,2026-02-14,23.41,588824,23.00154432867831,22.838847561493147,868646.55,0.37710234859871045
BAT,2026-02-15,23.05,539806,23.00344455108308,22.840948580781774,867912.2,0.3685052969037696
BAT,2026-02-16,22.67,758583,22.990368294177866,22.839247599878476,848698.35,0.3786400259227097
BAT,2026-02-17,23.01,563528,22.99113816499442,22.840946628735406,843521.65,0.37848817247475197
BAT,2026-02-18,23.36,990017,23.00560333499464,22.846111338897245,835488.55,0.399835817953648
BAT,2026-02-19,23.1,1039493,23.00930516499485,22.8486375942316,833448.25,0.399835817953648
BAT,2026-02-20,23.02,808860,23.00972457028917,22.85034269279646,693450.05,0.3954912441202787
BAT,2026-02-21,23.11,523797,23.013656940081752,22.852926347594504,695404.45,0.3963655281026768
BAT,2026-02-22,23.28,418321,23.0241017659609,22.857175836673168,659987.5,0.40738309858285915
BAT,2026-02-23,22.66,1118848,23.00982326533498,22.855213888049555,687647.35,0.41676738709385097
BAT,2026-02-24,22.78,674301,23.000810588263022,22.85446549115354,701782.05,0.42615389574322016
BAT,2026-02-25,22.96,2064604,22.99921017303702,22.85551558576893,763457.4,0.39108260559066776
BAT,2026-02-26,23.26,975744,23.009437225074787,22.859540306308546,768589.5,0.36202213671612643
BAT,2026-02-27,23.34,849111,23.022400471150284,22.864320999778112,783175.95,0.3688423007968653
BAT,2026-02-28,23.12,648417,23.026227903654195,22.86686506943206,784257.6,0.3400662508174498
BAT,2026-03-01,23.37,943321,23.039709162334425,22.871871387149152,811686.6,0.36324090634720435
BAT,2026-03-02,23.18,1012445,23.045210763811507,22.87493734349593,811850.0,0.31995900321173587
BAT,2026-03-03,23.55,610723,23.065006420132622,22.88165438485418,812519.3,0.36112632869220507
BAT,2026-03-04,23.61,659348,23.086378717382324,22.88890160490538,816068.7,0.3983613412992583
BAT,2026-03-05,23.66,684986,23.10887366964184,22.896574225752094,823653.85,0.4428051192413671
BAT,2026-03-06,24.06,444657,23.146172741420596,22.908150601615258,816445.5,0.5500304686865148
BAT,2026-03-07,23.84,959459,23.173381653521748,22.91742273493252,837428.15,0.5872473737889089
BAT,2026-03-08,23.62,1085823,23.19089609848168,22.924413553490403,853790.15,0.5976061448777096
BAT,2026-03-09,23.7,879919,23.21086095736475,22.932130831565125,869609.7,0.5288980094456784
BAT,2026-03-10,23.57,666996,23.224944841389664,22.938477788464976,853458.65,0.44910900803579934
BAT,2026-03-11,23.65,702353,23.24161367113909,22.945557611465325,836601.65,0.3898303730858079
BAT,2026-03-12,23.6,854718,23.255668036976772,22.95206947602786,838894.55,0.37127434985081353
BAT,2026-03-13,23.69,497235,23.272700662977684,22.95941206830619,837566.45,0.36141206581779095
BAT,2026-03-14,23.79,1001597,23.292986911488363,22.967676624840458,866730.25,0.30728181753012684
BAT,2026-03-15,23.72,542070,23.309732522802545,22.975162429568414,837891.35,0.2863631368627067
BAT,2026-03-16,23.42,888259,23.3140567375946,22.97958867405032,848589.25,0.2266805371752704
BAT,2026-03-17,22.99,710686,23.301348630237953,22.979692269333402,780893.35,0.3555702740390743
BAT,2026-03-18,22.87,494428,23.284432997679605,22.978600803966902,756827.55,0.47052110461711594
BAT,2026-03-19,23.05,1022159,23.275239546790207,22.979311243728425,765479.95,0.5149801287108394
BAT,2026-03-20,22.5,1113007,23.24483799593569,22.974541977621676,788709.45,0.6131105389463067
BAT,2026-03-21,22.76,778697,23.225824741193115,22.97240723157569,780478.25,0.640170070981311
BAT,2026-03-22,22.79,718914,23.208733574871818,22.97059223424658,765801.7,0.6660152953396568
BAT,2026-03-23,22.6,965218,23.184861669974886,22.966904749328705,783526.45,0.6949915012524851
BAT,2026-03-24,22.88,561365,23.17290631036803,22.966040025454788,778627.3,0.6888891559828518
BAT,2026-03-25,22.44,864589,23.14416488643203,22.960805796345788,787607.45,0.7118494716789978
BAT,2026-03-26,22.66,907045,23.12517802814058,22.957812703844834,810726.85,0.6921502568243236
BAT,2026-03-27,22.73,770286,23.10968085056644,22.95554591077175,801268.2,0.6337915731861374
BAT,2026-03-28,22.4,983475,23.0818502289756,22.950018090764072,796150.8,0.5519074068304286
BAT,2026-03-29,22.7,833670,23.066875710192246,22.947530348567415,793838.35,0.4029419626630223
BAT,2026-03-30,22.68,689617,23.05170411371412,22.944868355049334,794969.4,0.2899178076021503
BAT,2026-03-31,22.49,807180,23.029676501411608,22.940342301765263,800210.75,0.2777215480328459
BAT,2026-04-01,22.43,937279,23.006159775866056,22.935264268911876,804338.8,0.28219046058284347
BAT,2026-04-02,22.77,881413,22.996898608185035,22.93361984832569,823547.7,0.2313686583008957
BAT,2026-04-03,22.98,428460,22.996235917667978,22.934081342372203,794890.85,0.2623763445012679
BAT,2026-04-04,22.34,425320,22.970501175798645,22.92817008523417,789053.35,0.28875561932594174
BAT,2026-04-05,21.94,534102,22.93008936498301,22.91833754707264,771345.5,0.39228829945603416
BAT,2026-04-06,21.66,427369,22.880281938905245,22.905816775459975,757179.65,0.536218444088054
BAT,2026-04-07,22.16,4436640,22.85203558835994,22.898395713017585,954290.25,0.5271783692138972
BAT,2026-04-08,22.37,1210298,22.83313223195367,22.893138044231343,963697.2,0.5282852469999452
BAT,2026-04-09,22.53,973733,22.82124469344568,22.889524730358396,956733.5,0.521903742545986
BAT,2026-04-10,23.09,2226826,22.831784117232125,22.8915195091608,1029139.95,0.5737355902090435
BAT,2026-04-11,23.14,1134191,22.84387101459557,22.89399195185572,1049903.8,0.6324403285929552
BAT,2026-04-12,22.95,578870,22.84803293559182,22.894549245867108,1030586.4,0.6523820469363273
BAT,2026-04-13,22.53,571635,22.83556105576469,22.890921890186842,1031099.9,0.6494905019227828
BAT,2026-04-14,23.01,504598,22.84240179867588,22.892106747000906,1013100.35,0.6772070146265026
BAT,2026-04-15,23.12,427696,22.853288002649375,22.89437434155811,989132.9,0.7092614367877964
BAT,2026-04-16,22.86,823574,22.85355121823175,22.894032308308777,991797.3,0.7136013754729786
BAT,2026-04-17,22.55,440208,22.841647248889327,22.890609101260928,964633.95,0.696676667558833
BAT,2026-04-18,22.87,585312,22.842759121481905,22.89040403557674,952216.05,0.6962533169175471
BAT,2026-04-19,22.9,507885,22.845003861815947,22.89049951780981,943129.45,0.6360346766412353
BAT,2026-04-20,22.87,527482,22.845984102529048,22.890295542508223,929144.55,0.45391293278498823
BAT,2026-04-21,22.56,1004948,22.83476903968477,22.887009019697196,932528.0,0.3815866600405481
BAT,2026-04-22,22.42,1137127,22.81850358714811,22.88236216377981,945313.7,0.37199787308859666
BAT,2026-04-23,22.23,390850,22.79542501510309,22.875870997971056,943433.2,0.42704646271653135
BAT,2026-04-24,21.84,393441,22.757957367451986,22.86556382386189,941839.25,0.5521895726793811
BAT,2026-04-25,21.42,806453,22.705488451081322,22.851180104221473,955456.8,0.7214759939804732
BAT,2026-04-26,21.43,1021389,22.655469296136957,22.83703900865708,985157.8,0.8351890784147568
BAT,2026-04-27,21.54,418354,22.6117254021708,22.824133147874424,784243.5,0.9139090054976259
BAT,2026-04-28,21.41,747083,22.564598915811164,22.81006217127866,761082.75,0.9537312497256643
BAT,2026-04-29,22.13,419719,22.54755582107347,22.803295383504743,733382.05,0.884141183221383
BAT,2026-04-30,21.66,860736,22.512749710443135,22.791919310037034,665077.55,0.863599752759924
BAT,2026-05-01,21.9,546977,22.488720310033603,22.783044491031692,635716.85,0.8481550760132242
BAT,2026-05-02,21.62,896028,22.45465284689503,22.77147190903138,651574.75,0.7940469614091061
BAT,2026-05-03,21.44,637384,22.414862539173654,22.758223432324602,654862.2,0.7181337420206079
BAT,2026-05-04,21.24,597919,22.368789498421748,22.743116731505452,659528.25,0.6246396763532285
BAT,2026-05-05,21.25,1035047,22.324915400444425,22.7282598486049,689895.8,0.5564937575550482
BAT,2026-05-06,21.12,429862,22.27766381611327,22.712257263046645,670210.2,0.4986119469349895
BAT,2026-05-07,21.2,978708,22.235402489991184,22.697209927095933,697135.2,0.4360814522161596
BAT,2026-05-08,21.13,460504,22.192053372736627,22.681615798468115,690894.8,0.4371870937538903
BAT,2026-05-09,21.04,803502,22.146874809099895,22.66528131291122,705675.65,0.4691172736996926
BAT,2026-05-10,20.85,1145516,22.09601697344892,22.64721881228524,736577.35,0.5248104053259363
BAT,2026-05-11,20.72,746802,22.042055523509745,22.628042505695337,723670.05,0.5850919200817616
BAT,2026-05-12,21.02,1149899,22.001974914744657,22.612042082753096,724308.65,0.5973650935106272
BAT,2026-05-13,21.37,579034,21.977191584754674,22.59968345506401,733717.85,0.48329569134705386
BAT,2026-05-14,21.35,1143434,21.95259583633292,22.587248793819594,771217.5,0.4533024425209993
BAT,2026-05-15,21.56,753816,21.93719992118261,22.577027412786563,768585.65,0.38139222261659333
BAT,2026-05-16,21.83,579371,21.93299600270486,22.569594304201622,746484.75,0.42720854726590046
BAT,2026-05-17,21.63,938440,21.921113806520356,22.56024510714489,772489.05,0.45010026355540655
BAT,2026-05-18,21.85,722274,21.91832502979407,22.553177991650912,771248.6,0.512977732310143
BAT,2026-05-19,21.7,692282,21.909763263919793,22.544688658400656,784876.75,0.5394605822301801
BAT,2026-05-20,21.73,1063789,21.902713724158232,22.5365823035907,795029.4,0.5569989247724908
BAT,2026-05-21,21.4,671512,21.882999460465754,22.525273026938056,801256.15,0.5530787953321511
BAT,2026-05-22,21.05,1071063,21.850332814957294,22.510593693336684,810007.9,0.5599739986113533
BAT,2026-05-23,20.88,705864,21.81228054770407,22.49436888046766,813431.9,0.5793492939458132
BAT,2026-05-24,21.24,471306,21.789838173284302,22.481887598074948,807101.25,0.5405594629334904
BAT,2026-05-25,20.82,510712,21.75180530374374,22.465351403069228,780884.5,0.520519737092848
BAT,2026-05-26,21.18,1114155,21.729381566342028,22.452561836869535,815099.15,0.5046597428405282
BAT,2026-05-27,21.56,1091083,21.722739151975674,22.443680624562376,820717.9,0.5084851451685252
BAT,2026-05-28,21.73,436022,21.723023891113883,22.436579324815487,819493.8,0.5229685973804445
BAT,2026-05-29,22.16,1039911,21.740160209109415,22.433827291732744,831314.25,0.5968889122996784
BAT,2026-05-30,22.06,417220,21.752702946007084,22.43010761718814,794899.45,0.6264312184338299
BAT,2026-05-31,22.0,565174,21.76240086969308,22.425827939405174,785818.05,0.6566272463576763
BAT,2026-06-01,22.1,762513,21.775640051273747,22.422585870356368,766448.75,0.6850307805709143
BAT,2026-06-02,22.17,724028,21.79110514730223,22.42007257811402,773698.45,0.7281611643850632
BAT,2026-06-03,22.43,881511,21.816159847408024,22.420171358431293,760602.3,0.8037456953894546
BAT,2026-06-04,22.12,1065439,21.82807514750967,22.417184578745413,776183.45,0.8201892705713598
BAT,2026-06-05,22.16,471360,21.841091808391642,22.41462552821063,770782.9,0.7932276013052462
BAT,2026-06-06,22.44,588291,21.86457840414099,22.414878010516997,753275.45,0.7391085549795189
BAT,2026-06-07,22.13,512998,21.874987094174674,22.41204340344718,742811.65,0.6926144924594033
BAT,2026-06-08,22.25,392312,21.88969348263841,22.410431031273575,727813.15,0.5074398410724794
BAT,2026-06-09,22.3,422983,21.90578393429965,22.409332215041996,695772.85,0.3572369930882672
BAT,2026-06-10,22.62,511384,21.93379240746437,22.411428411907252,687766.45,0.32334893376508345
BAT,2026-06-11,22.35,446899,21.950114273838317,22.410817183928078,656558.25,0.25972433611276774
BAT,2026-06-12,22.54,423893,21.973247047413285,22.412102585083023,642459.7,0.2842507502381984
BAT,2026-06-13,22.27,598762,21.98488441810296,22.410688629012547,648832.5,0.27053975353309756
BAT,2026-06-14,22.05,1069154,21.987437970334216,22.407099687430335,676754.6,0.26229151846625115
BAT,2026-06-15,22.14,677038,21.993420795026992,22.404441979097697,654898.75,0.25797632781764523
BAT,2026-06-16,21.62,699492,21.978776842280837,22.39663658627086,635319.2,0.36985147003911817
BAT,2026-06-17,21.96,991051,21.978040495524723,22.392291943621398,663070.65,0.3769318371935343
BAT,2026-06-18,21.53,1117117,21.96047028001395,22.383711924281883,666930.95,0.4653481504195324
BAT,2026-06-19,22.03,510797,21.963196935699678,22.38019240264724,671609.8,0.46866905894582434
BAT,2026-06-20,22.34,960220,21.97797352645655,22.379792478242788,691362.1,0.4599356440886851
BAT,2026-06-21,22.34,761920,21.9921706430661,22.379396533185645,691332.45,0.46585263905945595
BAT,2026-06-22,22.13,883842,21.997575715887038,22.37691497564151,699323.15,0.4646409460983678
BAT,2026-06-23,22.3,932185,22.009435491734607,22.3761496525008,701856.85,0.4646409460983678
BAT,2026-06-24,21.88,741291,22.00435959009796,22.371212840038105,685649.45,0.43093114107896624
BAT,2026-06-25,21.75,864293,21.994384704211765,22.365031617749167,705296.1,0.4391156197090855
BAT,2026-06-26,21.85,626527,21.988722558948556,22.359906925035247,707207.9,0.3941761822298805
BAT,2026-06-27,21.9,3936444,21.98524324291136,22.35533073672644,878380.2,0.38017636161921564
BAT,2026-06-28,22.27,684412,21.996410174561895,22.35448167466946,892985.2,0.3963577305281315
BAT,2026-06-29,22.38,608656,22.01145291281437,22.35473558835434,902268.85,0.42160407967661084
BAT,2026-06-30,22.69,501200,22.038062602507924,22.358071552649324,901759.65,0.4621665712277443
BAT,2026-07-01,23.06,1041626,22.078138578880164,22.36505591530953,931496.0,0.5967532346597725
BAT,2026-07-02,23.47,1073993,22.132721379708396,22.37605038381391,964001.0,0.7265235034731469
BAT,2026-07-03,22.98,487804,22.165947992268855,22.382059832731187,958453.1,0.7613341384239075
BAT,2026-07-04,22.66,721425,22.18532258080733,22.384825406534855,941066.65,0.7690889429694124
BAT,2026-07-05,22.52,919522,22.19844718548155,22.386170427365354,953190.85,0.7698697620698307
BAT,2026-07-06,23.1,874148,22.23380219781561,22.393273209182613,961923.65,0.804674956559666
BAT,2026-07-07,22.85,543031,22.257966817509114,22.39781775436488,939522.65,0.8127882413487193
BAT,2026-07-08,23.34,1040288,22.300399491332286,22.407192702082643,935681.2,0.8227206274120394
BAT,2026-07-09,23.28,665216,22.33881519755455,22.415877351813165,943402.15,0.7661747605711802
BAT,2026-07-10,23.14,790380,22.370234209415155,22.423082552292637,934910.15,0.6762899761701213
BAT,2026-07-11,22.85,785841,22.389048554143972,22.4273304870957,936106.2,0.544165481658502
BAT,2026-07-12,22.37,487350,22.388301552020682,22.42676003448778,916281.6,0.525300149679025
BAT,2026-07-13,22.71,705504,22.400917177431637,22.42957834260233,904947.55,0.4830193498274714
BAT,2026-07-14,22.77,897379,22.41539101361079,22.43296562277544,912751.95,0.47716884840711404
BAT,2026-07-15,22.89,401381,22.434003130724093,22.43751322851897,889606.35,0.4743638018268016
BAT,2026-07-16,22.74,673061,22.446003007950598,22.440523047140672,891933.05,0.41543635208948515
BAT,2026-07-17,22.59,470200,22.45164994881528,22.442010380004945,718620.85,0.4270536999458219
BAT,2026-07-18,22.89,975449,22.468840146900956,22.4464679881641,733172.7,0.4198351324765396
BAT,2026-07-19,23.33,499376,22.50261112153229,22.455259351465948,727708.7,0.4317121866336105
BAT,2026-07-20,23.24,971912,22.53152833245259,22.463067716127977,751244.3,0.4453676404554976
BAT,2026-07-21,23.26,757732,22.560095848827,22.470997390594366,737049.6,0.462945656982272
BAT,2026-07-22,22.73,715274,22.566758756716137,22.473574530986465,719113.65,0.4396347447498541
BOC,2025-11-13,83.94,320276,83.94,83.94,320276.0,1.4212846301849642
BOC,2025-11-14,85.28,795040,83.99254901960785,83.95333333333333,557658.0,1.4212846301849642
BOC,2025-11-15,81.24,293688,83.8846059207997,83.92633499170813,469668.0,3.086697264067215
BOC,2025-11-16,83.0,821212,83.84991549253304,83.91711772810905,557554.0,2.5465712242150262
BOC,2025-11-17,83.79,744060,83.84756586537489,83.91585287509305,594855.2,2.2237468381090544
BOC,2025-11-18,85.04,306081,83.89432798830136,83.92703841862448,546726.1666666666,2.2145151839623987
BOC,2025-11-19,89.64,496731,84.11964845934837,83.9838838074939,539584.0,3.9205461536445583
BOC,2025-11-20,87.59,1179632,84.25574067662883,84.01976556065316,619590.0,3.9692019708896487
BOC,2025-11-21,86.01,725538,84.32453515989829,84.03956888840786,631362.0,3.7511956427251274
BOC,2025-11-22,87.19,369982,84.43690633009837,84.07091646165753,605224.0,3.6782930823956885
BOC,2025-11-23,87.2,841050,84.54526294460432,84.10205162124304,626662.7272727273,3.596830422873598
BOC,2025-11-24,90.3,772669,84.77093890756102,84.16372274938988,638829.9166666666,4.022003401743504
BOC,2025-11-25,91.31,719132,85.02737267589195,84.23482998571436,645007.0,4.470460740322991
BOC,2025-11-26,95.75,300517,85.44786786507267,84.34940879182665,620400.5714285715,5.7346734580383565
BOC,2025-11-27,95.21,304451,85.8306965762463,84.45747437598759,599337.2666666667,6.446888177278209
BOC,2025-11-28,97.94,554022,86.30557122031507,84.59162885980861,596505.0625,7.515383865303024
BOC,2025-11-29,97.94,367476,86.76182332932233,84.72444847314385,583032.7647058824,7.6434077122736195
BOC,2025-11-30,96.76,425787,87.15390868895675,84.84420520475436,574296.8888888889,7.498030373239489
BOC,2025-12-01,101.56,592486,87.71885344625257,85.01053152112496,575254.2105263158,7.97769290371183
BOC,2025-12-02,104.18,581688,88.36438860522307,85.20127250101426,575575.9,8.702036896833194
BOC,2025-12-03,110.24,446758,89.22225571874374,85.45041406816836,581900.0,10.798857082382117
BOC,2025-12-04,114.49,759637,90.21314765134203,85.73936517196769,580129.85,12.824065996450532
BOC,2025-12-05,112.55,2649860,91.08910264540704,86.00613765781875,697938.45,13.339973145268456
BOC,2025-12-06,114.14,410546,91.99305940441069,86.28607658659668,677405.15,13.666039950898744
BOC,2025-12-07,120.23,741184,93.1003904081593,86.6238270683221,677261.35,14.419881021746296
BOC,2025-12-08,119.34,437779,94.12939470587855,86.94936112734376,683846.25,14.675546884992965
BOC,2025-12-09,118.71,866339,95.09334001153037,87.26538738478312,702326.65,14.32040830270018
BOC,2025-12-10,117.55,668552,95.97399334441154,87.56672681379027,676772.65,13.99989817466896
BOC,2025-12-11,117.81,507626,96.83030733090521,87.86765490519535,665877.05,13.156242219595217
BOC,2025-12-12,116.68,346477,97.60872665126188,88.15434490613868,664701.8,12.235250371298172
BOC,2025-12-13,115.58,796160,98.31348246885945,88.42723699662487,662457.3,10.788727633787234
BOC,2025-12-14,110.94,745892,98.80864001910025,88.65124458869825,661118.45,8.35241002924926
BOC,2025-12-15,109.99,575174,99.24712472423357,88.86357051318882,653920.55,6.730519233190853
BOC,2025-12-16,115.02,318171,99.86566885269501,89.1238334931571,654803.25,5.060995441870866
BOC,2025-12-17,111.72,840274,100.33054458396187,89.34867097083712,681594.4,4.83812550262198
BOC,2025-12-18,111.58,305679,100.77169969831631,89.56987822485864,669177.25,5.062005042959299
BOC,2025-12-19,107.87,623908,101.0500644160294,89.75196898879041,681998.85,5.772853532880273
BOC,2025-12-20,107.55,579450,101.30496385069492,89.92906382472285,689682.0,6.4656320603295105
BOC,2025-12-21,109.97,329693,101.64476918988335,90.12847612497437,676542.35,6.144562156362897
BOC,2025-12-22,107.75,349127,101.88419000596635,90.30381467099453,664914.3,6.02410651803733
BOC,2025-12-23,107.1,536937,102.08873157435983,90.47094089317369,669423.25,5.836412051240788
BOC,2025-12-24,101.51,289273,102.06603621850259,90.58078227732122,645905.05,6.651635767171971
BOC,2025-12-25,99.35,316000,101.95952499424759,90.66803817505932,529212.05,7.35920423351262
BOC,2025-12-26,101.34,344995,101.93522989643395,90.77422684993437,525934.5,7.3282156145549635
BOC,2025-12-27,104.01,312233,102.01659342990713,90.9059260852584,504486.95,6.809290881412904
BOC,2025-12-28,102.77,537755,102.04613878559705,91.02397657197224,509485.75,6.892515021686677
BOC,2025-12-29,105.74,518910,102.19099608812266,91.17040466578347,492114.3,6.779493076449526
BOC,2025-12-30,103.45,547325,102.24036879054923,91.29258969398462,486052.95,5.831395288992528
BOC,2025-12-31,105.76,599539,102.37839354386102,91.43654402538776,490648.6,5.251260719898832
BOC,2026-01-01,101.28,399478,102.33531928723902,91.53448886095605,493298.65,4.7571043026356525
BOC,2026-01-02,99.61,557532,102.22844402107279,91.61484220562316,481367.25,4.945700055448405
BOC,2026-01-03,101.87,435825,102.21438739279543,91.7168835767115,465863.9,4.778310845159393
BOC,2026-01-04,98.72,745195,102.07735259307798,91.78656632719199,474364.95,4.321476968215157
BOC,2026-01-05,99.37,307208,101.97118190315335,91.86202337866273,473816.8,3.9776939865392293
BOC,2026-01-06,103.2,553192,102.01937084812774,91.97483906643723,459462.7,3.428652299870534
BOC,2026-01-07,105.52,585384,102.15665042271097,92.1096167871692,473447.95,3.6961850134763345
BOC,2026-01-08,107.02,408289,102.34737001397721,92.25797880918742,462667.0,3.914588522016606
BOC,2026-01-09,99.71,728933,102.24394373891928,92.33212827377262,470141.15,4.073490029014972
BOC,2026-01-10,98.41,335428,102.09359300405971,92.39260460935698,470427.9,4.3733033915960995
BOC,2026-01-11,98.37,747786,101.94756974899855,92.45208118040816,490360.85,4.6418085861601766
BOC,2026-01-12,99.13,419332,101.83707681766528,92.51852813383694,484480.6,4.473905108859354
BOC,2026-01-13,102.28,616092,101.85444635422743,92.61565720713209,500821.55,4.411148230199492
BOC,2026-01-14,98.55,2284698,101.7248602226891,92.67470539412581,599256.45,4.12881791347575
BOC,2026-01-15,98.35,549889,101.59251276297582,92.73117598721909,609501.15,4.251272934773178
BOC,2026-01-16,101.11,458626,101.57359069383952,92.81454737043084,616820.8,4.225809971778583
BOC,2026-01-17,100.93,1492336,101.54835184310072,92.89529814286438,664549.85,4.202480772455483
BOC,2026-01-18,103.94,714649,101.6421419669007,93.00519567378116,674336.8,4.283696619833167
BOC,2026-01-19,103.21,541241,101.7036265956497,93.10673601533558,674032.6,4.2864662595786704
BOC,2026-01-20,101.56,589563,101.69799418013403,93.19084809478498,673533.8,4.217757154233608
BOC,2026-01-21,99.73,503072,101.62081793777584,93.25591428289658,678713.5,3.8345372372917064
BOC,2026-01-22,94.97,767003,101.36000154805913,93.27296986217124,689187.05,3.524620332604906
BOC,2026-01-23,96.03,592636,101.1509818795078,93.30040299787103,697027.6,3.8718946614327883
BOC,2026-01-24,96.81,551551,100.98074729599769,93.33532436107629,687345.4,4.018447451141222
BOC,2026-01-25,96.63,690368,100.81012975497816,93.36810720325464,706503.4,4.171313879106074
BOC,2026-01-26,94.95,819382,100.58032074497902,93.38384743008793,719812.9,4.557088564129481
BOC,2026-01-27,96.78,491048,100.43128855890141,93.41763999297264,715096.1,4.449585870963499
BOC,2026-01-28,103.79,2727912,100.56300273306215,93.52084755523161,831077.25,4.869582662015177
BOC,2026-01-29,108.85,459514,100.8879830180401,93.67337643527907,817606.3,6.192314460613392
BOC,2026-01-30,104.94,769239,101.04688564478363,93.78548214239072,839296.85,6.49931530628806
BOC,2026-01-31,109.49,352915,101.3779881685176,93.94174600167042,819553.3,7.490829888442477
BOC,2026-02-01,108.01,641583,101.63806706386985,94.08172862851949,830665.85,7.946711402547931
BOC,2026-02-02,113.63,349032,102.1083389437181,94.27623879141979,817312.85,9.387248548014394
BOC,2026-02-03,117.54,498189,102.71350212239582,94.50771900245044,727987.4,11.289361087490148
BOC,2026-02-04,115.19,306686,103.20277654896854,94.71351284322209,715827.25,12.1780697835842
BOC,2026-02-05,117.81,756161,103.77560884116586,94.94332863582686,730704.0,12.64289211440498
BOC,2026-02-06,113.59,549665,104.16048692582602,95.12886765437585,683570.45,12.261264707413943
BOC,2026-02-07,109.99,308867,104.38909528167598,95.2767396180139,663281.35,11.478828439138061
BOC,2026-02-08,111.64,814315,104.67344448631614,95.43955812927746,676935.05,10.449744646966877
BOC,2026-02-09,115.15,854412,105.08428980057826,95.63568192898614,690177.5,8.742608714957832
BOC,2026-02-10,117.45,543324,105.5692196123203,95.85273982024002,692190.1,6.873008932462813
BOC,2026-02-11,116.2,335961,105.98611296085676,96.05520012053614,670638.0,6.08330913237189
BOC,2026-02-12,111.4,801193,106.19842225650945,96.2078846964512,681065.85,5.877704159050359
BOC,2026-02-13,109.07,361577,106.31103314841104,96.33586594325268,671567.15,5.075719675058839
BOC,2026-02-14,104.18,475970,106.22746322102239,96.41391702839445,660847.25,6.106739532662206
BOC,2026-02-15,99.66,525866,105.96991564372739,96.44621636144525,646171.45,7.917276317377937
BOC,2026-02-16,102.2,509139,105.8220758145616,96.50346793993835,647076.0,8.860155353300229
BOC,2026-02-17,101.1,539532,105.63689637085331,96.5492045773519,537657.0,9.359240842523025
BOC,2026-02-18,104.09,324702,105.57623376807474,96.624237367627,530916.4,9.419454623919979
BOC,2026-02-19,108.17,547377,105.67795009089534,96.73912057789939,519823.3,8.721108605114226
BOC,2026-02-20,108.41,602468,105.78508930301709,96.85524873135313,532300.95,8.477595173018232
BOC,2026-02-21,107.08,468226,105.83587011466348,96.95698754994665,523633.1,8.468105481130952
BOC,2026-02-22,107.72,614115,105.90975756114726,97.06408220119096,536887.25,8.343112017219218
BOC,2026-02-23,107.78,600960,105.98310040188659,97.1707082489403,542025.8,7.750767889997416
BOC,2026-02-24,110.57,427720,106.1629788174989,97.3040345350205,548077.5,6.625862633036375
BOC,2026-02-25,116.49,684741,106.56796004034207,97.49493966402527,544506.5,6.696399270265532
BOC,2026-02-26,119.47,586305,107.07392239170122,97.71359698080113,546338.5,8.222861933604408
BOC,2026-02-27,117.8,308988,107.49455288614432,97.91346168745982,546344.55,9.186658057407808
BOC,2026-02-28,111.08,433251,107.63515865531514,98.04447201892789,527291.35,9.080656714887196
BOC,2026-03-01,113.11,599744,107.84985831589103,98.19437776998333,514557.95,8.336884819224178
BOC,2026-03-02,113.24,681827,108.0612364211502,98.3440854538641,521483.1,7.786494092160629
BOC,2026-03-03,117.12,665322,108.41648205169334,98.53091047422366,537951.15,7.07821880532409
BOC,2026-03-04,122.91,322844,108.9848553045681,98.77348847945527,514033.7,7.63058565904346
BOC,2026-03-05,131.29,828637,109.8595668612517,99.09703585776916,537386.7,10.299442752716445
BOC,2026-03-06,129.91,421949,110.64585835688888,99.40363251590081,534685.65,11.596389127513065
BOC,2026-03-07,128.69,816112,111.35347175465795,99.69503915753364,549197.95,11.914891527407637
BOC,2026-03-08,127.62,533354,111.99137482310273,99.97289946442386,550408.7,11.71184522956648
BOC,2026-03-09,128.54,492759,112.6403405163144,100.25714922099677,548070.05,11.191450720562099
BOC,2026-03-10,130.65,2415846,113.34660167253736,100.55956564665848,652627.25,10.982322759180509
BOC,2026-03-11,137.44,823102,114.29144082263394,100.92653514271163,666413.5,12.297668818890921
BOC,2026-03-12,141.32,1760228,115.35138431978557,101.32846016616725,724301.5,14.055275045099897
BOC,2026-03-13,153.09,598138,116.83133003273515,101.84350036351881,730797.1,17.581808628319752
BOC,2026-03-14,150.88,539076,118.16657199223575,102.33142573303604,727045.15,18.34357839324795
BOC,2026-03-15,150.71,585080,119.44278485528532,102.81280458146355,726251.15,18.39747444817987
BOC,2026-03-16,153.68,673584,120.78542074331335,103.31894582940919,738544.35,17.979953706898165
BOC,2026-03-17,143.68,759106,121.68324738083048,103.72054835846978,742262.6,16.222536255313123
BOC,2026-03-18,143.01,788999,122.51959062079791,104.11148817579844,752397.3,14.9632710079797
BOC,2026-03-19,145.92,447616,123.4372537337078,104.52749326857658,759328.7,14.75200466913721
BOC,2026-03-20,145.26,500165,124.29304770493496,104.9327918430186,762674.4,14.139516157575343
BOC,2026-03-21,148.38,1419936,125.23763406944731,105.3651023719438,803684.0,13.2352749818868
BOC,2026-03-22,144.23,838053,125.98243273339055,105.75181777122795,811495.3,11.481753830164129
BOC,2026-03-23,142.74,839995,126.6395922340419,106.1198593854446,820228.95,9.379119644305812
BOC,2026-03-24,141.43,593875,127.21960822486379,106.4712040681765,833780.5,7.268616464101223
BOC,2026-03-25,143.38,426466,127.8533490787907,106.83845576899067,813671.95,6.4210749010287245
BOC,2026-03-26,145.98,394963,128.5641981345244,107.22792387079177,812322.65,6.061645374224965
BOC,2026-03-27,143.26,806466,129.14050409003323,107.58645199148042,811840.35,5.493853358552652
BOC,2026-03-28,139.54,482833,129.54832745905154,107.90439774280897,809314.3,5.593240229396688
BOC,2026-03-29,140.81,451899,129.98996167634363,108.23181667074122,807271.3,5.268960893867391
BOC,2026-03-30,145.8,805679,130.6099631792321,108.60562944018659,726762.95,3.517096939114075
BOC,2026-03-31,145.74,653792,131.2032979565171,108.97512566466234,718297.45,3.599333729554414
BOC,2026-04-01,148.68,849310,131.88865882096744,109.37019904113338,672751.55,4.031355282295632
BOC,2026-04-02,149.28,482810,132.57067220053733,109.76731148848529,666985.15,4.4577446035584565
BOC,2026-04-03,160.29,694039,133.65770466326137,110.27002480700783,674733.3,7.718153105675144
BOC,2026-04-04,161.22,404536,134.73857899019228,110.77698973430128,665706.1,9.902537886492151
BOC,2026-04-05,157.34,740478,135.624909225871,111.24030326928336,669050.8,10.720718214675157
BOC,2026-04-06,152.9,654677,136.30236376603293,111.65482761486264,663829.35,10.707940112647734
BOC,2026-04-07,162.38,475238,137.32501616736496,112.15955569829686,648141.3,11.647406092402097
BOC,2026-04-08,159.85,658453,138.208348866684,112.6340874823934,658683.15,11.954099628979487
BOC,2026-04-09,151.39,645484,138.72527636210816,113.01971845271785,665949.1,11.761283289479586
BOC,2026-04-10,152.51,1430655,139.26585375967255,113.41265657756644,666485.05,11.237054804832997
BOC,2026-04-11,148.68,1791360,139.6350359651756,113.76357541759066,714150.4,10.016830925283777
BOC,2026-04-12,155.39,646594,140.25287769203146,114.17776869701761,704480.35,8.65033586497833
BOC,2026-04-13,157.47,2611280,140.92805895901063,114.60853716769407,805350.6,8.05629202603771
BOC,2026-04-14,147.39,819282,141.18146841159844,114.93472087746827,824991.4,7.767443759368503
BOC,2026-04-15,146.95,594390,141.4076853366338,115.25328086873724,834962.75,8.02341449881457
BOC,2026-04-16,150.28,716344,141.7556192450011,115.60180543720752,830456.65,7.92009989947034
BOC,2026-04-17,140.73,797472,141.71539888245206,115.85183722390198,846188.6,9.247510862003056
BOC,2026-04-18,140.83,375148,141.68067735765004,116.1003761569975,842351.05,9.775819890575619
BOC,2026-04-19,139.73,827018,141.60418020636965,116.33549679225126,843418.0,10.542875804057768
BOC,2026-04-20,139.39,824518,141.51734961004144,116.56489483411941,851954.3,11.361708736457478
BOC,2026-04-21,139.16,675826,141.42490452729473,116.78972175119286,843280.1,10.592345781193007
BOC,2026-04-22,127.82,790084,140.89137885955768,116.89947576361881,858643.8,11.996309803481394
BOC,2026-04-23,124.8,324821,140.260344394477,116.97808794507534,840182.9,14.275902990050149
BOC,2026-04-24,120.75,388681,139.49523284959557,117.01561940830842,839390.15,16.38693387384343
BOC,2026-04-25,121.31,773755,138.78208646333692,117.05834956344964,841054.0,17.882878437455
BOC,2026-04-26,124.38,647071,138.21729875889233,117.13120180659939,840673.7,17.407175848381723
BOC,2026-04-27,122.96,628100,137.61897331736714,117.18919979857354,848316.8,15.888116230775637
BOC,2026-04-28,130.1,374656,137.32411161864684,117.31766547221957,834126.95,14.993927933087965
BOC,2026-04-29,129.11,524151,137.00198959438617,117.43500213418754,828060.3,13.892177264502102
BOC,2026-04-30,126.12,838929,136.57524490441025,117.52142002339961,798474.0,11.65875363840815
BOC,2026-05-01,129.67,598744,136.30445098659027,117.6423014162016,738843.2,10.792241776152952
BOC,2026-05-02,135.04,344196,136.25486467339064,117.81541284489612,723723.3,9.980001926930383
BOC,2026-05-03,137.96,717492,136.32173272541453,118.01585649818074,629033.9,9.68089285144168
BOC,2026-05-04,138.73,801113,136.41617457931986,118.22196737879587,628125.45,9.56336327712826
BOC,2026-05-05,142.22,404095,136.64377557620926,118.46075377303671,618610.7,10.177428787801219
BOC,2026-05-06,142.8,539513,136.88519614184813,118.70293532753387,609769.15,11.475401576683497
BOC,2026-05-07,146.12,625933,137.24734531275604,118.97574194119025,601192.2,12.775906953676825
BOC,2026-05-08,142.7,327768,137.46117490833424,119.21180421043215,598823.2,12.47293723173538
BOC,2026-05-09,139.79,642624,137.5525013825172,119.41656237749254,589603.5,11.5056832827171
BOC,2026-05-10,143.31,885750,137.77828564202633,119.65430802547769,592665.1,11.020835443541696
BOC,2026-05-11,146.75,320353,138.13011757763314,119.92391690084608,574891.45,10.172803270172176
BOC,2026-05-12,141.99,734154,138.28148551576518,120.14347991675807,572094.95,9.703419988747356
BOC,2026-05-13,140.57,573999,138.3712311818136,120.34672887281023,584553.85,8.77928938555877
BOC,2026-05-14,147.11,741321,138.71392799821308,120.6130300780559,602185.85,7.089980858326042
BOC,2026-05-15,145.15,710970,138.96632297867532,120.85717903250311,599046.6,5.270445901439611
BOC,2026-05-16,148.02,606651,139.32136913637433,121.12745585805035,597025.6,4.781641919942503
BOC,2026-05-17,147.4,630373,139.63817818984984,121.3888742077215,597139.25,4.520177291573316
BOC,2026-05-18,144.19,522878,139.81668100593416,121.61575108127651,604550.35,3.964057611495482
BOC,2026-05-19,139.4,448476,139.8003405743289,121.79270878196033,600766.6,4.3447886555666715
BOC,2026-05-20,139.3,301477,139.78071937533562,121.9669106846274,573894.0,4.715846444946009
BOC,2026-05-21,141.8,426921,139.85990685081265,122.16425485691965,565302.85,4.64969796963128
BOC,2026-05-22,148.65,313536,140.20461638607492,122.42779460958712,563769.85,5.08775999686665
BOC,2026-05-23,150.57,564924,140.61110201799355,122.70781655377033,556141.45,5.434784145556634
BOC,2026-05-24,142.89,510463,140.70047056630753,122.90863429950396,541608.95,5.454429556398801
BOC,2026-05-25,143.69,348993,140.8177070146876,123.11541405771786,538853.85,5.378863050848447
BOC,2026-05-26,142.74,556253,140.8930910533273,123.31068356958137,539690.85,5.33038738464027
BOC,2026-05-27,144.46,477173,141.03296983554978,123.52112452908803,532252.85,5.069445113988204
BOC,2026-05-28,145.36,336515,141.20265729297918,123.7384267725797,532690.2,4.971212291620041
BOC,2026-05-29,146.0,834168,141.39078837952903,123.95993496389733,542267.4,5.000728696900339
BOC,2026-05-30,147.0,395789,141.61075746268475,124.18918934236602,517769.35,4.8957876741697
BOC,2026-05-31,150.58,785248,141.96249246414808,124.45178447328776,541014.1,5.361976593991077
BOC,2026-06-01,150.94,528006,142.31455158320108,124.7153488068869,530706.7,5.89433454007597
BOC,2026-06-02,148.67,609191,142.5637848544481,124.95370354512684,532466.3,5.459814896935105
BOC,2026-06-03,159.23,541078,143.21736191897955,125.29476122129475,522454.15,6.934627397550722
BOC,2026-06-04,157.35,362679,143.77158302019603,125.61371882108287,505039.6,7.563019494463239
BOC,2026-06-05,150.46,412549,144.03387388214915,125.86094549948005,495334.5,7.606490360501374
BOC,2026-06-06,150.43,573695,144.284702357359,126.10541370346533,492500.6,7.600314734663215
BOC,2026-06-07,146.58,455732,144.37471402961944,126.30914093029654,489143.3,7.260468351753767
BOC,2026-06-08,153.49,1363818,144.73217622453635,126.57959723944782,534910.4,7.123513118423878
BOC,2026-06-09,158.08,557579,145.25562029416236,126.8930340828364,547715.5,7.249649982078015
BOC,2026-06-10,157.74,487942,145.74520381203834,127.19996906708678,550766.55,7.25259336905981
BOC,2026-06-11,163.41,830894,146.4379409174486,127.56026788233966,576634.45,8.135841034623752
BOC,2026-06-12,164.7,483623,147.15410009715652,127.92981745564971,572569.4,8.833106431532379
BOC,2026-06-13,157.9,637163,147.57550793648372,128.22802822723528,578904.4,8.365991300471842
BOC,2026-06-14,156.93,565027,147.94235076250396,128.51361998616827,589706.1,8.174582230479286
BOC,2026-06-15,160.54,797202,148.43637622279792,128.8322904340671,601753.55,8.169499233110402
BOC,2026-06-16,159.62,807936,148.8749497042568,129.13863580288236,618291.7,7.603842652036866
BOC,2026-06-17,157.22,450681,149.2022065785997,129.41805236205767,624000.0,7.539205850926819
BOC,2026-06-18,153.14,1091904,149.35662985002716,129.65409164203717,636886.8,7.668673395598693
BOC,2026-06-19,151.52,564969,149.44146789512413,129.8716628694796,645345.8,7.536102010754307
BOC,2026-06-20,159.11,692394,149.82062601688398,130.16259159714645,640703.1,7.113299762873476
BOC,2026-06-21,179.45,333799,150.982562251516,130.65301357130417,630992.75,10.201565147371198
BOC,2026-06-22,182.47,427714,152.2173637318487,131.16860547606734,621918.9,13.374012713895763
BOC,2026-06-23,178.8,766562,153.25982005608992,131.6425497001861,633193.1,14.930080655480047
BOC,2026-06-24,175.1,612431,154.11629770094916,132.07496214098026,645680.7,15.475693122116054
BOC,2026-06-25,170.08,583506,154.7423252420884,132.45312172166703,654228.55,15.64097287311768
BOC,2026-06-26,174.62,383653,155.5218418992614,132.87269264980966,644726.45,16.13270071679271
BOC,2026-06-27,179.03,326158,156.44373045223156,133.3319693398613,638247.75,16.63407097406865
BOC,2026-06-28,183.41,863408,157.50123121881072,133.83025820215124,613227.25,17.24304818113517
BOC,2026-06-29,187.26,709414,158.66824175924953,134.3618974240204,620819.0,18.304812993003218
BOC,2026-06-30,190.01,685431,159.89733031771033,134.91560988746298,630693.45,19.135383800353843
BOC,2026-07-01,191.11,445598,161.1213565797609,135.47475804778674,611428.65,19.13855831621366
BOC,2026-07-02,203.79,317488,162.79463671388794,136.15451169905256,603121.9,19.721064183443815
BOC,2026-07-03,197.56,700275,164.15798429373547,136.7655115826441,606277.5,17.085375180398785
BOC,2026-07-04,197.22,854126,165.45453392927527,137.36704878082676,620732.45,14.825087036233988
BOC,2026-07-05,200.66,830110,166.83514044185273,137.9968293899728,622377.85,15.855040779888107
BOC,2026-07-06,198.57,567026,168.07964473825066,138.59954750549545,610332.35,16.447911688148956
BOC,2026-07-07,200.92,546403,169.36750180733887,139.2196515104159,615118.45,16.7732226748812
BOC,2026-07-08,206.42,783080,170.82054095214912,139.8883116943919,599677.25,16.90291661548216
BOC,2026-07-09,203.24,655985,172.09189228735895,140.51867675215914,604228.05,14.725414115710869
BOC,2026-07-10,200.6,428990,173.20985729569782,141.11650086407795,591057.85,12.346178324924185
BOC,2026-07-11,196.11,549835,174.10790210763125,141.66369986045527,601859.65,10.037656599030477
BOC,2026-07-12,185.63,1619476,174.5597490838026,142.10117548373432,661447.75,9.548020679761812
BOC,2026-07-13,179.5,303387,174.75348441384955,142.47330309086135,638289.0,11.279039005127188
BOC,2026-07-14,173.09,1187654,174.6882497309535,142.77794684120107,667050.15,14.538937564160722
BOC,2026-07-15,176.18,817181,174.74674974150435,143.1103055790996,678733.9,16.39939517864399
BOC,2026-07-16,165.05,518016,174.36648504575908,143.32861099622298,685452.05,19.549864214279268
BOC,2026-07-17,166.94,376255,174.07525033808224,143.5635501902904,687956.9,21.643931886329057
BOC,2026-07-18,165.96,593667,173.75700522678488,143.78640043715322,674469.85,23.232589147339134
BOC,2026-07-19,166.72,530095,173.4810442374992,144.01459545767906,665503.9,23.7724604408575
BOC,2026-07-20,170.7,800931,173.37198367916588,144.2801218710355,671278.9,23.570212610995206
BOC,2026-07-21,175.0,551644,173.4358274564535,144.58579230017943,676581.2,22.351298398749307
BOC,2026-07-22,180.07,784431,173.69599108561218,144.93886899371,699928.35,19.42794463022238
CARB,2025-11-13,117.16,209965,117.16,117.16,209965.0,0.6682159082212825
CARB,2025-11-14,116.53,238299,117.13529411764705,117.15373134328358,224132.0,0.6682159082212825
CARB,2025-11-15,113.25,242702,116.9829296424452,117.11488824534047,230322.0,3.1490117497399037
CARB,2025-11-16,114.07,524337,116.86869710744735,117.08459084986445,303825.75,2.830045273489452
CARB,2025-11-17,112.72,284937,116.70600310323373,117.0411620851892,300048.0,2.982107895432354
CARB,2025-11-18,111.12,206204,116.48694415800888,116.98224504951568,284407.3333333333,3.4705658760496054
CARB,2025-11-19,112.34,155646,116.3243188969105,116.93605355648569,266012.85714285716,3.328770686862381
CARB,2025-11-20,110.58,211800,116.09905148918853,116.8728092424908,259236.25,3.5452120000078926
CARB,2025-11-21,111.49,190979,115.91830437196545,116.81924895152075,251652.11111111112,3.4610403060351627
CARB,2025-11-22,115.25,235025,115.89209635737856,116.8036345340927,249989.4,3.3980615797833873
CARB,2025-11-23,116.6,203217,115.9198572845402,116.80160831982312,245737.36363636365,3.524266461394349
CARB,2025-11-24,120.43,134154,116.09672562632294,116.83771171962589,236438.75,4.437334119818907
CARB,2025-11-25,123.73,228269,116.39606971940832,116.90629170251518,235810.3076923077,5.784140368947853
CARB,2025-11-26,120.53,172182,116.5581846323727,116.94234850149513,231265.42857142858,5.980021683962294
CARB,2025-11-27,122.79,151851,116.80256954875024,117.00053408854494,225971.13333333333,6.652588410156225
CARB,2025-11-28,121.0,248555,116.96717466448554,117.04032976925593,227382.625,6.969380401930508
CARB,2025-11-29,123.0,219231,117.203756050192,117.09962997055688,226903.11764705883,7.356009737503177
CARB,2025-11-30,122.33,167742,117.40478522469428,117.15167345343691,223616.38888888888,7.5616417140782115
CARB,2025-12-01,127.33,247420,117.79400933352981,117.25295033449724,224869.2105263158,8.228185945640973
CARB,2025-12-02,125.74,110978,118.1056168106463,117.33739858987539,219174.65,8.05480339252966
CARB,2025-12-03,127.19,259036,118.46186713179742,117.43543442480201,221628.2,7.966455678118606
CARB,2025-12-04,131.2,105122,118.96140175407987,117.57239527629652,214969.35,7.7773375077072995
CARB,2025-12-05,127.71,147361,119.3044840382336,117.6732669650896,210202.3,6.59657475429564
CARB,2025-12-06,129.2,215881,119.69254348771463,117.78796082613349,194779.5,6.032456035826158
CARB,2025-12-07,130.3,162133,120.10852217447092,117.91245872836103,188639.3,5.524511414924047
CARB,2025-12-08,131.64,261167,120.56073699115834,118.0490511788251,191387.45,5.6829131908876285
CARB,2025-12-09,131.39,193573,120.98541397189723,118.18179693823978,193283.8,5.980403816440168
CARB,2025-12-10,133.46,286222,121.47461342397969,118.33381885925233,197004.9,5.983476836668208
CARB,2025-12-11,136.07,183444,122.04698152500009,118.51029827358813,196628.15,6.536835230841057
CARB,2025-12-12,135.26,235285,122.56513911225498,118.67696197235841,196641.15,6.236797572155449
CARB,2025-12-13,134.46,164147,123.03160424510773,118.8340071268623,194687.65,5.878253412946188
CARB,2025-12-14,135.37,239011,123.51546290216234,118.9985443693811,199930.5,5.118910802328781
CARB,2025-12-15,133.17,149260,123.89407220011675,119.13955387814347,195980.05,4.891877041485358
CARB,2025-12-16,135.15,521108,124.33548113344551,119.298861799754,213426.35,4.373719482932723
CARB,2025-12-17,129.16,291732,124.52467795174177,119.3969825778659,220420.4,4.037226498748677
CARB,2025-12-18,127.78,122296,124.65233763990877,119.48039568654386,214107.45,4.426569567042721
CARB,2025-12-19,124.81,502270,124.6585204775594,119.53342657523497,228259.4,5.040301207639963
CARB,2025-12-20,125.13,237163,124.6770098705963,119.58911387299383,231730.45,5.65094051541792
CARB,2025-12-21,128.37,148582,124.82183301292585,119.6764858742576,226788.55,5.782392514073539
CARB,2025-12-22,129.1,287647,124.98960426732091,119.77025218396648,235622.0,5.862051829210667
CARB,2025-12-23,129.01,228400,125.14726684507305,119.86218997318075,234090.2,5.935326583125153
CARB,2025-12-24,128.7,143084,125.28658971389372,119.95012838140781,235988.3,5.923417162341454
CARB,2025-12-25,134.56,760220,125.65025286236848,120.09550023830923,266631.25,5.719389916458216
CARB,2025-12-26,132.94,227389,125.93612529913835,120.22330620608724,267206.65,5.470613514522399
CARB,2025-12-27,135.92,740463,126.32764979721136,120.37949221398688,296123.15,5.67854591016455
CARB,2025-12-28,135.79,216183,126.69872235418347,120.53283059991736,293873.95,5.741055836288739
CARB,2025-12-29,139.94,295633,127.2179881442155,120.72593676310227,298976.95,6.793322149300464
CARB,2025-12-30,145.07,286581,127.91806704052077,120.96816624804653,298994.9,8.696904811293713
CARB,2025-12-31,142.73,267994,128.4989271565788,121.18470190726994,303222.4,9.616008180330152
CARB,2026-01-01,140.69,249395,128.9770084445561,121.37878447535681,303927.9,9.82916416242342
CARB,2026-01-02,140.77,239565,129.43947870163234,121.57173189351248,307698.8,9.383880145942165
CARB,2026-01-03,135.46,146239,129.67557757607813,121.7099236159651,303060.2,8.380986600699224
CARB,2026-01-04,133.29,151458,129.8173196319182,121.82514825660228,303170.1,7.857412621492949
CARB,2026-01-05,135.91,159533,130.05624827380376,121.96529603514355,285091.35,7.275428728728933
CARB,2026-01-06,134.95,108719,130.2481601062036,122.09449706961973,275940.7,6.575268849222939
CARB,2026-01-07,132.23,290127,130.32587931772503,122.1953478450464,284332.25,5.9335117953262575
CARB,2026-01-08,132.61,182659,130.41545267781424,122.29897622469768,268351.7,6.129694971167941
CARB,2026-01-09,130.16,181830,130.4054349257431,122.3771953667405,265585.05,6.537798928933649
CARB,2026-01-10,130.3,215050,130.4013002227728,122.45602924368836,268908.45,7.040971773589544
CARB,2026-01-11,134.34,102852,130.55575903756602,122.57427770892531,259668.7,7.087320641372701
CARB,2026-01-12,136.63,170614,130.7939645655046,122.71413564216985,256779.4,6.916702669927128
CARB,2026-01-13,135.97,111787,130.99694634724955,122.84603479000896,255214.55,5.730229124928355
CARB,2026-01-14,138.26,125149,131.28177198069073,122.99940757816807,223461.0,4.975299607191526
CARB,2026-01-15,139.46,249046,131.6024868049774,123.16319456744004,224543.85,4.756245460352354
CARB,2026-01-16,137.32,127350,131.82670300870376,123.30405830308742,193888.2,4.203934332696924
CARB,2026-01-17,138.37,165432,132.08330289071537,123.4539681707184,191350.65,4.4408485972545595
CARB,2026-01-18,136.0,188436,132.23689885578537,123.57880430832319,185990.8,4.394397297683904
CARB,2026-01-19,139.18,276826,132.50917733202908,123.73404008634982,185503.05,4.6750766580071375
CARB,2026-01-20,136.45,230216,132.6637193974397,123.86056705066476,183614.15,4.68802935472578
CARB,2026-01-21,134.76,246550,132.74592647989306,123.96901911981237,183471.9,4.486095689234499
CARB,2026-01-22,139.53,218724,133.0119685787208,124.123854750461,182429.85,4.518587572886833
CARB,2026-01-23,140.12,292214,133.29071490896703,124.28302037483454,189728.6,3.943846455256375
CARB,2026-01-24,138.09,282096,133.4789221674389,124.42040325667698,196260.5,2.7371952637852925
CARB,2026-01-25,142.68,186659,133.83974874910797,124.60209078646129,197616.8,3.107308824669456
CARB,2026-01-26,140.29,119787,134.09269977855473,124.75818938560099,198170.2,3.1620155451377485
CARB,2026-01-27,139.56,183599,134.3071037088075,124.9054710832567,192843.8,3.0247838220821777
CARB,2026-01-28,141.64,291851,134.59466826924643,125.07198380879643,198303.4,3.258091470089942
CARB,2026-01-29,142.64,223162,134.910171474374,125.2467899400522,200370.0,3.598224321694106
CARB,2026-01-30,146.06,250496,135.34741965184955,125.45388655756412,202142.3,4.472695873756787
CARB,2026-01-31,145.83,199841,135.75850123412997,125.6566339550013,206991.75,5.05903746057217
CARB,2026-02-01,148.65,257001,136.26405020534057,125.88542366689184,211311.1,5.736830547024596
CARB,2026-02-02,149.19,238893,136.770950197288,126.11730999856455,217666.4,6.507089381995175
CARB,2026-02-03,147.33,251489,137.18503058170808,126.3283815408674,223983.4,6.414026278742165
CARB,2026-02-04,149.23,176016,137.65738232360187,126.55625834145579,220331.9,5.960840065436539
CARB,2026-02-05,152.69,114797,138.24689674228415,126.81629557188907,219704.25,6.68441692822408
CARB,2026-02-06,156.06,227880,138.9454498112142,127.10727770550213,222826.65,7.807347870386559
CARB,2026-02-07,154.85,99383,139.56915766175482,127.38332469350709,218374.0,7.867096976341614
CARB,2026-02-08,156.4,190291,140.22919069462716,127.67204783088513,214047.25,8.489295489738021
CARB,2026-02-09,156.23,195071,140.85667341248492,127.95620655893603,212290.0,8.425218424142109
CARB,2026-02-10,156.31,167192,141.46268621983845,128.23833385685708,208322.1,7.822516712655731
CARB,2026-02-11,157.26,284969,142.08218872102125,128.5271066543013,211634.35,7.34850733329363
CARB,2026-02-12,156.19,283924,142.63543622215767,128.80235932440775,211219.85,6.535427250046991
CARB,2026-02-13,153.71,257731,143.0697328408966,129.0501965450604,210001.6,5.964736310872345
CARB,2026-02-14,154.16,103926,143.5046452785085,129.30004533565682,205864.95,5.146045852116463
CARB,2026-02-15,156.97,241601,144.03269840484148,129.57536826764036,211955.65,4.877606488324165
CARB,2026-02-16,158.77,138225,144.61063180073006,129.86586211572353,209686.95,4.738432241774369
CARB,2026-02-17,157.72,134256,145.12472467128967,130.1430177165621,201807.2,3.633622692798882
CARB,2026-02-18,158.79,250571,145.66061782143518,130.42806231639733,203177.65,2.692389686741345
CARB,2026-02-19,157.63,130631,146.13000535784948,130.69872836300036,197184.4,2.2919746812643425
CARB,2026-02-20,157.85,177953,146.589612990875,130.96889026983618,196090.0,2.343768098830433
CARB,2026-02-21,156.48,154850,146.97747130495833,131.22273215769852,190982.45,2.2170056097409105
CARB,2026-02-22,156.43,208105,147.34815870476388,131.47355074319407,189443.05,2.2162233989023865
CARB,2026-02-23,153.28,234877,147.58077993202804,131.69053033778917,188612.45,2.615580666940147
CARB,2026-02-24,157.99,154733,147.98898464057595,131.9522166030848,187548.3,2.676102345526526
CARB,2026-02-25,156.38,139023,148.3180440664357,132.19527912444715,188759.6,2.6651442912913597
CARB,2026-02-26,154.39,151947,148.55615998539903,132.41612211823374,184962.95,2.806589503802352
CARB,2026-02-27,157.86,270123,148.92101645655987,132.66929503248016,193499.95,2.5851650955838172
CARB,2026-02-28,159.07,233712,149.3190158112046,132.93198861424654,195671.0,2.4761483349992
CARB,2026-03-01,154.41,261085,149.5186622499809,133.1457001703237,198971.7,2.704267003731105
CARB,2026-03-02,157.02,198039,149.8128323578248,133.38325539250954,200514.05,2.5868765374050082
CARB,2026-03-03,156.21,263775,150.06370167712578,133.61038717964874,199454.35,2.565391092219719
CARB,2026-03-04,157.65,146020,150.36120357214045,133.84958730721442,192559.15,2.442348812061164
CARB,2026-03-05,160.79,166778,150.77017598107614,134.11765111510283,188011.5,2.9456790155469537
CARB,2026-03-06,158.15,257787,151.05958084456333,134.3567789647038,195704.55,2.9658056046564636
CARB,2026-03-07,156.26,228451,151.2635188506589,134.57472146256745,195047.05,2.972053277922437
CARB,2026-03-08,154.96,105074,151.4084788957311,134.77756005497972,193389.5,3.064920897818809
CARB,2026-03-09,160.22,1024488,151.75402874295733,135.03071866139783,237901.1,2.9685077836405673
CARB,2026-03-10,154.26,288675,151.85230212558648,135.22205479412025,239806.3,3.1748503685423737
CARB,2026-03-11,155.72,150143,152.00397655203406,135.42601444791012,240781.9,3.2070687936570756
CARB,2026-03-12,153.07,172177,152.04578139313077,135.60157649320453,240493.1,3.4240723657554906
CARB,2026-03-13,153.02,113307,152.08398604438054,135.77489414003833,238415.95,3.7103967568715652
CARB,2026-03-14,147.71,291972,151.91245717989503,135.89365141227677,242609.3,4.934344999786672
CARB,2026-03-15,146.76,266908,151.71040003558542,136.0017742837964,244210.85,6.0912215253039825
CARB,2026-03-16,147.67,230922,151.5519529753664,136.11787603221634,248020.3,6.710539694726702
CARB,2026-03-17,147.48,268253,151.39226854495988,136.23093199209478,254481.8,7.210661406007455
CARB,2026-03-18,150.05,230578,151.3396305628046,136.36843515635255,258413.35,7.158613539100674
CARB,2026-03-19,149.44,283913,151.26513524661618,136.4985004781799,259102.85,6.519191332662831
CARB,2026-03-20,151.22,245992,151.26336523694496,136.64498306048657,259716.85,6.051880100204476
CARB,2026-03-21,151.92,226489,151.28911561980988,136.7969732787902,257987.05,5.765015416046264
CARB,2026-03-22,152.09,267794,151.32052285040558,136.94914269890174,261474.8,5.594570329375445
CARB,2026-03-23,153.54,193923,151.40756116999754,137.1142258561266,257982.2,4.271561804217674
CARB,2026-03-24,154.3,140999,151.52099014372314,137.28522858392634,257731.15,4.276877985423063
CARB,2026-03-25,157.01,185051,151.73624543220458,137.48149496617583,258644.8,4.546109373910733
CARB,2026-03-26,156.56,120417,151.92541227800046,137.67133083715916,251776.3,5.001489077715156
CARB,2026-03-27,153.92,151787,152.0036314043534,137.83300913728692,247943.1,5.0663826991103456
CARB,2026-03-28,151.87,247495,151.99839095712386,137.9726806881597,255064.15,4.809229750875052
CARB,2026-03-29,147.61,153525,151.8262971940994,138.06857441265564,211516.0,4.668048454506952
CARB,2026-03-30,146.29,278658,151.60918750021315,138.15037964238047,211015.15,4.904270285472184
CARB,2026-03-31,145.48,175749,151.36882720608716,138.22331118822746,212295.45,5.252764735130995
CARB,2026-04-01,142.7,130590,151.0288731980053,138.26785535550877,210216.1,6.325929078703762
CARB,2026-04-02,146.21,232253,150.8398977784757,138.34688167037933,216163.4,6.590470517978995
CARB,2026-04-03,139.58,171614,150.39833315971194,138.35915150450492,210145.5,7.961092510205044
CARB,2026-04-04,139.56,263553,149.97330048678205,138.3711002457536,209977.75,8.912656669091325
CARB,2026-04-05,138.91,210181,149.53944556573177,138.37646243236304,208940.7,9.669054523820561
CARB,2026-04-06,139.8,215726,149.15750652393837,138.39062698527485,206314.35,9.899775971491177
CARB,2026-04-07,139.91,142087,148.79485920927414,138.40574512472486,201889.8,9.775633990569743
CARB,2026-04-08,144.19,202328,148.61427649518495,138.46329989960321,197810.55,8.5769892848428
CARB,2026-04-09,140.98,116022,148.31489310321692,138.48834169164698,191312.05,7.157492740839196
CARB,2026-04-10,141.46,134041,148.04607376583587,138.51791043103358,186689.65,5.805711580034855
CARB,2026-04-11,141.55,265591,147.7913257750188,138.54808047649595,186579.5,4.44826316581082
CARB,2026-04-12,145.48,265649,147.70068554854748,138.61705480011292,190165.8,4.087541511030469
CARB,2026-04-13,147.22,195082,147.68183513487895,138.70265624488792,192869.95,4.258376441507263
CARB,2026-04-14,150.2,217723,147.78058669821704,138.81705767528706,194503.55,5.178126504191274
CARB,2026-04-15,149.07,207141,147.83115192573794,138.91907700190112,198839.75,5.774266758074832
CARB,2026-04-16,147.38,196871,147.81345969335607,139.00326529043943,201093.95,5.89922705171565
CARB,2026-04-17,148.89,176995,147.8556769602833,139.1016407601863,197568.95,6.078817888625897
CARB,2026-04-18,148.73,193317,147.8899641383114,139.1974453297367,199558.55,6.057239708366884
CARB,2026-04-19,144.57,128349,147.75976946622075,139.2509035851622,192043.1,5.547871101939675
CARB,2026-04-20,148.28,285627,147.78017066362386,139.34074534053372,197537.0,5.214538754585867
CARB,2026-04-21,154.64,227676,148.04918357877588,139.49297673018015,202391.3,5.764380631597369
CARB,2026-04-22,156.87,120770,148.39509794823567,139.66588243435746,196817.15,6.958076065082452
CARB,2026-04-23,156.72,1039768,148.7215646953637,139.8355751464534,240224.85,7.25140645698448
CARB,2026-04-24,156.16,283215,149.01326804064357,139.9980072345484,241207.95,7.123211747828092
CARB,2026-04-25,156.11,174624,149.29157125473597,140.15832557052306,239430.1,6.6142985723654935
CARB,2026-04-26,158.39,112337,149.64837238200124,140.33973526633875,234260.65,6.858682643911341
CARB,2026-04-27,162.39,234749,150.1480440532953,140.55914088557915,238893.75,7.791993143147499
CARB,2026-04-28,159.1,178960,150.49910114924452,140.74362704592164,237725.35,8.100085164387483
CARB,2026-04-29,161.13,273210,150.9159991433918,140.94647652805176,245584.75,8.426126950421288
CARB,2026-04-30,160.2,267748,151.2800776083568,141.13805387603136,252270.1,8.18357041426756
CARB,2026-05-01,161.45,152881,151.6788980943036,141.34016279268778,246634.6,8.067383966685522
CARB,2026-05-02,162.25,293720,152.0934511102133,141.54822087435258,248038.15,7.758140318967669
CARB,2026-05-03,156.85,192865,152.27998243922454,141.7004773830655,247927.3,5.613216008318629
CARB,2026-05-04,157.58,277833,152.4878262651373,141.858482583234,250932.8,3.801732398626956
CARB,2026-05-05,158.04,215919,152.70555856846525,142.01949270678392,251371.7,3.4201590477766617
CARB,2026-05-06,159.28,115968,152.96337980107447,142.19123904800995,247326.55,3.319410136431898
CARB,2026-05-07,158.19,245430,153.16834529907158,142.35043069927352,250748.3,3.1966111863853213
CARB,2026-05-08,159.28,117923,153.40801803244133,142.5188841251514,246978.6,2.9375466327840574
CARB,2026-05-09,157.78,130306,153.57946830567894,142.67073602440362,247076.45,2.6891781752502992
CARB,2026-05-10,152.56,296297,153.53948915643662,142.76913666097673,247609.95,3.8441025903681947
CARB,2026-05-11,152.47,280448,153.49754840520382,142.86566266435008,250248.55,4.355608169644427
CARB,2026-05-12,153.98,158138,153.51646807558797,142.97625308560032,252116.95,4.664915991611421
CARB,2026-05-13,145.73,174172,153.21111638634923,143.00365355241027,208837.15,6.544126760305446
CARB,2026-05-14,142.09,248113,152.77499417511984,142.9945624722868,207082.05,8.626606563226593
CARB,2026-05-15,142.85,141557,152.385778717272,142.99312403972675,205428.7,9.589262259778597
CARB,2026-05-16,145.33,134523,152.10908151267307,143.0163765368439,206538.0,9.532597752846986
CARB,2026-05-17,148.63,140065,151.97264694354863,143.07223348672605,201803.8,9.527692727454653
CARB,2026-05-18,152.36,177021,151.9878372594879,143.16464907392282,201706.85,9.263951470115787
CARB,2026-05-19,149.83,210203,151.90321619048837,143.23097097368478,198556.5,8.922112424190324
CARB,2026-05-20,148.59,144780,151.77328614380255,143.2842946455884,192408.1,8.307330446560616
CARB,2026-05-21,150.07,153365,151.70649060875147,143.35181410185123,192432.3,7.6504625748964745
CARB,2026-05-22,146.82,283114,151.51486352605534,143.38632341427063,191902.0,6.628189269665372
CARB,2026-05-23,145.33,109183,151.2723198583669,143.40566347980027,187717.9,5.653032785181024
CARB,2026-05-24,147.52,204449,151.12517005999956,143.44660215164308,184048.7,5.353685543726005
CARB,2026-05-25,147.51,221766,150.98339868509763,143.48703397102972,184341.05,4.989195964644841
CARB,2026-05-26,144.48,293170,150.72836344254478,143.49691423002443,193201.15,4.297968086239344
CARB,2026-05-27,145.47,114282,150.5221531114646,143.51654692425305,186643.75,4.311863330929867
CARB,2026-05-28,147.2,273433,150.39187259728953,143.5531981986386,194419.25,3.7742848278237497
CARB,2026-05-29,152.04,216048,150.45650504445467,143.6376439877069,198706.35,3.7027166296602108
CARB,2026-05-30,153.95,137337,150.59350484663292,143.7402544952919,190758.35,4.226084229175927
CARB,2026-05-31,152.73,249394,150.6772889702944,143.82970469931885,189205.65,4.545854832025283
CARB,2026-06-01,152.55,251053,150.75072861851814,143.9164738067883,193851.4,4.571810138179611
CARB,2026-06-02,149.95,131945,150.71932749622331,143.97650889328793,191740.05,4.576451265043702
CARB,2026-06-03,152.29,177283,150.78092249637143,144.0592301978323,188198.55,4.773125272045419
CARB,2026-06-04,155.21,409450,150.95461181023924,144.17018313118723,201593.2,5.356283321155134
CARB,2026-06-05,157.96,293907,151.22933291572005,144.30739523933462,209562.4,6.187575074469692
CARB,2026-06-06,160.98,199552,151.61171201706438,144.47329180411737,212536.75,7.1223928717658165
CARB,2026-06-07,162.31,108789,152.03125272227754,144.6507714876585,209125.15,8.119846641287127
CARB,2026-06-08,160.25,226464,152.35355653709018,144.8059876917614,209938.2,8.374228888561706
CARB,2026-06-09,161.73,113656,152.72126020230235,144.9743858241817,208382.0,8.048953928347348
CARB,2026-06-10,165.97,104215,153.24081862574147,145.18329740802068,205924.5,8.211360563736713
CARB,2026-06-11,167.94,210531,153.8172571110065,145.40973225968216,202295.35,8.53262781109283
CARB,2026-06-12,170.35,189447,154.46559996939843,145.65789412774504,206308.55,9.575538783509897
CARB,2026-06-13,168.1,280933,155.00028232353966,145.88119866378736,210132.75,9.988719599166117
CARB,2026-06-14,170.33,163509,155.60144772261654,146.12447031887405,207219.9,10.295502725638112
CARB,2026-06-15,167.84,279334,156.08139094918062,146.34054524107432,206528.1,9.905590142511619
CARB,2026-06-16,169.5,159588,156.60761091195786,146.57098757698404,208793.4,8.743478323116433
CARB,2026-06-17,166.09,238330,156.97946930756734,146.76520660606877,207038.25,7.27358278934114
CARB,2026-06-18,165.99,125172,157.33282345236861,146.9564980826253,202494.45,6.041486926718191
CARB,2026-06-19,165.09,224568,157.63702645423652,147.13693093752457,206856.0,5.133529367182817
CARB,2026-06-20,165.28,238211,157.93675090701154,147.31745898789745,206296.85,4.6920487599689285
CARB,2026-06-21,165.29,200986,158.22511361654048,147.49629024174925,203793.5,4.408180410663654
CARB,2026-06-22,164.27,130392,158.46216798451928,147.66319282640848,203715.85,3.668295352980027
CARB,2026-06-23,166.68,177490,158.784435906695,147.85241478833478,203726.2,2.980278584218552
CARB,2026-06-24,162.57,124615,158.9328894005501,147.9988584222817,189484.45,3.465930729857029
CARB,2026-06-25,165.01,175618,159.17120746327362,148.16812351260725,183570.0,3.499265955206364
CARB,2026-06-26,164.18,217009,159.367630700008,148.32744566671067,184442.85,3.2175173864114486
CARB,2026-06-27,164.21,398496,159.5575275353018,148.48548103321107,198928.2,3.1890679724582576
CARB,2026-06-28,160.76,122750,159.60468331823117,148.60761555029356,193742.5,3.185913017995659
CARB,2026-06-29,164.35,204382,159.7907741684966,148.76425619158417,198278.8,2.9857634039535395
CARB,2026-06-30,162.7,242667,159.90486145600653,148.90292030908086,205201.4,2.3730081583874036
CARB,2026-07-01,160.58,251076,159.9313374773396,149.0191101567517,207228.65,2.7213314856772346
CARB,2026-07-02,160.8,176567,159.9654026743067,149.13633294126166,206584.65,2.8779751209308175
CARB,2026-07-03,166.03,256466,160.2032300204123,149.30442913090084,205361.3,2.979551947472258
CARB,2026-07-04,164.43,176876,160.3689857058863,149.4549323236282,206029.65,2.923711043131609
CARB,2026-07-05,165.99,224570,160.5894176389888,149.61946036020902,203291.45,3.0018439388083564
CARB,2026-07-06,171.29,134144,161.0090483198128,149.83508762030644,202019.25,4.264307333314534
CARB,2026-07-07,170.96,133585,161.39928171903583,150.04528575343772,196782.0,4.971922981288131
CARB,2026-07-08,172.06,185872,161.81734910260306,150.2643376364881,199817.0,5.714203349337066
CARB,2026-07-09,179.04,203258,162.49274717701078,150.55066263513,198751.5,7.9481903393364695
CARB,2026-07-10,178.42,241407,163.11734532693194,150.82796947458147,198911.3,9.2521202797154
CARB,2026-07-11,181.75,184541,163.84803766705227,151.13565137035678,198089.05,10.795194214642867
CARB,2026-07-12,185.2,215204,164.6853695232463,151.4746001129403,202329.65,12.122539378735825
CARB,2026-07-13,184.38,103136,165.45770797331505,151.8020170272394,198611.95,13.056712038573526
CARB,2026-07-14,185.08,225372,166.22720962142034,152.13314123592357,203649.8,13.46646039729284
CARB,2026-07-15,184.59,124538,166.94731904803132,152.4560950544716,201095.8,12.976481049943702
CARB,2026-07-16,186.45,110199,167.7121300657556,152.79434286487486,195755.3,12.16693493168492
CARB,2026-07-17,183.69,157067,168.33871320043187,153.10176233885622,183683.85,11.494090078416612
CARB,2026-07-18,188.31,244835,169.12190091806198,153.4520930618527,189788.1,10.526402186620583
CARB,2026-07-19,188.48,116903,169.88104205853017,153.80062944929696,185414.15,9.196631669579808
CARB,2026-07-20,186.86,263261,170.54688354643093,154.12957841000048,186443.85,8.307326279710344
CARB,2026-07-21,190.6,157843,171.33328027010032,154.49246817706515,181782.2,7.240066831166912
CARB,2026-07-22,189.66,218317,172.05197516146893,154.8423938668456,183869.7,5.4711608171205945
CGEN,2025-11-13,142.6,102794,142.6,142.6,102794.0,0.07424621202458026
CGEN,2025-11-14,142.53,43388,142.59725490196078,142.59930348258706,73091.0,0.07424621202458026
CGEN,2025-11-15,142.89,67707,142.6087351018839,142.60219598524787,71296.33333333333,0.2863127660444036
CGEN,2025-11-16,140.37,72716,142.52094156847667,142.57998507992204,71651.25,1.743245894875407
CGEN,2025-11-17,141.04,58311,142.46286542853642,142.56466184529594,68983.2,1.668058002588631
CGEN,2025-11-18,140.69,48804,142.39334129408402,142.54600849360148,65620.0,1.6620288806154901
CGEN,2025-11-19,141.74,83730,142.36772006686505,142.53798850859053,68207.14285714286,1.5175191220259034
CGEN,2025-11-20,143.48,91406,142.4113388877723,142.54736175726129,71107.0,1.694321925052694
CGEN,2025-11-21,144.01,46774,142.47403148040868,142.5619153716169,68403.33333333333,1.8990853061408253
CGEN,2025-11-22,145.17,42711,142.57975573607894,142.58786646244658,65834.1,2.2930089402355183
CGEN,2025-11-23,144.02,40041,142.63623590329155,142.60211654739737,63489.27272727273,2.2880125357253625
CGEN,2025-11-24,143.25,74735,142.66030508355465,142.60856314891583,64426.416666666664,2.199919549148858
CGEN,2025-11-25,144.95,104706,142.7500970410623,142.63186102803112,67524.84615384616,2.313564931508891
CGEN,2025-11-26,147.46,80556,142.9347991178834,142.67990221183183,68455.64285714286,2.8968582830521736
CGEN,2025-11-27,145.19,69912,143.02323836816248,142.70487830922653,68552.73333333334,2.9950584989425493
CGEN,2025-11-28,142.61,60482,143.00703294196003,142.70393424644817,68048.3125,2.9914735288192764
CGEN,2025-11-29,141.84,67017,142.96126694423612,142.69533788578698,67987.64705882352,3.04836264823674
CGEN,2025-11-30,137.42,107978,142.74396235818764,142.6428469615503,70209.33333333333,3.6953206414135757
CGEN,2025-12-01,139.31,48465,142.6092971676705,142.6096843052165,69064.8947368421,3.917569259260004
CGEN,2025-12-02,139.51,77240,142.48775610227165,142.57884167531387,69473.65,4.060736684098402
CGEN,2025-12-03,141.69,62414,142.4564715492414,142.5699974795396,67454.65,4.063160090075517
CGEN,2025-12-04,145.34,81839,142.56955109632997,142.59755969367356,69377.2,4.17976557324126
CGEN,2025-12-05,142.96,97748,142.58486281804252,142.6011660648808,70879.25,4.156267609233135
CGEN,2025-12-06,143.41,101840,142.6172211389036,142.6092141637377,72335.45,4.049031630261389
CGEN,2025-12-07,143.3,98691,142.64399678051524,142.61608765464578,74354.45,4.021148761565208
CGEN,2025-12-08,141.23,92400,142.58854592637738,142.60229573768413,76534.25,4.05743944319134
CGEN,2025-12-09,141.37,51548,142.54075981161748,142.59003408855295,74925.15,3.9489831769543056
CGEN,2025-12-10,143.22,107987,142.56739668175013,142.5963024060798,75754.2,3.310069552072943
CGEN,2025-12-11,144.36,38642,142.63769485109324,142.61385163587005,75347.6,3.187314506561317
CGEN,2025-12-12,145.39,66439,142.7456283863445,142.6414750026773,76534.0,3.4666413623512886
CGEN,2025-12-13,148.5,39230,142.97129001825255,142.6997687837452,76493.45,4.2883964477886884
CGEN,2025-12-14,150.14,53065,143.25241589988968,142.77380093515075,75409.95,4.625350966784495
CGEN,2025-12-15,148.52,103360,143.4589878253842,142.83097704524874,75342.65,4.6370290554986715
CGEN,2025-12-16,152.83,63329,143.82647849889858,142.93046981096768,74481.3,5.324071502397217
CGEN,2025-12-17,150.88,59220,144.10308718521628,143.00956961384364,73946.7,5.556607849822071
CGEN,2025-12-18,151.79,98627,144.40453474658034,143.09693708037256,75853.95,6.041117355349089
CGEN,2025-12-19,151.26,78167,144.67337652122427,143.17816158703553,76411.45,6.167024813874699
CGEN,2025-12-20,149.63,89934,144.8677539125488,143.24235898417948,75509.25,6.066073824835384
CGEN,2025-12-21,150.95,93771,145.10627336695865,143.31905192961054,77774.55,5.963952808699705
CGEN,2025-12-22,152.99,48804,145.415439117274,143.4152802686194,76352.75,5.549523405435304
CGEN,2025-12-23,153.92,79963,145.74895130875345,143.519804843061,77230.2,4.925199611060768
CGEN,2025-12-24,151.81,72821,145.9866394927239,143.60229434711013,76779.3,4.141250557660183
CGEN,2025-12-25,151.2,44995,146.19108500281317,143.67789340833292,74141.65,3.2883121568156537
CGEN,2025-12-26,153.25,46794,146.46790519878127,143.77313825004106,71389.35,2.508512129609513
CGEN,2025-12-27,157.25,54477,146.8907324458879,143.90723637690633,69178.65,3.198627023453581
CGEN,2025-12-28,157.01,93690,147.28756646761778,144.03761213435004,69243.15,3.696158924709021
CGEN,2025-12-29,155.92,98513,147.62609327280924,144.15584484943113,71591.4,3.5468656066830606
CGEN,2025-12-30,153.41,96471,147.8529131444638,144.24792599520796,71015.6,3.5523197226729177
CGEN,2025-12-31,153.74,107188,148.08377929566132,144.3423744927681,74442.9,3.447662311203213
CGEN,2026-01-01,154.88,84888,148.35029775465497,144.44722648786495,75365.35,3.4588903607191392
CGEN,2026-01-02,155.71,37612,148.63891352898221,144.55929388599566,75284.45,3.4484568335663397
CGEN,2026-01-03,157.05,51469,148.9687600572574,144.68357951897082,75204.65,3.210983661034743
CGEN,2026-01-04,158.7,110219,149.350377309914,144.8230463894288,75547.6,3.344995934556791
CGEN,2026-01-05,156.74,96785,149.64016643501543,144.94162304227032,77220.4,3.3366004158677143
CGEN,2026-01-06,157.44,86274,149.94604226109328,145.06598500204873,78573.1,3.4288378073036716
CGEN,2026-01-07,156.06,59961,150.18580530967787,145.17537818610796,76639.8,3.087873214530501
CGEN,2026-01-08,155.14,77368,150.3800874543964,145.27452865191785,76599.85,2.4561756657663802
CGEN,2026-01-09,155.27,64818,150.5718487306946,145.37398607826694,75344.05,2.20240764858677
CGEN,2026-01-10,158.65,90896,150.88863897654971,145.5060857192792,75200.3,2.400060782198203
CGEN,2026-01-11,159.08,51797,151.2098688206066,145.64114954296798,75349.95,2.6616927657272966
CGEN,2026-01-12,157.66,68619,151.46281514136714,145.76074009477924,74782.75,2.7129226008984686
CGEN,2026-01-13,156.0,42841,151.64074395935276,145.86262327791576,73283.75,2.4003893914891066
CGEN,2026-01-14,159.72,191554,151.95757752957422,146.00050762340913,80611.7,2.372820341625277
CGEN,2026-01-15,156.27,101528,152.1266921362576,146.1026916271563,83348.4,2.217500727852489
CGEN,2026-01-16,155.57,109750,152.26172381718865,146.19689370051793,86112.05,2.233412759645965
CGEN,2026-01-17,155.41,110013,152.3851856282793,146.28856640001527,86928.2,2.3338266518025015
CGEN,2026-01-18,154.33,38227,152.46145285854286,146.36858066469176,83913.9,2.431662028281173
CGEN,2026-01-19,153.95,40981,152.51982725624705,146.4440176730033,81139.4,2.6633875242630176
CGEN,2026-01-20,156.51,54205,152.67630461874717,146.5441767011326,78490.25,2.6305284013547445
CGEN,2026-01-21,158.55,102084,152.90664561409042,146.66363762947955,79350.05,2.7607678548469026
CGEN,2026-01-22,157.38,37922,153.08207127628293,146.77026810082802,79365.55,2.7041152246818148
CGEN,2026-01-23,157.16,57014,153.24199004976202,146.8736485177352,79642.8,2.6315536713658485
CGEN,2026-01-24,155.4,83159,153.32661789094783,146.9584878359667,78289.8,2.573896034556875
CGEN,2026-01-25,154.51,100610,153.3730250324793,147.03362726048445,78481.05,2.4748616344948187
CGEN,2026-01-26,155.28,93294,153.44780836453893,147.11568072057915,78832.05,2.434708502985466
CGEN,2026-01-27,154.41,56469,153.48554136985115,147.1882610119167,78657.45,2.5326480571376093
CGEN,2026-01-28,155.46,88781,153.56297112005308,147.27056687249464,79228.1,1.9729961666537985
CGEN,2026-01-29,156.07,81823,153.66128597809023,147.35812342102705,80078.35,1.9650978291235748
CGEN,2026-01-30,156.25,54934,153.76280417502787,147.44659980489743,78280.25,1.9753807881636316
CGEN,2026-01-31,156.5,93475,153.87014518777187,147.5366833889283,80364.15,1.9900270581858708
CGEN,2026-02-01,156.42,96703,153.97013949413375,147.62507459898873,81768.35,1.8893906003427612
CGEN,2026-02-02,157.34,111085,154.10229088652065,147.7217405233769,85180.55,1.7388841628677816
CGEN,2026-02-03,158.36,102965,154.26925987136298,147.8275938515025,80751.1,1.9370481748971566
CGEN,2026-02-04,159.31,81684,154.46693595483893,147.94184664899998,79758.9,2.102423150652571
CGEN,2026-02-05,160.61,107222,154.7078404271982,148.06789792612437,79632.5,2.678180147246114
CGEN,2026-02-06,161.49,50430,154.97380746926888,148.20145118059082,76653.35,3.3094437175731777
CGEN,2026-02-07,158.17,73333,155.09914835282694,148.30064072108246,78408.65,3.269834404518276
CGEN,2026-02-08,159.51,81755,155.2721229272259,148.41217663430555,80447.35,3.1828530121115604
CGEN,2026-02-09,163.86,100520,155.60890242027588,148.56588631953636,82763.1,3.915376702857471
CGEN,2026-02-10,162.33,93846,155.87247487438273,148.70284267456586,82351.2,3.901849519181116
CGEN,2026-02-11,163.04,213123,156.15355429107362,148.84550095641097,91111.25,3.997464512347374
CGEN,2026-02-12,165.2,271938,156.50831686789425,149.00823229017803,101857.45,4.402331440883168
CGEN,2026-02-13,167.75,75509,156.94916718680037,149.19471754102204,101474.95,5.115162778177863
CGEN,2026-02-14,171.52,52168,157.52057239516114,149.41685965504175,99052.85,6.368037730177967
CGEN,2026-02-15,168.48,90055,157.9503538698607,149.6065426435488,98890.9,6.446224648992418
CGEN,2026-02-16,169.52,95103,158.40406548280734,149.80468649784186,100822.6,6.561062055963204
CGEN,2026-02-17,167.99,82747,158.77998448348157,149.98563489089818,100520.9,6.386076414984709
CGEN,2026-02-18,168.02,79275,159.14233803314897,150.16508130989422,100393.5,6.183475864248031
CGEN,2026-02-19,166.01,65501,159.41165811028037,150.32274219238286,100921.85,5.9203889763992406
CGEN,2026-02-20,166.88,107104,159.70453426281838,150.48749102628952,101603.3,5.725914342264161
CGEN,2026-02-21,169.62,80081,160.09337605643336,150.67786424990854,100772.2,4.943843949247032
CGEN,2026-02-22,167.31,65304,160.3763809169654,150.84335813796915,98483.15,3.9485919906711007
CGEN,2026-02-23,168.67,103112,160.70162088100597,151.0207376589844,98490.5,3.759983633352352
CGEN,2026-02-24,167.04,59991,160.95018476802537,151.1801333041686,97405.85,3.0957169321784455
CGEN,2026-02-25,170.54,80447,161.326255953593,151.37276879367937,96067.1,2.581597304549532
CGEN,2026-02-26,169.21,88510,161.63542238678542,151.55025368130444,97971.1,2.2604209225834215
CGEN,2026-02-27,170.15,104122,161.96932739122522,151.73532578397806,99510.55,2.3320055746074164
CGEN,2026-02-28,173.12,79236,162.4066086700007,151.94810861199818,99384.6,2.7285079245817645
CGEN,2026-03-01,174.67,98929,162.8875259770595,152.1741970835206,99305.05,3.607629449826083
CGEN,2026-03-02,176.67,96596,163.42801515442974,152.41793641602288,99442.55,4.693819937363909
CGEN,2026-03-03,175.63,49491,163.90652436405995,152.64890222282864,91260.95,5.183781607884416
CGEN,2026-03-04,179.91,71914,164.53411164390076,152.92015692707912,81259.75,6.356271163535589
CGEN,2026-03-05,182.25,57962,165.2288523637478,153.21199616163554,80382.4,7.359545242833722
CGEN,2026-03-06,182.15,103997,165.89242678085574,153.4999364983357,82973.85,7.9491104623633415
CGEN,2026-03-07,185.09,142366,166.64527278944962,153.81426548840201,85589.4,9.036658378120407
CGEN,2026-03-08,182.13,92479,167.25251699378495,154.09601409050745,85458.2,8.960510687773901
CGEN,2026-03-09,178.7,97128,167.70143789598947,154.3408298707014,86177.25,8.52575393849575
CGEN,2026-03-10,181.54,98443,168.24412660595067,154.61146837945066,87135.65,7.767727297133465
CGEN,2026-03-11,182.86,77372,168.81729811159965,154.89254829607304,87729.2,7.485747666857513
CGEN,2026-03-12,181.58,79376,169.31779622487028,155.1580950791967,86342.8,6.508006195667862
CGEN,2026-03-13,179.18,37513,169.70454931409105,155.39711900875693,84214.4,5.262642235293709
CGEN,2026-03-14,181.81,70363,170.1792728704012,155.6599337449882,84467.35,4.484141975700064
CGEN,2026-03-15,182.3,37853,170.6545955029345,155.92500903110772,81204.4,3.820965875243253
CGEN,2026-03-16,181.79,89211,171.0912780322312,156.18237212532554,82665.4,3.37893799558604
CGEN,2026-03-17,181.19,103882,171.4873063446927,156.43120424348152,83837.15,2.3767361496951116
CGEN,2026-03-18,183.02,110561,171.9395688409793,156.6957693753872,84939.7,2.319012229328026
CGEN,2026-03-19,181.61,60218,172.3188014354507,156.94367216767188,82744.5,2.3130338112705253
CGEN,2026-03-20,181.55,94222,172.68080922229578,157.18851125058063,83493.8,2.309021753045369
CGEN,2026-03-21,181.34,78577,173.02038533122538,157.4288245714704,82476.2,1.8005946819826104
CGEN,2026-03-22,178.96,86952,173.25331139666756,157.64306512299805,81994.0,2.0333439207357222
CGEN,2026-03-23,181.16,102010,173.5633776164061,157.87706447500804,84619.95,1.7146138593881848
CGEN,2026-03-24,181.17,85576,173.86167653340976,158.1088349777443,85303.05,1.7165735420504402
CGEN,2026-03-25,180.9,68355,174.13768921837408,158.33561273915979,85822.7,1.6029953075529768
CGEN,2026-03-26,180.08,59042,174.37072101373195,158.5519748014567,83574.95,1.6619507272398755
CGEN,2026-03-27,180.23,83618,174.60049666025228,158.7676765447258,80637.55,1.4914043551439593
CGEN,2026-03-28,182.05,81451,174.89263404612473,158.99934145472852,80086.15,1.5107552601387408
CGEN,2026-03-29,183.12,95772,175.2152758482375,159.2393480074178,80018.35,1.6405869108586795
CGEN,2026-03-30,182.18,91110,175.48840228556153,159.46761320137384,79651.7,1.6680555568242488
CGEN,2026-03-31,180.15,89487,175.67121003906894,159.6734080948925,80257.45,1.7335209992780487
CGEN,2026-04-01,177.3,60702,175.73508415518387,159.84879706907267,79323.75,2.1821177585274367
CGEN,2026-04-02,179.14,93617,175.8686102667453,160.04074933704212,82128.95,2.255267734646589
CGEN,2026-04-03,179.48,102840,176.0102333935396,160.23417471677305,83752.8,2.2675458729003033
CGEN,2026-04-04,181.75,103172,176.23532228006746,160.44826253053654,87018.75,2.298991089035674
CGEN,2026-04-05,182.25,78694,176.47119199457464,160.6651952416755,86492.9,2.2839926723755966
CGEN,2026-04-06,182.62,38520,176.7123217202776,160.88365101041506,83224.8,2.3978747458314396
CGEN,2026-04-07,180.4,65140,176.85693655477652,161.07784353767462,80953.75,2.402019668737932
CGEN,2026-04-08,178.12,49667,176.90646845458923,161.24741723381717,80426.2,2.6356144111323854
CGEN,2026-04-09,177.65,67745,176.93562655440925,161.41062701258517,79102.35,2.8915573392458835
CGEN,2026-04-10,177.73,52013,176.96677845423633,161.57300883335546,77774.15,3.092669816420674
CGEN,2026-04-11,176.86,358100,176.96259106387413,161.7251181981977,91331.55,3.2735784810236996
CGEN,2026-04-12,176.67,91197,176.95111690450653,161.8738234897579,90790.9,3.1995444387252183
CGEN,2026-04-13,175.23,66553,176.88362212393767,162.00672076846678,89839.75,3.381159032209478
CGEN,2026-04-14,179.57,61706,176.98897027594012,162.18147976579547,89507.3,3.353519739445404
CGEN,2026-04-15,180.16,79880,177.113324382766,162.36037051439453,90549.2,3.3112915585473788
CGEN,2026-04-16,183.09,43491,177.34770381873597,162.56663548440056,88542.85,3.674836843203884
CGEN,2026-04-17,184.43,88095,177.62544092388356,162.78418139997865,88875.05,4.193071944905995
CGEN,2026-04-18,184.89,97327,177.9103255935352,163.00413979400872,88952.8,4.619301672282656
CGEN,2026-04-19,190.02,86695,178.38521478594558,163.2729543234216,88732.05,6.095553144043704
CGEN,2026-04-20,188.86,103421,178.7959906766928,163.5275517928403,89428.75,6.922782026685805
CGEN,2026-04-21,187.48,132741,179.13654006192053,163.765884610822,93030.7,7.386913807835359
CGEN,2026-04-22,188.34,95051,179.49746005949225,164.01040317190837,93102.4,7.710777636414823
CGEN,2026-04-23,192.4,111136,180.00344201794354,164.29288672243666,93517.2,8.433540059758649
CGEN,2026-04-24,191.69,87371,180.46173840939676,164.56549481475074,92727.15,8.700064868079139
CGEN,2026-04-25,191.89,46082,180.9099055305969,164.83738043848456,91096.55,8.571938309018575
CGEN,2026-04-26,192.98,73277,181.3832425686127,165.11740650377328,92834.4,8.203537371895239
CGEN,2026-04-27,189.28,105385,181.69291933062792,165.35783031965613,94846.65,6.6484429723084695
CGEN,2026-04-28,189.23,411792,181.98849112158368,165.59536434632625,112952.9,5.715167212228368
CGEN,2026-04-29,188.71,84721,182.252079705051,165.8253607209897,113801.7,4.541930064277195
CGEN,2026-04-30,190.46,62696,182.5739589323039,166.07048150983556,114335.85,3.8438446584423183
CGEN,2026-05-01,188.72,82128,182.81498015064494,166.29584985302128,100537.25,3.2329863418837608
CGEN,2026-05-02,188.05,78963,183.0202750466981,166.51230905846387,99925.55,2.6195498365458803
CGEN,2026-05-03,189.58,94400,183.27751916251387,166.74183832156373,101317.9,2.620982247088703
CGEN,2026-05-04,190.38,95268,183.55604782280744,166.9770439104039,102996.0,2.5939571842303146
CGEN,2026-05-05,189.56,48972,183.7914969277954,167.20174994114615,101450.6,2.3772221819155765
CGEN,2026-05-06,187.58,93799,183.94006567572498,167.40451859844816,103966.0,2.490900720842274
CGEN,2026-05-07,184.06,76924,183.9447689825593,167.57024478154818,103407.45,3.249571675070788
CGEN,2026-05-08,183.36,71500,183.9218368655962,167.7273567737716,102116.1,3.9020218765748402
CGEN,2026-05-09,179.05,99942,183.73078443949439,167.84001989045046,102778.45,5.309552970566058
CGEN,2026-05-10,179.25,105925,183.55506740265147,167.95355203084398,102903.65,5.871982893741255
CGEN,2026-05-11,182.45,96926,183.51173142607692,168.09779529421866,101112.9,6.038510068398351
CGEN,2026-05-12,182.37,92426,183.46695764466216,168.23980728134086,100981.65,6.119564464139887
CGEN,2026-05-13,185.52,83011,183.54746910957738,168.41174949744692,99575.4,6.004908123021416
CGEN,2026-05-14,181.9,83352,183.48286247782923,168.54596094523353,99374.45,5.81856186916229
CGEN,2026-05-15,178.15,40387,183.27373061595358,168.64152352289292,99089.7,6.219228689676905
CGEN,2026-05-16,178.5,46954,183.08652549375932,168.73961781619747,97773.55,6.417944334287807
CGEN,2026-05-17,179.89,49813,182.9611715528276,168.8505668926532,94994.95,6.044502815427377
CGEN,2026-05-18,179.84,107398,182.838772668403,168.95991448576112,79775.25,5.241143707496758
CGEN,2026-05-19,182.85,104986,182.83921295591662,169.09812429187295,80788.5,4.209917402154435
CGEN,2026-05-20,185.03,66807,182.92512617333165,169.25665041832198,80994.05,3.6931526334044418
CGEN,2026-05-21,184.98,58989,183.00570946065199,169.41310165794067,79837.1,3.816138733741289
CGEN,2026-05-22,184.32,106213,183.0572502661166,169.56142900462785,81199.6,3.9087499055543975
CGEN,2026-05-23,186.96,71637,183.21029927528852,169.73454911403456,80061.45,4.2449188921691245
CGEN,2026-05-24,186.03,64879,183.3208757742968,169.89669290394468,78542.0,4.275611147755186
CGEN,2026-05-25,184.32,37352,183.36005711648124,170.0402083974378,77961.0,4.31685668610238
CGEN,2026-05-26,186.45,87922,183.48123134720748,170.203489905921,77667.15,4.533871426263117
CGEN,2026-05-27,186.36,39727,183.5941242355523,170.36425120038948,75807.3,4.620088838877008
CGEN,2026-05-28,185.3,72999,183.66102132435418,170.51286561630602,75882.25,4.648387526164481
CGEN,2026-05-29,184.65,99910,183.6998048018305,170.65353362012388,75880.65,4.04516989143154
CGEN,2026-05-30,183.67,50132,183.69863598607245,170.78305069853062,73091.0,3.298894107903361
CGEN,2026-05-31,184.19,117878,183.71790516308923,170.91645317914228,74138.6,2.691161586900302
CGEN,2026-06-01,188.86,103152,183.9195559410073,171.09499593357867,74674.9,2.3093900828875533
CGEN,2026-06-02,188.52,56183,184.0999655119482,171.2683790586177,73333.5,2.3924293368587275
CGEN,2026-06-03,189.87,93072,184.32624137422474,171.45346981425337,73819.5,2.895718609210896
CGEN,2026-06-04,190.32,100639,184.56129073209829,171.64119648276827,76832.1,3.3195246581457747
CGEN,2026-06-05,189.19,72114,184.74280874260424,171.81581144313873,78090.1,3.361249461071608
CGEN,2026-06-06,189.76,85864,184.9395613409335,171.99436058300802,79892.65,3.57048771947737
CGEN,2026-06-07,185.04,66431,184.94350011187728,172.12416794039103,77844.3,3.6367329258030567
CGEN,2026-06-08,183.13,47610,184.87238246043114,172.23367870715333,74975.5,3.8096237484021076
CGEN,2026-06-09,182.01,63964,184.7601321678652,172.3309555359379,74833.35,4.26983479169224
CGEN,2026-06-10,179.87,59140,184.56836227892933,172.40597090373953,74840.9,5.029358369055603
CGEN,2026-06-11,179.76,70793,184.37979905230466,172.4791453226078,73069.9,5.623296225485074
CGEN,2026-06-12,180.89,60376,184.2429441875084,172.56283541890025,72506.85,5.930509401243381
CGEN,2026-06-13,179.0,76035,184.03733853309635,172.62688680776694,73064.65,6.435255412590028
CGEN,2026-06-14,179.83,89102,183.8723448651318,172.69855957584886,75652.15,6.76271412490277
CGEN,2026-06-15,180.28,86193,183.73146859591094,172.77399679399963,75565.7,6.727803890743435
CGEN,2026-06-16,180.52,98441,183.60552865097327,172.8510714527658,78501.4,6.5820137976050415
CGEN,2026-06-17,181.73,91042,183.53197850779785,172.93941900049947,79403.55,6.009797323838935
CGEN,2026-06-18,179.73,85433,183.38288131141363,173.00698697064377,78679.7,5.208896394472369
CGEN,2026-06-19,177.96,71860,183.17021929920134,173.05627068237868,79766.1,4.495754178318031
CGEN,2026-06-20,178.96,105548,183.00511266001698,173.1150142576784,79149.6,2.771271998380384
CGEN,2026-06-21,180.46,63284,182.90530432040845,173.1880986929254,77156.2,2.0117536838817354
CGEN,2026-06-22,179.2,97280,182.75999826862773,173.24791860642864,79211.05,1.6348328879200542
CGEN,2026-06-23,178.48,43072,182.59215519926977,173.29997911780748,76711.05,1.4955647340128493
CGEN,2026-06-24,183.46,89083,182.62618832871016,173.4010738529537,76133.25,2.1076168772088058
CGEN,2026-06-25,184.43,97643,182.69692604130975,173.51081441163075,77409.7,2.7439132689407173
CGEN,2026-06-26,185.47,71406,182.80567403968976,173.6298112831568,76686.8,3.4282616017285514
CGEN,2026-06-27,184.21,47724,182.86074564597644,173.73508679277714,75751.45,3.6175813819375575
CGEN,2026-06-28,185.89,73742,182.9795399343695,173.85603120279927,77058.05,4.052989128916701
CGEN,2026-06-29,189.19,107077,183.22308738792364,174.00860800675153,79213.7,5.046902773968017
CGEN,2026-06-30,189.26,47794,183.45982905898546,174.16036315096295,78646.4,5.736290596516894
CGEN,2026-07-01,188.57,95912,183.66022791941742,174.30374262209767,79902.35,6.166111935498303
CGEN,2026-07-02,189.14,97874,183.87512094218536,174.45136707361908,81777.25,6.390592373099414
CGEN,2026-07-03,187.37,53913,184.01217502288398,174.57991068482684,80671.15,5.975248500510459
CGEN,2026-07-04,186.63,96885,184.11483482590813,174.6998120710475,81060.3,5.499348013303377
CGEN,2026-07-05,184.0,70304,184.11033149940195,174.79235125442017,80265.85,5.151654220615588
CGEN,2026-07-06,181.93,84171,184.02482830334696,174.8633726349732,79552.35,4.679591724583066
CGEN,2026-07-07,185.73,86576,184.0916977816471,174.97149828039633,79329.05,3.5417491953316285
CGEN,2026-07-08,181.63,101457,183.9951606137394,175.03775202885012,80130.25,3.8404572937697994
CGEN,2026-07-09,179.21,74163,183.80750725633786,175.0792669340357,80245.4,4.679124099140759
CGEN,2026-07-10,176.48,58808,183.52015403059912,175.09320457648312,77908.4,5.9371634086198535
CGEN,2026-07-11,177.14,66735,183.2699519117521,175.1135707001002,78080.95,6.714440860669183
CGEN,2026-07-12,175.63,85175,182.97034595442847,175.11870930009923,77475.7,7.540194245391647
CGEN,2026-07-13,175.42,51099,182.67425395621558,175.1217072175112,77877.05,7.822863047742309
CGEN,2026-07-14,179.31,53300,182.54232242852086,175.16338177256083,76087.9,7.3890320132885225
CGEN,2026-07-15,183.53,106500,182.58105488230436,175.24663170517218,76530.75,6.873263267150227
CGEN,2026-07-16,182.25,50017,182.56807233790028,175.31631696183715,75461.3,6.08408254706959
CGEN,2026-07-17,181.44,98126,182.52383420700224,175.37724913137112,77981.4,5.47021712659419
CGEN,2026-07-18,179.3,102140,182.39740933613942,175.41628147832265,79401.3,4.858816502214756
CGEN,2026-07-19,183.48,89039,182.43986387197708,175.4965174835135,78499.4,4.792715970472589
CGEN,2026-07-20,186.07,76169,182.58222215150738,175.60172626477205,79918.15,5.313820101013073
CGEN,2026-07-21,185.94,74941,182.71389971419336,175.70459466014745,78869.6,5.350320122393096
CGEN,2026-07-22,186.19,70313,182.8502173724603,175.80892705158877,77491.55,5.8112462135880545
COOP,2025-11-13,84.86,265191,84.86,84.86,265191.0,2.6834702346029493
COOP,2025-11-14,87.39,370796,84.9592156862745,84.88517412935323,317993.5,2.6834702346029493
COOP,2025-11-15,88.99,423845,85.11728565936177,84.92601816786713,353277.3333333333,3.123567671749722
COOP,2025-11-16,89.85,478958,85.30288230017112,84.97501301196795,384697.5,3.2894461919903755
COOP,2025-11-17,89.32,322877,85.46041632761539,85.0182467133414,372333.4,3.031993156324728
COOP,2025-11-18,86.33,413965,85.49451764810107,85.03129898485044,379272.0,2.916410464938017
COOP,2025-11-19,83.09,464057,85.40022283837162,85.01198257704098,391384.14285714284,3.766726980132367
COOP,2025-11-20,83.11,1817112,85.31041017804333,84.99305737726944,569600.125,4.084194928536796
COOP,2025-11-21,85.62,457671,85.32255095537496,84.99929561232148,557163.5555555555,3.852832561895207
COOP,2025-11-22,80.58,458328,85.1365685649681,84.95532252165162,547280.0,4.593273342617441
COOP,2025-11-23,77.74,215147,84.84650705261642,84.88352826770485,517086.0909090909,5.714446644649461
COOP,2025-11-24,83.62,411513,84.79840873682754,84.87095584713067,508288.3333333333,5.489742294001192
COOP,2025-11-25,88.07,382688,84.92670643342254,84.90278713223385,498626.76923076925,5.404913096149011
COOP,2025-11-26,90.43,357882,85.14252186740597,84.9577842751967,488573.5714285714,5.589041770472639
COOP,2025-11-27,90.38,317800,85.34791316672339,85.01173667046837,477188.6666666667,5.885453010844379
COOP,2025-11-28,86.7,454523,85.40093617979306,85.02853531056321,475772.0625,5.864464893663445
COOP,2025-11-29,86.05,206661,85.42638966293843,85.0386991383188,459942.0,5.720650382316973
COOP,2025-11-30,89.85,225266,85.59986457811732,85.08657277873354,446904.44444444444,5.720650382316973
COOP,2025-12-01,91.49,435172,85.83085028093626,85.15028847247748,446286.94736842107,6.011931680206667
COOP,2025-12-02,92.12,193056,86.07748360325249,85.21963883593543,433625.4,6.505927316474782
COOP,2025-12-03,91.61,209431,86.29444503057593,85.28322451915996,430837.4,6.662540445829032
COOP,2025-12-04,94.28,284608,86.60760404898473,85.37274467319817,426528.0,7.040933847903236
COOP,2025-12-05,93.98,358568,86.89671761569122,85.45838900480814,423264.15,7.391538821777656
COOP,2025-12-06,94.2,295822,87.18312084644842,85.54537020874041,414107.35,6.914874674080641
COOP,2025-12-07,96.36,407697,87.54299846031319,85.65297846536987,418348.35,5.373999676914071
COOP,2025-12-08,91.21,503102,87.6868024422617,85.70827221198311,422805.2,4.434054296013975
COOP,2025-12-09,91.88,492989,87.851241562173,85.76968243872955,424251.8,4.227574708043358
COOP,2025-12-10,94.25,479148,88.10217326561721,85.85406370799592,357353.6,4.341217925527702
COOP,2025-12-11,95.86,477724,88.40640176500477,85.95362526314025,358356.25,4.592675906051059
COOP,2025-12-12,94.94,191408,88.66262130363204,86.04304192718861,345010.25,4.0635797973253425
COOP,2025-12-13,95.42,313458,88.92761654662687,86.13634499258973,349925.8,2.998167503512893
COOP,2025-12-14,98.91,562521,89.3190825644062,86.26344603743959,357476.2,3.328854309891512
COOP,2025-12-15,98.75,343941,89.68892246384125,86.38769035547503,355538.85,3.6266740166544675
COOP,2025-12-16,101.45,390433,90.15014119074945,86.53756408328125,357166.4,4.390746263137101
COOP,2025-12-17,102.0,329659,90.61484153621026,86.69141916702971,357759.35,4.862042331352918
COOP,2025-12-18,100.33,466537,90.9958281426334,86.82712643899957,358360.05,5.098648172487755
COOP,2025-12-19,102.21,447247,91.43559958802032,86.98018985751699,370389.35,5.477212747193725
COOP,2025-12-20,104.38,202946,91.94322313358816,87.15332229674567,369273.35,6.070106189215392
COOP,2025-12-21,106.39,291864,92.50976340285922,87.34473202513627,362107.95,6.951590813271739
COOP,2025-12-22,111.04,220277,93.23643934784513,87.58050583583143,363469.0,7.8728636819739215
COOP,2025-12-23,110.23,185412,93.9028534910669,87.80587393696744,362268.05,8.094078421568703
COOP,2025-12-24,115.37,249891,94.74470237377018,88.0801438480424,360532.2,9.312667728410506
COOP,2025-12-25,116.24,409350,95.58765522185763,88.36034142169372,363071.3,10.2706386428433
COOP,2025-12-26,113.42,296252,96.28696286021616,88.6096912582938,363092.8,10.08250974446593
COOP,2025-12-27,114.45,303208,96.9992388264822,88.86680875821126,357868.35,9.688281900384409
COOP,2025-12-28,115.74,520117,97.73417063720838,89.13420369594051,358719.1,9.666028935639112
COOP,2025-12-29,120.33,212822,98.62028159261197,89.44460962931424,344710.75,9.958849314570763
COOP,2025-12-30,122.88,418721,99.57164309878405,89.77730008076385,341689.4,10.628407979623066
COOP,2025-12-31,125.95,281725,100.60608846745919,90.13722744314431,331889.45,11.399018320948299
COOP,2026-01-01,125.28,310065,101.57369284128431,90.48690677206825,337822.3,11.06494842526806
COOP,2026-01-02,117.06,497269,102.1809990043712,90.75131565990837,347012.85,9.714151934275762
COOP,2026-01-03,113.58,362982,102.62801865125861,90.97846674786949,337035.9,8.49437050167791
COOP,2026-01-04,110.51,470922,102.93711595905239,91.17281036231856,343384.95,7.795743872618448
COOP,2026-01-05,115.3,848415,103.42193494105034,91.41288190100195,366284.05,7.451512937312835
COOP,2026-01-06,116.96,425221,103.952839453166,91.6670820810915,371062.15,6.878153153041792
COOP,2026-01-07,115.75,266318,104.41547320010068,91.90671310516024,361051.2,6.8607692376994045
COOP,2026-01-08,118.82,330791,104.9803566040183,92.17450700461139,355228.4,6.863929818619976
COOP,2026-01-09,123.12,278931,105.6917151685666,92.48242235779934,359027.65,6.9490089122573915
COOP,2026-01-10,121.05,389262,106.29400084823067,92.76667686170184,363897.55,6.824248509526557
COOP,2026-01-11,119.78,368748,106.82286356006476,93.03546614666004,371321.1,6.708285480911033
COOP,2026-01-12,117.19,501069,107.22941793025831,93.27580976709129,387103.95,6.720773080286115
COOP,2026-01-13,118.02,365107,107.65257801142465,93.52202061517994,392864.75,6.488804782083928
COOP,2026-01-14,117.65,239055,108.04463377568251,93.76210001204383,384350.0,5.625165162409983
COOP,2026-01-15,117.37,411776,108.41033441193026,93.99700448953593,390126.2,4.624652110467613
COOP,2026-01-16,113.45,263168,108.60796835656046,94.19056663391866,388124.2,4.876288460329955
COOP,2026-01-17,112.78,481026,108.77157744061692,94.37553612014833,386169.65,4.983874229468503
COOP,2026-01-18,113.46,294118,108.95543714882803,94.56543128313193,390234.45,4.430413618970611
COOP,2026-01-19,111.12,306282,109.04032196652105,94.7301533599167,384612.5,5.017514105829026
COOP,2026-01-20,113.62,442511,109.21991718352022,94.91811203295235,392651.8,5.1857821265197535
COOP,2026-01-21,115.7,366837,109.47403807828414,95.12489698784835,395490.4,5.187332057389601
COOP,2026-01-22,109.68,444614,109.48211501639064,95.26972388349165,392857.65,5.785814941126491
COOP,2026-01-23,105.85,292981,109.33967913339494,95.3750002627604,389357.6,6.232253089487313
COOP,2026-01-24,106.06,480631,109.21106426541867,95.48131866810607,389843.05,6.507326861669929
COOP,2026-01-25,106.15,197415,109.09102252951989,95.58747470125924,357293.05,6.594907625843005
COOP,2026-01-26,105.88,369766,108.96510007738186,95.68988788831139,354520.3,6.823217283173844
COOP,2026-01-27,104.9,228329,108.80568438807276,95.78153079489536,352620.85,6.81822345017228
COOP,2026-01-28,107.34,204768,108.74820656893264,95.89654043872726,346319.7,6.305118799588056
COOP,2026-01-29,108.23,503074,108.7278847427,96.0192614293867,357526.85,5.533742598174657
COOP,2026-01-30,106.59,393323,108.64404612533923,96.12444290770127,357729.9,5.386339865145238
COOP,2026-01-31,109.13,303330,108.66310314003181,96.25385143598285,354459.0,5.1478757621598685
COOP,2026-02-01,106.19,379563,108.56611870316783,96.35271858587357,348383.7,4.833161036463748
COOP,2026-02-02,112.06,320104,108.70313365598477,96.50900994322807,346133.55,4.940997808201809
COOP,2026-02-03,113.57,325768,108.89399115967164,96.67877103832032,350469.2,4.9318599934001774
COOP,2026-02-04,113.54,213346,109.07618758478256,96.8465444608246,340547.7,4.427244960419083
COOP,2026-02-05,120.12,477991,109.50927826773227,97.0781211328562,351288.85,6.509248038557773
COOP,2026-02-06,123.73,271795,110.06695362978199,97.34331395740489,340827.3,8.62705653933963
COOP,2026-02-07,120.57,441861,110.4788378011631,97.57442526131132,348214.45,9.339240503745943
COOP,2026-02-08,117.49,503058,110.7537853383724,97.77259018408435,358053.25,9.36637119383248
COOP,2026-02-09,115.58,477735,110.94304865843623,97.94977834145665,359814.45,9.054284093154795
COOP,2026-02-10,119.86,246575,111.29273302477206,98.16779049726306,353801.35,8.780518833702626
COOP,2026-02-11,118.6,185327,111.57929251399669,98.37109606445448,340837.0,8.489538973231555
COOP,2026-02-12,119.16,244921,111.87657516050663,98.5779508299823,338434.0,8.181621197054007
COOP,2026-02-13,121.52,446140,112.25474868362403,98.80622992620138,336709.45,7.550786182777097
COOP,2026-02-14,119.77,199873,112.54946442152114,99.01482465330385,336832.35,6.930579039602055
COOP,2026-02-15,118.05,194788,112.76517169910854,99.20422938312173,328083.45,5.015689011863854
COOP,2026-02-16,115.52,236235,112.87320418149643,99.36657535940908,328478.75,4.452893552400118
COOP,2026-02-17,115.36,236324,112.97072558614363,99.5257139130468,330056.55,4.168150382350146
COOP,2026-02-18,116.48,471091,113.10834419060858,99.69441327709609,328457.4,3.7046354427570627
COOP,2026-02-19,116.24,470036,113.23115422234942,99.85904598080658,332293.05,3.773270599424202
COOP,2026-02-20,116.22,191562,113.34836386068866,100.02184154318662,326704.65,3.083374685396671
COOP,2026-02-21,118.86,276242,113.56450645438714,100.209285905941,321538.6,2.896394144182921
COOP,2026-02-22,118.73,307864,113.7670748287249,100.39357161831971,320926.6,2.918591246240716
COOP,2026-02-23,117.16,223196,113.90013071779451,100.56040175147076,315798.0,2.770543867938458
COOP,2026-02-24,120.83,281245,114.17189029748884,100.76208929623226,319192.95,2.909111963740477
COOP,2026-02-25,116.32,308523,114.25612989366576,100.9168943778618,310719.55,2.975405503806749
COOP,2026-02-26,116.02,194372,114.32530127038474,101.06717403579351,306848.4,3.006424988052558
COOP,2026-02-27,117.83,482361,114.46274043625202,101.23396832399457,308873.4,2.5063693861830614
COOP,2026-02-28,120.27,275760,114.69047610541861,101.4233815745021,297508.5,2.595159828018823
COOP,2026-03-01,124.92,451664,115.09163390520612,101.65717877276577,296204.95,3.9770039526704135
COOP,2026-03-02,131.13,488620,115.7205894383353,101.95044067552433,308307.2,6.485071752252535
COOP,2026-03-03,133.03,340509,116.39938985251823,102.25969002203654,316066.3,8.35523482022466
COOP,2026-03-04,126.97,467874,116.81392358379203,102.50556375316056,327213.95,8.582858275732768
COOP,2026-03-05,126.0,393225,117.17416187462372,102.73933923820374,324568.2,8.530260107405628
COOP,2026-03-06,126.73,384681,117.54890062463848,102.97805228060969,333808.6,8.393679725880379
COOP,2026-03-07,126.34,477791,117.89364961975069,103.21050947184742,347958.75,8.370070305742539
COOP,2026-03-08,126.37,315449,118.22605551701537,103.44095216366983,351919.45,8.251878906921844
COOP,2026-03-09,123.24,175162,118.4226807908579,103.63795761477759,348861.35,7.781578839205155
COOP,2026-03-10,123.31,320095,118.61434036768699,103.83369933005343,341311.55,7.669426529845602
COOP,2026-03-11,119.14,345580,118.63495447091496,103.98600082925688,335088.75,7.240744945282469
COOP,2026-03-12,118.18,180014,118.61711311911438,104.12723465185134,334511.35,6.850443516563189
COOP,2026-03-13,114.96,480422,118.4736969183648,104.23502336178318,344720.35,7.4102223072491835
COOP,2026-03-14,109.87,326244,118.13629703921325,104.29109278106893,345639.35,9.322153050663577
COOP,2026-03-15,108.46,378794,117.7568344102245,104.3325744449389,353419.25,11.08326201263218
COOP,2026-03-16,111.04,223284,117.49342913923532,104.39931499772558,350521.2,11.27201954954261
COOP,2026-03-17,108.6,481581,117.14466721220649,104.44111285844474,359174.1,11.001231780433006
COOP,2026-03-18,108.49,460126,116.8052684980023,104.48140029268909,372461.8,11.242595200426605
COOP,2026-03-19,108.66,405270,116.485846203963,104.5229783992295,368607.25,11.231912327514092
COOP,2026-03-20,110.11,478655,116.23581301949386,104.57857065396354,378752.0,10.614952527935564
COOP,2026-03-21,109.49,486300,115.97127133245489,104.6274405977052,380483.8,9.746045943789587
COOP,2026-03-22,105.21,400363,115.54926069196647,104.63323720867332,376070.95,8.853808549103134
COOP,2026-03-23,100.19,385987,114.9469367432619,104.58902589316415,378344.85,8.957003406690676
COOP,2026-03-24,100.12,397480,114.36548824352614,104.54455797382919,374825.15,8.295814150375968
COOP,2026-03-25,97.83,343921,113.71703772417219,104.47774645170155,372359.95,8.392897973947646
COOP,2026-03-26,96.03,470665,113.02342840165564,104.39368927307765,376659.15,8.414566745619108
COOP,2026-03-27,90.5,470194,112.14015669962993,104.25544360866893,376279.3,9.703375588020544
COOP,2026-03-28,93.8,505080,111.42093486827189,104.15140934390605,385760.85,10.316163095670722
COOP,2026-03-29,92.11,299523,110.66364330481025,104.03159432555873,391978.9,11.005638190401173
COOP,2026-03-30,94.55,225526,110.03173572422945,103.93725010341387,387250.45,10.72048366061798
COOP,2026-03-31,95.45,400885,109.45990295073027,103.85279985362867,390015.7,10.424718353377578
COOP,2026-04-01,96.2,224190,108.93990675658398,103.77665259140352,392224.5,9.879428990094729
COOP,2026-04-02,96.24,736182,108.44187119750227,103.70166102332985,405012.5,9.06470510876033
COOP,2026-04-03,100.38,305973,108.12571938583551,103.66860966986388,403998.95,7.615728338895927
COOP,2026-04-04,100.28,490897,107.81804411580275,103.634892160711,409604.1,5.840603717571383
COOP,2026-04-05,101.36,366614,107.56478748381048,103.61225641781836,416770.6,5.063413531739333
COOP,2026-04-06,104.25,387594,107.4347958177787,103.61860212510375,412071.25,5.75044537214435
COOP,2026-04-07,102.23,518921,107.23068617786582,103.60478518853556,415011.0,6.00037921191716
COOP,2026-04-08,102.41,1271948,107.04163966108678,103.59289677869938,458344.9,6.350442584298984
COOP,2026-04-09,102.92,433490,106.88000673320101,103.58620128836408,456086.65,6.657103988708451
COOP,2026-04-10,100.28,204699,106.62118293974216,103.55330376310673,442006.6,5.842454982263424
COOP,2026-04-11,99.15,317814,106.32819537347777,103.50948979531462,437879.15,5.438069219921152
COOP,2026-04-12,101.55,417520,106.14081516275316,103.48999238441597,439455.8,4.577942712400023
COOP,2026-04-13,100.94,266471,105.93686162695892,103.46461932586456,432905.35,3.98740083069283
COOP,2026-04-14,101.27,923676,105.75384744550955,103.442782317647,461893.1,3.413626217973847
COOP,2026-04-15,101.75,180985,105.59683382019544,103.42593871249629,447409.1,2.829259625320199
COOP,2026-04-16,95.26,190897,105.19146778803092,103.34468559097891,433444.25,3.1302190923206195
COOP,2026-04-17,100.14,201317,104.99337101202971,103.31279817216321,418256.1,3.1399386017996243
COOP,2026-04-18,101.7,210413,104.8642192076364,103.29675042915662,413800.6,3.1363584127776347
COOP,2026-04-19,105.0,243096,104.86954394459184,103.31369818608043,414679.1,3.508681247050097
COOP,2026-04-20,103.23,340879,104.80524810362745,103.3128653683085,411678.8,3.384208499830368
COOP,2026-04-21,101.93,378971,104.69249327603423,103.29910551389747,419417.85,3.3716479690897403
COOP,2026-04-22,105.9,220030,104.73984648089564,103.32498506102289,393610.25,3.837226419355655
COOP,2026-04-23,106.57,489696,104.81161720713501,103.35727376688335,402796.4,4.319459816272168
COOP,2026-04-24,108.23,361575,104.9456714343062,103.40575860502382,396330.3,4.973583679338164
COOP,2026-04-25,117.74,327949,105.44740980943146,103.54838787263553,394397.05,7.733962713786246
COOP,2026-04-26,115.77,186848,105.85221726788514,103.66999595350484,384359.75,9.051874745106282
COOP,2026-04-27,117.95,349918,106.32664012012494,103.81208554600728,375909.6,10.317653227932311
COOP,2026-04-28,122.36,457565,106.95539933110042,103.99664190873358,335190.45,12.009180742889098
COOP,2026-04-29,117.46,368535,107.367344455371,104.13060567083573,331942.7,12.376890664761735
COOP,2026-04-30,119.08,439366,107.82666428065058,104.27935586316572,343676.05,11.621757399590589
COOP,2026-05-01,121.86,392080,108.37699117160545,104.45428764562179,347389.35,11.623605623570562
COOP,2026-05-02,125.82,327496,109.06103073350329,104.66688179840168,342888.15,12.02210093906237
COOP,2026-05-03,123.79,1233543,109.63863737140512,104.85716158150215,391241.75,12.084446734733397
COOP,2026-05-04,123.61,566178,110.18653394507551,105.0437569886514,373366.85,11.441888826482081
COOP,2026-05-05,121.9,193966,110.64588555507255,105.21148079970959,374015.9,9.784611516430555
COOP,2026-05-06,114.97,468504,110.81545867055992,105.30858049324482,387896.25,8.476938341986394
COOP,2026-05-07,116.84,433574,111.05171519328306,105.42332098584934,399509.1,6.846770073512994
COOP,2026-05-08,117.54,237945,111.30615773472294,105.54388495613941,400885.7,5.077626059596304
COOP,2026-05-09,120.75,280475,111.676504490224,105.6951895834415,402754.65,5.012979965236317
COOP,2026-05-10,119.49,420174,111.98291607884268,105.83245137863115,406719.4,4.683444421400149
COOP,2026-05-11,118.75,312271,112.24829191888807,105.96098420073432,403384.4,4.62624773783902
COOP,2026-05-12,117.86,202423,112.46835890246109,106.07938236789118,402504.05,4.6314157164364005
COOP,2026-05-13,121.1,440752,112.80685463177635,106.22884124980271,400056.85,4.517102117337405
COOP,2026-05-14,116.81,514028,112.96384072464787,106.33412641149621,407679.5,4.705725075799002
COOP,2026-05-15,119.16,215010,113.20682736289697,106.46174704421765,402032.55,4.652938587601662
COOP,2026-05-16,117.8,200576,113.38695178003827,106.5745654815886,402718.95,3.9383462983753326
COOP,2026-05-17,113.53,417706,113.39256151415442,106.6437737852544,406108.35,4.065131835580738
COOP,2026-05-18,109.39,483277,113.23559831752092,106.67109941923196,407393.95,4.925479853344953
COOP,2026-05-19,104.73,336486,112.90204544232404,106.65178499715006,405791.5,6.772514831497226
COOP,2026-05-20,103.94,366355,112.55059267987997,106.62480206185504,402140.95,8.404728334640788
COOP,2026-05-21,95.66,383139,111.88821649635527,106.51569955377687,401693.9,11.544338183429986
COOP,2026-05-22,96.96,263335,111.30279624159624,106.4206179661771,398485.85,13.280858038818344
COOP,2026-05-23,93.59,438393,110.6081767811415,106.29295012571762,358728.35,14.76470212055714
COOP,2026-05-24,100.43,310344,110.20903259364576,106.23461231352144,345936.65,14.761509948563251
COOP,2026-05-25,99.65,302627,109.79495288409103,106.16909378303865,351369.7,14.622650656610386
COOP,2026-05-26,101.33,328714,109.46299394746,106.12094359614274,344380.2,14.168604784468197
COOP,2026-05-27,98.69,500229,109.04052359657923,106.0470038588677,347712.95,13.035002608150839
COOP,2026-05-28,99.85,410675,108.68011090651731,105.98534212892872,356349.45,12.145201586055615
COOP,2026-05-29,99.38,315174,108.31540067488918,105.91961733162596,358084.4,10.293438677511329
COOP,2026-05-30,103.23,259164,108.11597319744254,105.89285497011724,350033.9,7.929811916619519
COOP,2026-05-31,104.75,368554,107.98397424852323,105.88148327887231,352848.05,6.210494485806718
COOP,2026-06-01,103.46,440610,107.80656349367918,105.8573889178885,364757.4,5.161863283247527
COOP,2026-06-02,103.46,216314,107.63611002333883,105.83353430179011,353535.5,5.000208402249644
COOP,2026-06-03,99.07,287306,107.30018414007066,105.76623545301608,342199.4,4.764368046720288
COOP,2026-06-04,102.11,397777,107.0966475071267,105.72985500074726,351337.75,4.446749213911486
COOP,2026-06-05,107.16,442369,107.09913191861193,105.7440852992473,363427.4,4.9252061372595595
COOP,2026-06-06,107.75,432814,107.12465615709773,105.76404464950355,364182.8,4.4051256982719575
COOP,2026-06-07,110.34,244108,107.25074807250567,105.80957654353834,352224.35,5.406885376814961
COOP,2026-06-08,108.36,305812,107.29424814809369,105.83495389136384,350690.65,5.630966725503679
COOP,2026-06-09,106.78,500881,107.2740815540508,105.84435733523087,357416.95,5.691721974802953
COOP,2026-06-10,108.76,328333,107.33235286565665,105.87336870502958,354676.65,5.530311379663638
COOP,2026-06-11,113.37,461442,107.56912334151326,105.94796205124818,364582.0,6.140953947442398
COOP,2026-06-12,115.25,492491,107.87033419086568,106.04051964277807,367286.9,6.647088855073741
COOP,2026-06-13,117.72,323418,108.25659559514546,106.1567333776758,367940.6,7.778479610755413
COOP,2026-06-14,121.73,404923,108.78496439533583,106.31169125451486,373055.4,9.448600367307922
COOP,2026-06-15,124.77,516608,109.41182853669521,106.49535601815153,382450.1,11.034095317605985
COOP,2026-06-16,122.98,449709,109.94391369211894,106.65938232642863,379924.1,11.644660811379616
COOP,2026-06-17,125.6,291773,110.55787786105545,106.8478461838771,373979.0,11.45367993554587
COOP,2026-06-18,123.13,203575,111.05090225866111,107.00985766463454,368399.05,10.835537228626865
COOP,2026-06-19,120.37,243178,111.41635707204695,107.14279440428993,367599.75,10.411328631525274
COOP,2026-06-20,120.32,218572,111.76551953980982,107.27391087787909,360100.65,9.848247096773733
COOP,2026-06-21,122.27,308204,112.17745995001336,107.42312569501463,353480.35,9.587586647314925
COOP,2026-06-22,120.67,404441,112.51050073628736,107.5549353895916,362886.7,8.682043993903676
COOP,2026-06-23,125.55,328944,113.02185364858981,107.73399075884942,364968.6,7.325342104676075
COOP,2026-06-24,124.49,268537,113.47158487805687,107.90071721896037,358506.6,5.590742937517067
COOP,2026-06-25,135.25,198312,114.32564037303503,108.17284938593589,346303.75,6.937178385772842
COOP,2026-06-26,135.79,308161,115.16737996624934,108.4476469044838,340071.1,7.860717503531033
COOP,2026-06-27,145.96,342405,116.3749336930631,108.82090414921531,344985.95,11.195127496831763
COOP,2026-06-28,146.95,267027,117.57395590117828,109.20029813778034,343046.7,13.683304256816179
COOP,2026-06-29,149.82,419722,118.83850665015169,109.60447427571287,338988.75,16.086420716120525
COOP,2026-06-30,152.26,421901,120.14915344818496,110.02890736749683,343667.15,18.05605738745609
COOP,2026-07-01,154.25,334657,121.48644154825614,110.46891823946204,337327.9,19.853557311274823
COOP,2026-07-02,159.49,371078,122.97677717381472,110.95669019727833,331257.25,21.653026829501368
COOP,2026-07-03,160.42,324371,124.44513885327298,111.44886243412134,331304.9,22.374222870045024
COOP,2026-07-04,159.86,280016,125.83395693745835,111.93056529547337,325059.55,22.110499783740668
COOP,2026-07-05,154.07,480300,126.94125274383255,112.34986315322986,323244.15,20.742667117522117
COOP,2026-07-06,146.83,470420,127.72120361662344,112.69294909200369,324279.7,17.979679360810724
COOP,2026-07-07,145.52,357938,128.41919563165783,113.01958641447132,327587.95,15.57388536924827
COOP,2026-07-08,147.62,436473,129.17216835198496,113.3638691367154,339232.85,11.869650472324098
COOP,2026-07-09,148.34,328543,129.92384802445616,113.71189033933516,343501.1,10.173738980096903
COOP,2026-07-10,155.05,1235992,130.90918731761477,114.12321481357063,394372.1,8.06011087781148
COOP,2026-07-11,156.97,452544,131.93117997182594,114.54955098457988,401589.1,7.864635487174915
COOP,2026-07-12,155.74,283556,132.8648591886171,114.95940619866367,395544.85,7.53992854922706
COOP,2026-07-13,156.03,282943,133.77329608318112,115.36806882355259,393244.8,7.453960089540322
COOP,2026-07-14,154.61,377537,134.59042172697795,115.75853580043267,398694.8,7.4323558302054895
COOP,2026-07-15,152.03,488761,135.27432675729256,116.11944589197066,413217.25,7.468198842828196
COOP,2026-07-16,152.97,498251,135.9682747275948,116.48611807215006,422721.75,7.047281800042304
COOP,2026-07-17,149.47,254317,136.49775415004208,116.81431590227793,418317.35,6.47369933688404
COOP,2026-07-18,156.86,251353,137.29627359513847,117.21278042066322,417533.65,5.976645722592562
COOP,2026-07-19,157.09,281472,138.072498160035,117.609568675184,410621.15,6.2484497088248645
COOP,2026-07-20,155.31,255763,138.74847862434734,117.98469734508267,402314.25,5.824883211108517
COOP,2026-07-21,152.73,433107,139.2967735802553,118.3304217496092,407236.75,4.829956999328389
COOP,2026-07-22,152.88,176139,139.82944912612763,118.67419864762304,397489.8,4.102711312030937
CTUM,2025-11-13,136.89,526905,136.89,136.89,526905.0,0.8273149339882768
CTUM,2025-11-14,137.67,2007544,136.9205882352941,136.89776119402987,1267224.5,0.8273149339882768
CTUM,2025-11-15,137.62,4178784,136.9480161476355,136.90494764981068,2237744.3333333335,0.6549236596734231
CTUM,2025-11-16,135.64,638993,136.89672139674784,136.89236110603147,1838056.5,1.4195685964404867
CTUM,2025-11-17,136.25,853443,136.87135977334597,136.88596945323513,1641133.8,1.317210119912538
CTUM,2025-11-18,135.42,1357410,136.814443703803,136.87138269250642,1593846.5,1.4549046360500753
CTUM,2025-11-19,133.83,1257996,136.6974066958107,136.84112017815312,1545867.857142857,2.04883067696115
CTUM,2025-11-20,133.1,514887,136.55633192342597,136.8038951017536,1416995.25,2.5061834244808936
CTUM,2025-11-21,133.35,1373308,136.43059341662496,136.76952798631328,1412141.111111111,2.645661542979356
CTUM,2025-11-22,131.6,821331,136.24115838067888,136.71808989689723,1353060.1,3.113984987118576
CTUM,2025-11-23,131.21,1164493,136.04385805202483,136.66328303225148,1335917.6363636365,3.4469660572741105
CTUM,2025-11-24,128.62,1027925,135.7527263637101,136.58325036526392,1310251.5833333333,4.2327569996612855
CTUM,2025-11-25,128.4,4715000,135.46438415336854,136.50182498849512,1572155.3076923077,4.730764798309342
CTUM,2025-11-26,126.57,4361520,135.1155847748051,136.40300085925637,1771395.642857143,5.394013279390544
CTUM,2025-11-27,126.8,987569,134.78948341108725,136.30744861190058,1719140.5333333334,5.73682365115012
CTUM,2025-11-28,126.47,836119,134.46322915967207,136.20956355108567,1663951.6875,5.772913494915718
CTUM,2025-11-29,125.37,1235021,134.10663193772413,136.10170719734353,1638720.4705882352,5.715571378376656
CTUM,2025-11-30,125.02,1077120,133.7502934303624,135.99144145408638,1607520.4444444445,5.777259619299706
CTUM,2025-12-01,125.91,673134,133.44283094289722,135.89112860379697,1558342.2105263157,5.357543836641769
CTUM,2025-12-02,123.52,841262,133.05370031768555,135.76803279679402,1522488.2,5.165738367805245
CTUM,2025-12-03,123.31,1164200,132.67159442287436,135.64407227145279,1554352.95,5.026136865000204
CTUM,2025-12-04,124.7,1039926,132.35898287687928,135.5351760299458,1505972.05,4.6045268128581345
CTUM,2025-12-05,124.58,745641,132.0539247248448,135.4261693032797,1334314.9,3.860509062258509
CTUM,2025-12-06,122.04,1242903,131.66122179445873,135.2929735888192,1364510.4,3.6013877819590348
CTUM,2025-12-07,122.06,1237242,131.28470329271525,135.16130220982598,1383700.35,3.096593772922975
CTUM,2025-12-08,121.47,473205,130.89981296751074,135.02507034704166,1339490.1,3.072666093651698
CTUM,2025-12-09,122.52,1267913,130.57119285113777,134.9006417863746,1339985.95,2.743722905946452
CTUM,2025-12-10,122.83,1046276,130.2676166608971,134.78053589795294,1366555.4,2.6172870989330965
CTUM,2025-12-11,123.27,2048016,129.99320032125408,134.66600320245092,1400290.8,2.3417557339701958
CTUM,2025-12-12,123.11,926792,129.72327089689117,134.55101809595888,1405563.85,2.044994995829308
CTUM,2025-12-13,123.16,691558,129.46588772446407,134.43767463231748,1381917.1,1.8908187656133209
CTUM,2025-12-14,122.23,990303,129.1821274215439,134.31620523299094,1380036.0,1.804097328397097
CTUM,2025-12-15,123.49,1366696,128.9589067383461,134.20848179783678,1212620.8,1.3858004887087314
CTUM,2025-12-16,123.93,1057629,128.76169470939135,134.10620834711204,1047426.25,1.4206756247536239
CTUM,2025-12-17,126.15,1168256,128.65927530902306,134.027042094902,1056460.6,1.8894910356035732
CTUM,2025-12-18,124.39,935458,128.4918527478849,133.93115112878357,1061427.55,1.8521154003041609
CTUM,2025-12-19,124.34,953956,128.3290349930659,133.83571678919367,1047374.3,1.824142015690248
CTUM,2025-12-20,123.34,482917,128.1333865619653,133.73128179626636,1017664.15,1.7524252033700298
CTUM,2025-12-21,125.3,1296488,128.02227336345686,133.64738844505973,1048831.85,1.8330823213110792
CTUM,2025-12-22,125.37,1252664,127.91826264332131,133.56502637097955,1069401.95,1.7358133366120865
CTUM,2025-12-23,125.52,920035,127.82421312789695,133.48497635733796,1057193.7,1.7644220873129415
CTUM,2025-12-24,126.56,1293763,127.77463614248924,133.4160711199515,1069885.55,1.9490716302332745
CTUM,2025-12-25,127.18,834244,127.7513170780779,133.35402066104655,1074315.7,2.2058327088789946
CTUM,2025-12-26,128.14,719110,127.76655954560427,133.30213985844907,1048126.05,2.525596219457157
CTUM,2025-12-27,127.66,980589,127.7623807398943,133.24599916334012,1035293.4,2.6205121762613715
CTUM,2025-12-28,127.59,1214695,127.75562071087883,133.1897205646999,1072367.9,2.422359783986889
CTUM,2025-12-29,127.37,1056545,127.74049833006006,133.1318128973895,1061799.5,2.323718718201234
CTUM,2025-12-30,128.85,1306399,127.78400819946947,133.08920779393287,1074805.65,2.430169916729273
CTUM,2025-12-31,129.12,1213331,127.83640003478439,133.04971318901812,1033071.4,2.6835554619911606
CTUM,2026-01-01,129.23,1066082,127.89105101381246,133.01170609260998,1040035.9,2.7319494760263514
CTUM,2026-01-02,130.37,1293422,127.9882646995453,132.9854204598477,1070129.1,2.8490915266928196
CTUM,2026-01-03,128.14,915972,127.9942151034847,132.93720732094374,1066412.55,2.3047117290122223
CTUM,2026-01-04,126.27,852423,127.92659882491668,132.8708669495911,1040698.9,2.1657892313209652
CTUM,2026-01-05,127.25,1293734,127.90006553766504,132.81493792521707,1052504.15,1.939682234369862
CTUM,2026-01-06,128.43,924823,127.92084728128602,132.77130670208058,1040332.5,1.6801942587847283
CTUM,2026-01-07,129.49,897429,127.9823826820199,132.73865688414944,1038431.05,1.6524785330521692
CTUM,2026-01-08,129.06,742787,128.02464218468577,132.70205333306336,1027872.6,1.6190889532270956
CTUM,2026-01-09,128.55,483928,128.045244451953,132.6607393695503,1027923.15,1.618008543967592
CTUM,2026-01-10,129.53,1004265,128.10347015971956,132.6295877340324,1013312.0,1.6465472115249895
CTUM,2026-01-11,131.61,1123147,128.2409811338482,132.61944258245,1006836.15,2.0042893906666803
CTUM,2026-01-12,131.21,1309570,128.35741324624632,132.60541827814703,1026312.9,2.116496723153962
CTUM,2026-01-13,132.04,1166419,128.5018284130602,132.59979222562816,1019945.7,2.421119303404782
CTUM,2026-01-14,133.49,952915,128.69744298509707,132.6086500144279,1025879.25,2.9407267407457027
CTUM,2026-01-15,132.45,1362899,128.84460208372073,132.60707140731915,1058068.7,3.1432976183592576
CTUM,2026-01-16,132.69,567544,128.9954020020062,132.60789656744535,1037416.45,3.3411857349427887
CTUM,2026-01-17,132.99,473407,129.1520529038883,132.61169859164988,1000352.05,3.434543253860394
CTUM,2026-01-18,133.01,636705,129.30334494687307,132.61566178974294,979360.05,3.090523267334291
CTUM,2026-01-19,132.21,1187788,129.41733141954472,132.6116253540241,973429.5,2.7085980315845717
CTUM,2026-01-20,132.89,1198915,129.55351450113122,132.61439525099902,972708.7,2.502263919988298
CTUM,2026-01-21,133.09,586081,129.69220020696923,132.61912763656125,948708.65,2.412432428023779
CTUM,2026-01-22,133.77,2682014,129.852113924343,132.63057910286412,1018138.25,2.227584219742198
CTUM,2026-01-23,134.79,963019,130.04575651554524,132.65206587796,1020490.6,1.8793357562223731
CTUM,2026-01-24,134.67,1376689,130.22709939728855,132.67214482444797,1046703.9,1.5478168336563667
CTUM,2026-01-25,133.2,1396059,130.3436837346498,132.67739711475195,1051820.15,1.4421704110492914
CTUM,2026-01-26,133.69,982225,130.47491182348708,132.68747276535146,1054690.25,1.225155966747805
CTUM,2026-01-27,134.87,1281454,130.64726822256603,132.70918945425345,1073891.5,1.2803135883899706
CTUM,2026-01-28,137.04,830138,130.89796358638696,132.7522820964997,1078259.05,1.9382384094503822
CTUM,2026-01-29,137.0,799383,131.13725913201884,132.79454794628577,1094031.8,2.272598871747658
CTUM,2026-01-30,136.62,1367412,131.35226857782203,132.83261214582524,1112189.15,2.423543518654818
CTUM,2026-01-31,138.24,856173,131.62237569241725,132.88641700009563,1098840.45,2.8229963476989255
CTUM,2026-02-01,138.44,793152,131.8897335084009,132.94167653243298,1073019.55,3.1026966293253566
CTUM,2026-02-02,137.77,531523,132.12033219434596,132.98971955201077,1041274.75,3.0255281983682516
CTUM,2026-02-03,136.98,1333268,132.31090740241083,133.02942383507533,1060292.4,2.870565117430214
CTUM,2026-02-04,136.81,907434,132.48734240623787,133.06704150835816,1037519.15,2.6588087320503053
CTUM,2026-02-05,134.94,574703,132.58352505697366,133.08567791126006,1037877.1,2.527706035558407
CTUM,2026-02-06,134.41,801792,132.65515152532762,133.0988552454764,1054296.35,2.565467954229095
CTUM,2026-02-07,137.23,887166,132.8345573478638,133.13996116343185,1066819.4,2.5324408370991045
CTUM,2026-02-08,138.21,946614,133.0453590204966,133.1904093110594,1054760.7,2.278158144854681
CTUM,2026-02-09,136.15,882913,133.16710964714377,133.21985797463094,1038960.6,1.9219078561921317
CTUM,2026-02-10,136.55,675285,133.29977201392245,133.25299371617692,1043420.8,1.7450829272781556
CTUM,2026-02-11,136.03,1238797,133.40683977808237,133.28062561949855,971259.95,1.776251300159816
CTUM,2026-02-12,135.62,2741184,133.4936303750203,133.30390297651846,1060168.2,1.83622881573539
CTUM,2026-02-13,136.84,878299,133.62486055639206,133.33908802152823,1035248.7,1.8363917379974648
CTUM,2026-02-14,137.38,485714,133.77212092672963,133.379296100916,989731.45,1.7440422920572287
CTUM,2026-02-15,137.79,1272393,133.92968481195592,133.4231837019019,1004239.85,1.6465156767024967
CTUM,2026-02-16,138.54,937170,134.11048148599687,133.47409729690787,987025.65,1.7641568667638847
CTUM,2026-02-17,140.05,979110,134.34340378066366,133.53952916460034,994474.25,2.2245919801219194
CTUM,2026-02-18,141.91,504957,134.64013304416704,133.62281743161924,979752.95,2.996065483116439
CTUM,2026-02-19,141.87,564413,134.92365723851344,133.7048789497126,939603.0,3.335814644230146
CTUM,2026-02-20,143.02,556362,135.24116087621883,133.79756672135724,924612.45,3.615277507473669
CTUM,2026-02-21,142.36,637025,135.52033103793576,133.88276506243827,916806.1,3.9082077621448237
CTUM,2026-02-22,142.65,515430,135.7999258991932,133.97000123097123,916001.45,4.199067400384072
CTUM,2026-02-23,141.61,714725,136.0277719423621,134.04602111922028,885074.3,4.11512053686989
CTUM,2026-02-24,139.33,499550,136.15727108187733,134.09859802350667,864680.1,3.9231477045975796
CTUM,2026-02-25,139.33,584902,136.2816918237645,134.15065177451655,865190.05,3.6075298998100296
CTUM,2026-02-26,139.92,603833,136.42437057577376,134.20805822452135,855292.1,3.1059876594508165
CTUM,2026-02-27,138.68,665080,136.51282663162579,134.2525551576107,844187.8,2.8390686833911625
CTUM,2026-02-28,140.13,2117486,136.65467656764048,134.31103719584343,902731.4,2.545540946202336
CTUM,2026-03-01,139.7,956673,136.77410101596828,134.3646587162828,906419.4,2.294641751827998
CTUM,2026-03-02,141.55,692843,136.96139117220483,134.43615464945412,907297.3,2.126737072824142
CTUM,2026-03-03,142.99,682590,137.19780720466738,134.5212675385143,879486.95,2.2544935897348255
CTUM,2026-03-04,142.18,1010616,137.39318731428827,134.59747383166342,792958.55,2.274312599929785
CTUM,2026-03-05,141.58,1084848,137.5573760470613,134.66695170398518,803286.0,2.2601203714422318
CTUM,2026-03-06,141.09,1017370,137.69591031972556,134.73086263230374,829868.8,2.099148571510905
CTUM,2026-03-07,140.26,569421,137.79646285620692,134.78587892451964,794720.2,2.019858552332338
CTUM,2026-03-08,139.62,517997,137.86797411674783,134.83397963173834,773761.55,1.8973617093336257
CTUM,2026-03-09,138.91,1010209,137.90883787687537,134.87453704833797,775316.5,1.9490820958812711
CTUM,2026-03-10,138.02,701236,137.91319717582144,134.90583518716048,785130.45,2.132894257127929
CTUM,2026-03-11,138.47,578423,137.9350325806912,134.94129951365642,785830.95,2.225255140329266
CTUM,2026-03-12,138.81,491013,137.96934502850723,134.97979404585885,782563.5,2.2946883541907193
CTUM,2026-03-13,136.06,3387932,137.8944687528795,134.9905423638105,920108.85,2.773959784246473
CTUM,2026-03-14,134.41,734307,137.75782291943327,134.98476582287708,931052.7,3.550586876888241
CTUM,2026-03-15,133.85,1009820,137.60457496180842,134.9734746206594,945807.45,4.218498508987642
CTUM,2026-03-16,133.11,773315,137.42831712016888,134.95493258463296,959495.7,4.7084700391837835
CTUM,2026-03-17,131.89,668164,137.2111282134956,134.92443574299483,963658.8,4.98178059654268
CTUM,2026-03-18,131.91,1343900,137.00324083257422,134.8944413574924,1000662.15,5.095051210798627
CTUM,2026-03-19,133.37,463137,136.86076079992424,134.8792727867711,990565.0,4.875890789282734
CTUM,2026-03-20,131.3,755536,136.64269174894682,134.8436581321764,922467.5,4.829876755986968
CTUM,2026-03-21,131.53,978617,136.44219403330186,134.81068640946816,923564.7,4.673034757644663
CTUM,2026-03-22,131.58,525821,136.2515197574861,134.77854027604062,915213.6,4.429305132415826
CTUM,2026-03-23,131.69,1256177,136.07263662974154,134.7478085320004,943892.95,4.124825870450735
CTUM,2026-03-24,131.39,993160,135.88900382073209,134.71439750183123,943020.15,3.8539317906851887
CTUM,2026-03-25,131.17,1093154,135.70394484737005,134.6791298649971,943435.45,3.3053335395529326
CTUM,2026-03-26,131.05,658776,135.5214372062967,134.64301912007176,925505.75,2.2382884760903776
CTUM,2026-03-27,132.32,1167154,135.39589064918704,134.6199045019616,955392.4,1.6078885632621713
CTUM,2026-03-28,131.15,2726430,135.22938513353267,134.58537808900675,1065814.05,1.3344938230420562
CTUM,2026-03-29,131.56,610596,135.0854876773157,134.55527482443952,1045833.4,1.0574149486495386
CTUM,2026-03-30,131.44,1175282,134.9425273762445,134.5242770649924,1069535.7,0.8953375107985131
CTUM,2026-03-31,129.87,1321869,134.74360473403883,134.47796585041536,1106708.0,1.1410866350949584
CTUM,2026-04-01,127.53,1183605,134.46071827388045,134.40883186185403,1141337.6,1.9492051423116865
CTUM,2026-04-02,126.64,1319183,134.15402343961063,134.33153005228334,1037900.15,2.459331522683077
CTUM,2026-04-03,124.65,1099476,133.78131663805726,134.23519641992232,1056158.6,3.4414245429206325
CTUM,2026-04-04,125.19,1153326,133.44440226009422,134.14519446549522,1063333.9,3.937673858014274
CTUM,2026-04-05,125.54,896092,133.13442570087486,134.05957063996792,1069472.75,4.201345104465269
CTUM,2026-04-06,124.39,1188556,132.7915070459386,133.96335600673441,1095492.35,4.511663593301472
CTUM,2026-04-07,124.2,1134877,132.45458520099984,133.86620818577188,1085041.2,4.726517024915311
CTUM,2026-04-08,124.07,1090897,132.12577793821555,133.76873347745575,1116429.2,4.845179886430356
CTUM,2026-04-09,124.55,1377371,131.82868860730514,133.67700478613781,1147520.95,4.797679899449687
CTUM,2026-04-10,124.77,812815,131.55187728937162,133.58837787284293,1139230.85,4.3848922230419145
CTUM,2026-04-11,126.92,760366,131.3702350427296,133.5220258542077,1150958.1,3.971161841782266
CTUM,2026-04-12,125.73,705173,131.14904935477944,133.44449325864346,1123407.9,3.3267531319741823
CTUM,2026-04-13,126.68,1135362,130.9737925173371,133.3771848680102,1130518.0,2.4332286751794223
CTUM,2026-04-14,125.29,643303,130.7508986931278,133.29671536683597,1108025.45,1.6691524548654992
CTUM,2026-04-15,124.82,953229,130.5183144306522,133.2123699403003,1122748.1,1.4160229091091663
CTUM,2026-04-16,125.01,1332180,130.3023021000384,133.1307543190038,1130999.4,1.282740723504704
CTUM,2026-04-17,124.76,1135244,130.08495691964472,133.04746323125255,1051440.1,1.2763693357801218
CTUM,2026-04-18,124.58,1353088,129.86907625612923,132.96320986576745,1088564.7,1.2952835512053287
CTUM,2026-04-19,124.17,1277725,129.64558306961436,132.87571524023744,1093686.85,1.3295465227080505
CTUM,2026-04-20,123.85,656023,129.4183053021785,132.78590712839429,1060394.55,1.3884452527130255
CTUM,2026-04-21,124.18,480846,129.21288156483817,132.70027621169385,1025256.6,1.3903547258658062
CTUM,2026-04-22,126.47,784771,129.10531758190334,132.63828341356756,998536.0,1.4570437102666027
CTUM,2026-04-23,127.01,515533,129.02314826496595,132.58228059353206,969338.85,1.6137210429304938
CTUM,2026-04-24,127.27,690907,128.95439735261436,132.52942208016358,946217.9,1.7741007627766168
CTUM,2026-04-25,126.95,714975,128.87579353486478,132.47390544255,937162.05,1.7783467519948766
CTUM,2026-04-26,126.48,1082503,128.78184084722304,132.4142645923754,931859.4,1.8212346373810968
CTUM,2026-04-27,125.36,606983,128.64765101007703,132.34407290488906,905464.7,1.7534897700378616
CTUM,2026-04-28,124.83,1204037,128.49793920576028,132.26930601031304,911121.7,1.770048891111243
CTUM,2026-04-29,122.79,899130,128.27409845259322,132.17498455747412,887209.65,2.0518160342639433
CTUM,2026-04-30,122.25,938071,128.03785929758956,132.07622849222565,893472.45,2.382819602538738
CTUM,2026-05-01,122.76,1247835,127.83088442317428,131.98352970125822,917845.9,2.5561334607629362
CTUM,2026-05-02,122.31,1258464,127.61437915167726,131.88727567438002,945510.45,2.762798091917769
CTUM,2026-05-03,120.89,751032,127.35067800847422,131.77785004577925,926293.95,3.1678388133321995
CTUM,2026-05-04,119.64,745189,127.04829847873013,131.65707541845808,931388.25,3.7245947673968454
CTUM,2026-05-05,120.21,596874,126.78012991093681,131.54317417051323,913570.5,4.0584941450341
CTUM,2026-05-06,119.93,1146376,126.51149736540988,131.4276201986673,904280.3,4.198517988136375
CTUM,2026-05-07,118.97,738113,126.21575237068794,131.3036637787801,884423.75,4.264289938702599
CTUM,2026-05-08,118.53,697269,125.91435031693547,131.17656264665294,851632.8,4.153126586026737
CTUM,2026-05-09,118.72,1124903,125.63221893195761,131.05261674967133,843991.7,3.850444618967791
CTUM,2026-05-10,119.93,1357546,125.40860250325339,130.94194394619203,879067.85,3.2957827698341857
CTUM,2026-05-11,119.66,605942,125.18316711096894,130.8296857974737,885322.65,2.8144075948398117
CTUM,2026-05-12,120.25,1379806,124.98970957720546,130.7244152920262,915074.4,2.2198897359018543
CTUM,2026-05-13,119.36,863946,124.76893665260917,130.6113365329016,932495.05,2.0214336727700433
CTUM,2026-05-14,117.95,1119683,124.5015273721147,130.48535308481303,953933.85,2.017748616162084
CTUM,2026-05-15,116.82,1267275,124.20029100458079,130.3493794222776,981548.85,1.9839835676500366
CTUM,2026-05-16,115.0,810269,123.83949527891096,130.19664927877236,967937.15,2.333341117203585
CTUM,2026-05-17,114.13,606111,123.45873075816935,130.03678212176965,967893.55,2.8883798074508897
CTUM,2026-05-18,115.51,1343159,123.14701582647645,129.89223702603067,974849.65,3.076438754808888
CTUM,2026-05-19,116.39,474018,122.88203481367346,129.75788640885622,953594.05,3.027854138959696
CTUM,2026-05-20,116.08,872497,122.61528835039215,129.6217880366288,950315.35,2.982797105307494
CTUM,2026-05-21,113.94,952396,122.27508096410226,129.46575034472207,935543.4,3.269532870657511
CTUM,2026-05-22,113.14,1110381,121.91684249492178,129.30330506766018,928139.25,3.6157109099895846
CTUM,2026-05-23,113.13,1049333,121.5722604362974,129.14237665902675,943054.3,3.8226144791289594
CTUM,2026-05-24,113.02,743886,121.23687767408967,128.981955000728,942989.15,3.7591799725387647
CTUM,2026-05-25,114.04,761259,120.95464717706655,128.83327883156653,951208.4,3.4842781111797763
CTUM,2026-05-26,112.24,849551,120.61289630737767,128.66817157951115,936367.15,3.103210784064197
CTUM,2026-05-27,112.57,1122847,120.29748860904914,128.50799076777471,955603.85,2.630159920764124
CTUM,2026-05-28,112.98,1151955,120.01052827143938,128.3534833969511,978338.15,2.2517040250633067
CTUM,2026-05-29,113.13,585225,119.74070363334373,128.2020059502153,951354.25,1.982236499125259
CTUM,2026-05-30,112.12,981378,119.4418525104675,128.04198599051168,932545.85,2.0531733680144324
CTUM,2026-05-31,110.93,1031201,119.1080543728021,127.87171747319316,953808.8,2.3310903924098025
CTUM,2026-06-01,111.45,717320,118.80773851504516,127.70831729933055,920684.5,2.297910780697732
CTUM,2026-06-02,110.22,758023,118.47096445563163,127.53430419187453,915388.35,2.15416479442531
CTUM,2026-06-03,108.74,890817,118.08935800639118,127.34729618996533,903945.05,2.219722937121997
CTUM,2026-06-04,108.11,546332,117.69801063359152,127.15588030747813,867897.9,2.6458919018068627
CTUM,2026-06-05,107.71,972423,117.30632394207812,126.96238896113508,876005.6,3.050236727437703
CTUM,2026-06-06,109.8,773871,117.01195829729076,126.79161892172081,884393.6,3.026049540932725
CTUM,2026-06-07,108.49,636689,116.67776385425975,126.60951326080817,849070.1,3.1032561992953402
CTUM,2026-06-08,108.71,470070,116.36530252664173,126.43140865124789,848872.7,2.8971348104452477
CTUM,2026-06-09,109.49,585315,116.09568281971461,126.26283742088722,834513.6,2.8224182260715196
CTUM,2026-06-10,109.77,698051,115.84761682678462,126.09872958585353,821796.35,2.653902501791391
CTUM,2026-06-11,108.86,1159494,115.57359263749895,125.9271999382331,824252.0,2.3852402429288313
CTUM,2026-06-12,108.79,726271,115.30756939681272,125.75668053586263,808098.9,1.936297482197448
CTUM,2026-06-13,108.32,813032,115.03354706752596,125.58318122704807,811556.2,1.6252711100990092
CTUM,2026-06-14,107.04,600237,114.72007463350535,125.3986719611073,803505.1,1.6735251010188323
CTUM,2026-06-15,106.57,1198256,114.40046386356396,125.21132199134505,820940.35,1.5585427470908142
CTUM,2026-06-16,105.77,1152152,114.06201430028693,125.01787600138142,822405.6,1.7721126105300289
CTUM,2026-06-17,104.64,1174260,113.69252354341295,124.8151110660443,823520.85,2.2835252352457194
CTUM,2026-06-18,104.38,1188512,113.32732654171048,124.61177662757619,853685.2,2.7046105323821084
CTUM,2026-06-19,105.1,1093173,113.00468628517282,124.41762959645604,859274.95,2.9043989230819807
CTUM,2026-06-20,106.42,898437,112.74646329359742,124.23854870494901,852636.75,2.764345226807115
CTUM,2026-06-21,105.83,804196,112.47522943894654,124.05537906609379,856980.55,2.7736085760199374
CTUM,2026-06-22,105.62,626665,112.20639691192903,123.87194245847097,850412.65,2.7436282827399454
CTUM,2026-06-23,106.95,1210819,112.00026369969652,123.70356492157077,866412.75,2.5074195395380476
CTUM,2026-06-24,107.85,1026729,111.83750826049274,123.54581800692829,890432.6,2.2026310441124743
CTUM,2026-06-25,107.79,641300,111.67878244635578,123.38904369840164,873876.45,2.047348895524288
CTUM,2026-06-26,109.13,1240017,111.57883019355752,123.24716266657674,897183.75,2.116398590651107
CTUM,2026-06-27,108.52,1301869,111.45887606831997,123.100623734571,930442.75,2.146984884299627
CTUM,2026-06-28,107.75,1114439,111.3134299479937,122.9478812098489,962661.2,2.1937563750269766
CTUM,2026-06-29,108.17,1227262,111.19015818532728,122.80083761572106,994758.55,2.2826618354345602
CTUM,2026-06-30,107.69,1335589,111.05289708002033,122.65048102252982,1026635.45,2.275788475851292
CTUM,2026-07-01,108.01,1182557,110.93356778276463,122.50480459444495,1027788.6,2.105084014664374
CTUM,2026-07-02,108.58,1365044,110.84127100696995,122.36624932484848,1059727.25,1.825280235899295
CTUM,2026-07-03,108.09,1196808,110.73337802630446,122.22419709276043,1078916.05,1.549837460461648
CTUM,2026-07-04,107.61,1021089,110.61089261350821,122.07878219631506,1099958.65,1.4640745961462986
CTUM,2026-07-05,108.16,748841,110.51477917768436,121.94028685107811,1077487.9,1.232837119266497
CTUM,2026-07-06,109.08,1125331,110.4585133275791,121.81232379783357,1076146.85,0.8782537619239239
CTUM,2026-07-07,109.75,616965,110.43072849120344,121.69230067546707,1048282.1,0.9581747758643339
CTUM,2026-07-08,109.94,585190,110.41148423664644,121.5753623602883,1018116.0,1.1382402192450398
CTUM,2026-07-09,110.47,1071433,110.41377897246423,121.46486124227549,1017029.0,1.3563244712944602
CTUM,2026-07-10,109.38,611961,110.37323862060288,121.34461386673047,1002705.2,1.3755458457027134
CTUM,2026-07-11,109.65,644446,110.3448763217557,121.22824954964858,994717.7,1.4295798295354405
CTUM,2026-07-12,108.49,1243543,110.27213607384371,121.1015007979108,1025561.6,1.37064299701939
CTUM,2026-07-13,107.51,1936647,110.16381701212435,120.96626198400125,1061853.0,1.445848784899305
CTUM,2026-07-14,107.0,1052536,110.03974575674694,120.82729420306592,1063143.35,1.5551965354063357
CTUM,2026-07-15,108.35,769819,109.97348121726667,120.70314202194089,1069569.3,1.5351480939418414
CTUM,2026-07-16,108.17,602877,109.90275646364836,120.57843414112557,1037712.3,1.5502781122361025
CTUM,2026-07-17,109.74,779121,109.89637385723077,120.47058902529348,1011574.9,1.5807031750066474
CTUM,2026-07-18,109.44,840861,109.87847684322173,120.3608319205642,997896.0,1.5094683311883923
CTUM,2026-07-19,108.32,1168736,109.81736010427187,120.24102264772276,994969.7,1.4965051319302693
CTUM,2026-07-20,109.41,656101,109.80138519822201,120.13325127809368,960995.3,1.50730255390698
CTUM,2026-07-21,110.27,1349629,109.81976224927213,120.03510947433156,969348.9,1.5669409198043636
CTUM,2026-07-22,110.75,908394,109.85624216106538,119.94272032533326,946516.4,1.6797339614719227
DTK,2025-11-13,137.95,783530,137.95,137.95,783530.0,0.06363961030679169
DTK,2025-11-14,138.01,215686,137.95235294117646,137.95059701492536,499608.0,0.06363961030679169
DTK,2025-11-15,138.03,431716,137.9553979238754,137.95138709437884,476977.3333333333,0.06244997998398777
DTK,2025-11-16,137.87,239113,137.95204898568423,137.95057727254425,417511.25,0.10781929326423959
DTK,2025-11-17,138.62,377184,137.9782431431084,137.95723819520552,409445.8,0.44919928762187583
DTK,2025-11-18,138.3,411022,137.99086105906494,137.96064876042735,409708.5,0.4207493315502743
DTK,2025-11-19,138.86,369723,138.0249449391016,137.96959752898033,403996.28571428574,0.5646364190470702
DTK,2025-11-20,139.37,330724,138.07769219639175,137.9835318819258,394837.25,0.7975204318923323
DTK,2025-11-21,139.89,306801,138.1487630906509,138.00250171394646,385055.44444444444,1.0627293870031083
DTK,2025-11-22,141.04,362007,138.26214493023323,138.0327255774893,382750.6,1.5508578271395423
DTK,2025-11-23,140.53,228188,138.35108042316526,138.0575740792058,368699.45454545453,1.6676575842125962
DTK,2025-11-24,139.84,190783,138.40946942617836,138.07530966050726,353873.0833333333,1.635899981661463
DTK,2025-11-25,138.15,398977,138.3992941545635,138.07605284796492,357342.6153846154,1.608079360842992
DTK,2025-11-26,138.68,414987,138.41030222693357,138.0820622723633,361460.0714285714,1.5490204277911452
DTK,2025-11-27,138.96,213608,138.43185900234792,138.09079797114575,351603.26666666666,1.48922434453363
DTK,2025-11-28,137.86,197655,138.4094331591186,138.08850147392045,341981.5,1.5077683458062614
DTK,2025-11-29,138.72,1415100,138.4216122509179,138.09478504134415,405106.1176470588,1.4554039600101243
DTK,2025-11-30,140.21,397910,138.49174510382306,138.11583195635566,404706.3333333333,1.4293307528696357
DTK,2025-12-01,140.32,267013,138.56344137426137,138.13776397669045,397459.3157894737,1.46849426695779
DTK,2025-12-02,141.27,373297,138.6695809282119,138.16893050428556,396251.2,1.5833897425848988
DTK,2025-12-03,140.15,386781,138.72763657808596,138.18864263857125,376413.75,1.5704955209483
DTK,2025-12-04,138.71,365451,138.7269449475728,138.19383027400835,383902.0,1.6120290009798193
DTK,2025-12-05,138.49,391683,138.71765298884446,138.19677723645603,381900.35,1.6645347582848697
DTK,2025-12-06,138.05,449870,138.6914705186937,138.19531676644152,392438.2,1.6150550291716939
DTK,2025-12-07,136.77,229352,138.6161187336469,138.18113451005902,385046.6,1.80428747618093
DTK,2025-12-08,136.56,421587,138.53548662644508,138.16500381841666,385574.85,2.0113071852421465
DTK,2025-12-09,135.99,367157,138.43566362148647,138.1433619893777,385446.55,2.294594340360252
DTK,2025-12-10,136.38,350507,138.35504936182033,138.12581609893613,386435.7,2.46393681237664
DTK,2025-12-11,137.43,459673,138.31877291625875,138.11889255566314,394079.3,2.4864418341287706
DTK,2025-12-12,137.25,495064,138.27686025287605,138.11024685859186,400732.15,2.5190893173945117
DTK,2025-12-13,136.79,292535,138.21855200766524,138.09711007392926,403949.5,2.5823700939636787
DTK,2025-12-14,137.53,429657,138.19154996814896,138.0914671876215,415893.2,2.4351169669766017
DTK,2025-12-15,135.4,334618,138.08207742037843,138.06468641958548,412675.25,2.414800090695326
DTK,2025-12-16,136.43,273261,138.01729007055965,138.0484208830722,405588.95,1.868610321326301
DTK,2025-12-17,137.25,290572,137.98720026387105,138.04047639667345,409437.15,1.4010675384337794
DTK,2025-12-18,135.43,444368,137.88691790058198,138.0145015071543,421772.8,1.3542684351728909
DTK,2025-12-19,135.84,169229,137.80664661036306,137.99286467623736,359479.25,1.2035140854374267
DTK,2025-12-20,136.37,491396,137.75030752760372,137.97671676901112,364153.55,1.0430207609115159
DTK,2025-12-21,135.83,363256,137.67500135005062,137.95535640315032,368965.7,1.073222783422562
DTK,2025-12-22,136.72,1296471,137.6375503167153,137.94306429963638,415124.4,1.0776370670832436
DTK,2025-12-23,136.42,480074,137.58980324547156,137.9279094309833,419789.05,1.0577966032495465
DTK,2025-12-24,136.07,220212,137.5302031181982,137.9094227699785,412527.1,1.0713504367114837
DTK,2025-12-25,134.05,396564,137.39372456454336,137.8710205533618,412771.15,1.3695615725841055
DTK,2025-12-26,134.75,191740,137.290049091424,137.8399656224826,399864.65,1.4168136747685471
DTK,2025-12-27,135.55,177012,137.22181187215247,137.8171798948957,397247.65,1.3936869041550763
DTK,2025-12-28,135.91,463559,137.17036826932298,137.79820298051865,399346.25,1.2213701547627747
DTK,2025-12-29,136.42,311410,137.14094206268285,137.78448951802594,396558.9,1.2235363536860642
DTK,2025-12-30,136.46,370786,137.11423845238156,137.7713105178466,397572.85,1.2257093147137308
DTK,2025-12-31,135.57,236426,137.05368008169992,137.74940693060435,386410.5,1.091058879264624
DTK,2026-01-01,135.87,383193,137.00726125496658,137.73070636413067,380816.95,1.0784724774492767
DTK,2026-01-02,136.63,268158,136.99246669594828,137.71975406200002,379598.1,1.123404362924389
DTK,2026-01-03,137.24,476193,137.00217388434245,137.71498038974133,381924.9,1.2348255315658085
DTK,2026-01-04,138.96,326150,137.0789513790741,137.72736864456976,381501.5,1.718888121323368
DTK,2026-01-05,139.5,218823,137.1738944622477,137.74500676750938,378779.6,2.1701182425880408
DTK,2026-01-06,140.08,219901,137.2878593852968,137.76824053101674,375246.05,2.6278726824496426
DTK,2026-01-07,139.94,434616,137.3918648995989,137.7898500779718,374758.45,2.922253782670132
DTK,2026-01-08,139.8,250836,137.48630157020284,137.8098515697333,378838.8,2.851959129987856
DTK,2026-01-09,140.39,479749,137.60017209686154,137.83552468844243,378256.45,2.8636702224343673
DTK,2026-01-10,139.98,381106,137.69349868129837,137.85686275124402,379148.95,2.828552541145754
DTK,2026-01-11,138.0,220702,137.7055183408553,137.85828700247544,325360.5,2.6743100167957676
DTK,2026-01-12,139.15,424911,137.7621646804296,137.87113986812244,322602.35,2.5816509380499424
DTK,2026-01-13,139.9,492634,137.84600135962847,137.89132753112622,336223.45,2.501841217587968
DTK,2026-01-14,140.13,229117,137.9355699337607,137.91360287907523,327851.1,2.1793402129397528
DTK,2026-01-15,139.14,433991,137.98280248537793,137.92580583550236,339963.65,1.7204280070588578
DTK,2026-01-16,140.59,215750,138.08504552516703,137.95231523017398,341900.55,1.3976180679055932
DTK,2026-01-17,140.44,437738,138.17739668104284,137.97706831246083,340609.5,1.0542723129675482
DTK,2026-01-18,141.21,341772,138.2963223013941,138.00923678696373,342127.6,1.156561132775069
DTK,2026-01-19,142.31,225290,138.45372142682965,138.05203045077502,334852.8,1.4972942629589705
DTK,2026-01-20,144.0,430349,138.67122254734613,138.11121422738424,344548.95,2.171935886370761
DTK,2026-01-21,144.31,426993,138.8923510749012,138.17289368780828,346738.95,2.675369569828506
DTK,2026-01-22,144.03,197093,139.09382750333646,138.23117335260622,343185.7,2.9601526727777507
DTK,2026-01-23,144.83,344233,139.31877544438208,138.29683331924696,336587.7,3.3225510687414452
DTK,2026-01-24,145.83,167214,139.5741175838181,138.3717902016425,328640.9,3.727254480383335
DTK,2026-01-25,145.62,986358,139.81121101190368,138.44391169217343,367017.65,3.6676360960387075
DTK,2026-01-26,146.78,266275,140.08449685457413,138.5268578444901,369336.35,3.8238922119158234
DTK,2026-01-27,146.81,235947,140.34824207596338,138.60927716942055,359402.9,3.920847439375298
DTK,2026-01-28,146.07,262469,140.57262473965108,138.68351321748602,359984.55,3.8145226574755275
DTK,2026-01-29,147.75,287131,140.85409043613535,138.773727016317,350353.65,3.5830052154057412
DTK,2026-01-30,148.45,317513,141.15196924256142,138.87000833953772,347174.0,3.5494911413659747
DTK,2026-01-31,148.99,372704,141.4593429977551,138.97070477397017,354774.1,3.343866473785015
DTK,2026-02-01,148.08,410645,141.7189766056863,139.061344527463,354060.8,2.926842614884756
DTK,2026-02-02,150.17,422488,142.05038928781624,139.17187841276188,350553.5,2.912531752408668
DTK,2026-02-03,149.65,335175,142.34841323731365,139.2761383290528,355856.4,2.936534947859011
DTK,2026-02-04,148.59,312517,142.59318134565427,139.36881356955973,349782.7,2.76560966888976
DTK,2026-02-05,148.52,463731,142.825605606609,139.45987015095716,362181.75,2.4222587315632502
DTK,2026-02-06,148.32,292942,143.04107205340864,139.54803064696753,354941.95,2.121536252677648
DTK,2026-02-07,148.98,330724,143.27397118856908,139.64188108829126,354389.55,1.978397203420572
DTK,2026-02-08,151.25,403534,143.58675663215462,139.75738475905453,363301.75,2.0643080486635004
DTK,2026-02-09,151.74,330813,143.90649166618778,139.876614761452,358324.95,2.3096416697950577
DTK,2026-02-10,152.49,195125,144.2430998361412,140.0021210822336,346731.55,2.5657264731769946
DTK,2026-02-11,153.59,189839,144.60964494060627,140.13732385753477,346368.85,2.734464333704859
DTK,2026-02-12,154.51,476871,144.99789415862173,140.28033556044485,353000.75,3.182742894919565
DTK,2026-02-13,155.03,304110,145.39131007396992,140.4270983906892,359845.55,3.607771316702654
DTK,2026-02-14,155.45,630588,145.7857685024417,140.57657999874206,342057.05,3.9851581276272707
DTK,2026-02-15,153.57,426700,146.09103248273811,140.7058677599486,350078.3,3.854166434015883
DTK,2026-02-16,153.84,258166,146.39491356184644,140.8365556429342,351189.25,3.90532893536541
DTK,2026-02-17,154.12,369539,146.69785812804852,140.9687292186264,356542.75,3.8858237702734293
DTK,2026-02-18,154.08,361907,146.9873538877329,141.09918962441122,360281.55,3.632048452531153
DTK,2026-02-19,154.5,315643,147.28196746076298,141.23253102118326,360188.05,3.2600510892301875
DTK,2026-02-20,153.83,277435,147.538753050537,141.35787897122125,355424.6,2.5793875455009254
DTK,2026-02-21,153.33,189887,147.76586077404534,141.47700455359717,344386.7,1.7622543083357192
DTK,2026-02-22,151.28,179095,147.90367015545533,141.57454679684497,332217.05,1.7551613056315531
DTK,2026-02-23,150.71,294804,148.01372230622178,141.66544682871717,330198.5,1.9846165585851718
DTK,2026-02-24,151.31,446365,148.14298809813465,141.76141253191403,336890.9,2.1479831135367555
DTK,2026-02-25,152.58,224998,148.31698856487446,141.8690601684124,324954.25,2.17946245514845
DTK,2026-02-26,151.9,389327,148.45749881723233,141.9688705149954,329773.5,2.2083622605047277
DTK,2026-02-27,151.15,239530,148.5630870989095,142.06022503723423,325213.8,2.215518475522127
DTK,2026-02-28,149.87,269790,148.6143385852268,142.13793424084386,318526.6,2.265398134718632
DTK,2026-03-01,148.4,454419,148.60593315051202,142.20024335287528,324706.9,2.7657971845255935
DTK,2026-03-02,148.45,381021,148.59981812500175,142.26242998618,334001.7,3.0450265927484583
DTK,2026-03-03,147.38,206295,148.55198212009972,142.31335108084488,334824.5,3.3484285513853123
DTK,2026-03-04,149.2,409381,148.57739458597817,142.3818749506872,331450.0,3.2267634458015495
DTK,2026-03-05,150.05,176952,148.6351438179006,142.45817470242164,325092.1,2.8620093993895677
DTK,2026-03-06,148.96,395234,148.64788327602216,142.52286948150203,313324.4,2.5851375980971545
DTK,2026-03-07,149.57,236874,148.68404471617816,142.59299018317864,303833.1,2.2462829186338524
DTK,2026-03-08,148.2,480557,148.66506257044568,142.6487813256346,314952.65,2.2950805307993143
DTK,2026-03-09,148.03,1708668,148.6401581559184,142.70232579005616,381909.1,2.369098712335186
DTK,2026-03-10,146.85,178847,148.56995587529417,142.7435961802049,372756.1,2.4982383078590287
DTK,2026-03-11,146.44,460280,148.4864281939101,142.78037631771528,379987.95,2.3212075592166337
DTK,2026-03-12,146.23,1296681,148.39794081375675,142.81470093146936,430950.25,2.155385409557624
DTK,2026-03-13,145.93,289663,148.3011588210604,142.84569893215127,435939.05,2.051378255527376
DTK,2026-03-14,146.34,394310,148.2242506319992,142.8804680970055,446699.8,2.0154300729915646
DTK,2026-03-15,146.0,482815,148.13702511701885,142.91150821544326,456100.35,2.1303670748545573
DTK,2026-03-16,145.34,209029,148.0273378575279,142.93567231280207,444233.55,2.296177784401832
DTK,2026-03-17,145.36,381432,147.92273637291896,142.95979497635628,452055.25,2.4470686657597494
DTK,2026-03-18,145.98,380731,147.84655063280448,142.98984676763632,451625.45,2.3580946629765944
DTK,2026-03-19,144.06,192308,147.6980584511259,143.0004950585056,449264.35,2.27872135560316
DTK,2026-03-20,144.25,217414,147.56284047265038,143.0129279434956,446645.55,2.239154078889943
DTK,2026-03-21,145.84,369408,147.4952781011739,143.0410580137096,442395.0,1.7500815130148537
DTK,2026-03-22,145.89,222460,147.43232601877494,143.06940569516524,434466.95,1.4865285173738323
DTK,2026-03-23,144.89,284925,147.33262695921516,143.08752106138252,438398.45,1.214306884107097
DTK,2026-03-24,145.3,186582,147.25291609806948,143.10953577718968,427258.5,1.1082907466543221
DTK,2026-03-25,145.08,306576,147.16770370206675,143.12914238637188,433739.7,1.0543362189719736
DTK,2026-03-26,146.69,311559,147.14897022355433,143.16457380541297,429555.95,1.1259089734442398
DTK,2026-03-27,146.51,224695,147.12391256772867,143.19786162824468,428947.0,1.1869216926125865
DTK,2026-03-28,145.29,1040976,147.05199442781773,143.2186789254761,456967.95,1.1377269125195573
DTK,2026-03-29,145.0,165705,146.9715240580994,143.2364035132823,379819.8,1.126588987719807
DTK,2026-03-30,144.68,225377,146.8816603695465,143.25076765742875,382146.3,1.1623077650339217
DTK,2026-03-31,144.08,473136,146.77179133544664,143.25901872551404,382789.1,1.2677976924611531
DTK,2026-04-01,144.52,343538,146.6834857928801,143.27156580287212,335131.95,1.257935907449827
DTK,2026-04-02,144.39,195528,146.59354517355146,143.28269450135102,330425.2,1.2147247347928454
DTK,2026-04-03,145.52,395085,146.55144536282396,143.30495624760624,330463.95,1.1529891872575861
DTK,2026-04-04,145.26,405896,146.50080044663477,143.32440941927186,326618.0,1.1258666991143664
DTK,2026-04-05,145.26,386633,146.45214160559027,143.3436690270403,335498.2,1.0888357654736995
DTK,2026-04-06,145.31,231377,146.40735173870436,143.3632345093583,327995.45,1.0827146514582595
DTK,2026-04-07,145.35,206313,146.36588696463753,143.3830033202105,319274.55,1.0836476861467337
DTK,2026-04-08,144.72,460183,146.301342377789,143.39630676976063,332668.3,1.1006002358348599
DTK,2026-04-09,144.03,446745,146.21227012767966,143.40261217503667,344134.85,0.9808442763784798
DTK,2026-04-10,143.18,360524,146.093357573653,143.4003971285189,343690.65,0.9985228788362552
DTK,2026-04-11,144.45,374361,146.02891217860778,143.4108409381854,351285.7,0.9773954090915878
DTK,2026-04-12,142.28,328331,145.88189601474082,143.39958878954675,353456.0,1.3632703991937074
DTK,2026-04-13,142.49,228104,145.748880484751,143.3905381548249,355532.1,1.5793918359380335
DTK,2026-04-14,142.39,357589,145.61715968142744,143.3805825512943,358082.75,1.763217938883109
DTK,2026-04-15,141.34,364149,145.44942792921458,143.36027824730135,360712.25,2.0998613572756453
DTK,2026-04-16,139.65,229118,145.22199938297086,143.32336005578594,360933.4,2.716038672667973
DTK,2026-04-17,139.17,291612,144.98466607383477,143.28203309005673,323465.2,3.1252639448971937
DTK,2026-04-18,138.86,345901,144.74448309054713,143.23803276080244,332475.0,3.4349816449434987
DTK,2026-04-19,139.39,378066,144.53450336150607,143.1997438776104,340109.45,3.4976828475717845
DTK,2026-04-20,139.2,428559,144.32530715125094,143.159945431067,337880.6,3.453892930249383
DTK,2026-04-21,138.35,478370,144.09098138061367,143.11208527752405,344622.2,3.3804516409355516
DTK,2026-04-22,137.48,409239,143.83172720882493,143.05604462799647,355307.75,3.3931369809410015
DTK,2026-04-23,138.02,438337,143.6038163378906,143.00593473120048,357470.35,3.2796748574105195
DTK,2026-04-24,137.55,184474,143.3664117756204,142.95164682342735,346399.25,3.243933052384534
DTK,2026-04-25,137.71,379181,143.14459170598823,142.89949113364202,346026.65,2.7468337416736732
DTK,2026-04-26,137.09,462552,142.90715673712594,142.84168525171523,357585.4,2.6443638228265867
DTK,2026-04-27,137.36,301948,142.68962117880727,142.78714111985738,362367.15,2.3164474031218982
DTK,2026-04-28,137.52,224279,142.4868909365011,142.73473175548068,350571.95,1.7801713477848908
DTK,2026-04-29,137.11,188403,142.27603246840303,142.67876427532664,337654.85,1.3615494970690036
DTK,2026-04-30,135.65,941704,142.01618805787743,142.60882632233833,366713.85,1.5439970605797266
DTK,2026-05-01,133.61,340131,141.68653362423518,142.51928576191708,365002.35,2.211035136226565
DTK,2026-05-02,133.08,361052,141.34902250171615,142.425362520505,366638.4,2.742726044257488
DTK,2026-05-03,132.52,411535,141.00278632517825,142.32680169940545,375809.95,3.100710327162047
DTK,2026-05-04,131.51,215295,140.6305201947791,142.2191718317497,368695.25,3.488395046436471
DTK,2026-05-05,131.76,1472901,140.28265665772895,142.11510047023975,424132.85,3.725446374169924
DTK,2026-05-06,131.23,348365,139.92765051428862,142.00679101282444,430095.2,4.0028859094906
DTK,2026-05-07,132.01,280139,139.61715441568907,141.9073204554829,429521.55,3.975039653545056
DTK,2026-05-08,131.03,473837,139.28040326213264,141.79908841114974,435918.35,4.023211311656978
DTK,2026-05-09,131.83,210965,138.98823058518624,141.69989350158608,427563.3,3.828227952753691
DTK,2026-05-10,133.27,352463,138.76398624851228,141.6160139642569,423758.5,3.5581643657719315
DTK,2026-05-11,131.19,241195,138.4669671799432,141.51227253177674,411899.75,3.2572123691257078
DTK,2026-05-12,130.61,439910,138.15885081994543,141.40379220807748,413433.3,2.774394721634198
DTK,2026-05-13,129.26,483591,137.80987627798677,141.28295845476327,415696.0,2.3125235965538953
DTK,2026-05-14,129.52,403473,137.48478309061477,141.1659140920293,426645.95,1.9304838045897736
DTK,2026-05-15,128.77,343349,137.14302689098284,141.04257166325291,424854.35,2.031665160448195
DTK,2026-05-16,128.98,314419,136.82290818937568,140.92254607456383,417447.7,2.059417826891237
DTK,2026-05-17,129.53,326973,136.53691178979233,140.80918740715526,418698.95,2.016705233791768
DTK,2026-05-18,131.04,282712,136.32134662156517,140.71198156230795,421620.6,1.9947319699326118
DTK,2026-05-19,131.12,297559,136.1173722442489,140.61653895969795,427078.4,1.952842286132857
DTK,2026-05-20,129.7,485634,135.86571058761172,140.507916681492,404274.9,1.973221413642132
DTK,2026-05-21,129.51,184218,135.61646703515635,140.39848467471097,396479.25,1.9090562077630686
DTK,2026-05-22,130.56,264124,135.41817421024825,140.30058930481334,391632.85,1.8906909385930386
DTK,2026-05-23,130.92,306327,135.24177522161105,140.20725010775053,386372.45,1.8003818276348516
DTK,2026-05-24,130.52,321525,135.0566075658616,140.1108595594147,391683.95,1.2706715473802528
DTK,2026-05-25,129.03,353182,134.8202700142592,140.0006022503658,335698.0,1.241116842399028
DTK,2026-05-26,128.95,247884,134.59006334703335,139.89064600906863,330673.95,1.2627545440284613
DTK,2026-05-27,128.48,441780,134.3504530196987,139.77710724280925,338756.0,1.3572684369324608
DTK,2026-05-28,127.41,301749,134.07827839147524,139.65405144934846,330151.6,1.6530167227578847
DTK,2026-05-29,128.3,412255,133.85167923886837,139.54107581303654,340216.1,1.704228620904663
DTK,2026-05-30,127.83,412240,133.61553495499118,139.4245476954939,343204.95,1.8313371083441994
DTK,2026-05-31,128.28,430000,133.40629829008955,139.31365667364818,352645.2,1.894423460384611
DTK,2026-06-01,129.14,290512,133.23899247479193,139.21242625898503,345175.3,1.7586222832568825
DTK,2026-06-02,129.1,295788,133.07667904440794,139.11180510217923,335785.15,1.5663510563953729
DTK,2026-06-03,128.12,470673,132.882299474039,139.00243390713268,339145.15,1.5935497126904816
DTK,2026-06-04,128.03,968235,132.69201322015513,138.89325546029556,370389.45,1.6234658438527574
DTK,2026-06-05,127.42,215301,132.48526760367847,138.77909371442198,365433.55,1.5560726927998434
DTK,2026-06-06,127.73,469698,132.29878652118128,138.6691524834327,372569.8,1.2586177661709947
DTK,2026-06-07,125.52,396750,132.03295175564477,138.5383151452891,378271.7,1.422753868886339
DTK,2026-06-08,126.55,350657,131.81793403973714,138.41902842742553,380926.6,1.4868212275320054
DTK,2026-06-09,126.69,398241,131.61683858719843,138.3023216769039,376556.95,1.4915116971916476
DTK,2026-06-10,127.94,302053,131.47264883868084,138.19921399852674,382448.7,1.4616267469005555
DTK,2026-06-11,128.67,402142,131.3627410410855,138.10439594879014,389349.6,1.502304274063852
DTK,2026-06-12,128.65,297982,131.25635903947432,138.0103223572599,388932.35,1.5284449919473682
DTK,2026-06-13,129.04,307753,131.16944299871062,137.9210654183817,388243.75,1.60310635954151
DTK,2026-06-14,128.75,240929,131.07456288111413,137.82981103610925,382631.1,1.6321828992138006
DTK,2026-06-15,128.8,219298,130.98536433675673,137.73996217007831,381201.8,1.5946680129202502
DTK,2026-06-16,128.63,481179,130.89299710786432,137.6493157803263,383171.75,1.5453160351054671
DTK,2026-06-17,129.2,622454,130.82660506441866,137.5652429864922,399207.0,1.6307382202118186
DTK,2026-06-18,128.17,192981,130.72242447365716,137.47175798165148,388243.3,1.6325521044146936
DTK,2026-06-19,127.48,494898,130.59527057272942,137.37233750422212,392376.2,1.6291454309444897
DTK,2026-06-20,127.49,267674,130.47349525615178,137.27400578776218,384259.9,1.6385159795946695
DTK,2026-06-21,127.35,261020,130.3510052461066,137.1752594615158,382785.3,1.2926600162397506
DTK,2026-06-22,126.78,372505,130.21096582469067,137.0718240439883,386621.15,1.2474016951301317
DTK,2026-06-23,127.26,287540,130.0952416747028,136.97419395399837,377464.5,1.1517989393578474
DTK,2026-06-24,127.91,375553,130.00954592275366,136.88400296938147,347830.4,1.1528433554478965
DTK,2026-06-25,126.32,457994,129.86485784735157,136.7788885119747,359965.05,1.3409850098736151
DTK,2026-06-26,125.72,484360,129.7023144023574,136.66884982031326,360698.15,1.583158617698647
DTK,2026-06-27,125.91,490799,129.55359619050023,136.56179658827034,365400.6,1.6474779676366764
DTK,2026-06-28,126.86,456716,129.44796496734335,136.46526129883483,370703.55,1.5831820440547588
DTK,2026-06-29,126.15,483089,129.3186330078397,136.36262188292602,374945.95,1.539219555703867
DTK,2026-06-30,125.74,189381,129.17829445851265,136.25692415274767,369312.35,1.5204192597032047
DTK,2026-07-01,126.1,259692,129.05757702876707,136.15586023082977,362189.85,1.2334626949291079
DTK,2026-07-02,126.12,220138,128.94237792959973,136.0560009250504,358297.65,1.1075587574031274
DTK,2026-07-03,125.22,175179,128.7964023245174,135.94818002032355,351668.95,1.1845946239445224
DTK,2026-07-04,125.47,487044,128.66595517453632,135.8439195226089,363974.7,1.1676079732179443
DTK,2026-07-05,125.55,294233,128.5437608539663,135.74149246268246,367721.45,1.1231165552623839
DTK,2026-07-06,126.99,322260,128.48282905577153,135.6544129356906,359775.5,1.1441285853353087
DTK,2026-07-07,127.42,480003,128.44114948495695,135.57247847861905,352652.95,1.1703824396094713
DTK,2026-07-08,128.53,289495,128.44463381888022,135.50240406589646,357478.65,1.3372141781490947
DTK,2026-07-09,128.29,269385,128.43856974755158,135.43063885131045,346203.0,1.5589634923021691
DTK,2026-07-10,129.49,1085392,128.47980230647113,135.37152801696905,387088.9,1.9450893366305952
DTK,2026-07-11,129.98,339164,128.53863358857032,135.31788097202408,390996.1,2.308370607731586
DTK,2026-07-12,129.59,409655,128.5798636439205,135.26088713150642,392853.6,2.529849276664372
DTK,2026-07-13,129.56,405050,128.61830036376676,135.2041618864168,398729.1,2.6538698935874736
DTK,2026-07-14,128.16,375077,128.6003278004818,135.1340707233679,398705.3,2.562564633331657
DTK,2026-07-15,127.6,316407,128.56109925928644,135.05910484552345,391625.95,2.479294725353791
DTK,2026-07-16,126.23,418989,128.46968360205952,134.97125305601574,388357.4,2.4674324868018935
DTK,2026-07-17,126.74,435707,128.401852872567,134.889350040533,385602.8,2.2680724739864764
DTK,2026-07-18,124.56,390431,128.25119197560358,134.78657043813965,382288.55,2.453607598467018
DTK,2026-07-19,125.71,493477,128.151537388325,134.6962563044268,382807.95,2.4293428598638727
DTK,2026-07-20,125.86,382399,128.06167317701815,134.60833335612406,392458.85,2.5325833789691625
DTK,2026-07-21,126.15,242262,127.98670560144882,134.5241708351676,391587.35,2.6064870731771492
DTK,2026-07-22,126.52,388978,127.92918773472533,134.44452734427043,400029.35,2.6073925968001572
EABL,2025-11-13,149.99,62728,149.99,149.99,62728.0,5.1548084348499
EABL,2025-11-14,154.85,125096,150.18058823529412,150.03835820895523,93912.0,5.1548084348499
EABL,2025-11-15,155.3,114293,150.38134948096888,150.09071285364223,100705.66666666667,4.416653144633365
EABL,2025-11-16,164.11,144272,150.9197279326956,150.23020824813338,111597.25,8.818548987787032
EABL,2025-11-17,171.13,134199,151.7122876216095,150.43816637501763,116117.6,12.668401832906916
EABL,2025-11-18,173.06,66822,152.54945281291893,150.663259246908,107901.66666666667,14.202915897800674
EABL,2025-11-19,180.3,87676,153.63770956535348,150.95815218972484,105012.28571428571,16.81781389734449
EABL,2025-11-20,170.46,110799,154.29740722945726,151.152200426643,105735.625,15.93076672892513
EABL,2025-11-21,169.84,62327,154.90692067143934,151.33814868110426,100912.44444444444,15.105183299119524
EABL,2025-11-22,172.71,64476,155.6050806451084,151.55080391810822,97268.8,14.651879145693208
EABL,2025-11-23,172.8,92755,156.27939120804533,151.7622387049927,96858.45454545454,14.21926278296131
EABL,2025-11-24,171.26,88841,156.8668660626318,151.95624628006743,96190.33333333333,13.695785537064761
EABL,2025-11-25,169.04,128339,157.34424386409722,152.12623387927076,98663.30769230769,13.136248805968442
EABL,2025-11-26,166.61,129653,157.70760684981892,152.27035095509893,100876.85714285714,12.623896883588369
EABL,2025-11-27,164.78,118643,157.98495560080642,152.3948250749487,102061.26666666666,10.303792517672914
EABL,2025-11-28,158.27,97082,157.9961338125395,152.45328452693929,101750.0625,9.597966452716536
EABL,2025-11-29,155.14,54555,157.88412856498897,152.48001801423342,98973.88235294117,9.636327193786745
EABL,2025-11-30,160.07,71275,157.96984901342077,152.55554022304702,97435.05555555556,10.083258708439368
EABL,2025-12-01,156.16,136972,157.89887454230623,152.59140549445948,99515.94736842105,11.07940791154155
EABL,2025-12-02,166.13,135607,158.22166377594127,152.7261178775992,101320.5,10.7871648204075
EABL,2025-12-03,163.74,76378,158.4380691180612,152.83570874448876,102003.0,9.07648741329685
EABL,2025-12-04,168.95,135445,158.85030170166667,152.99604995101126,102520.45,8.953037915260257
EABL,2025-12-05,173.64,71311,159.43028987022876,153.20146238930965,100371.35,9.398260769658675
EABL,2025-12-06,174.62,130758,160.0259647772786,153.41458216653047,99695.65,9.673257382036343
EABL,2025-12-07,170.31,102027,160.42926027620888,153.58269577681375,98087.05,9.409330855212652
EABL,2025-12-08,173.99,149905,160.96105399086736,153.7857535302783,102241.2,9.749892032369225
EABL,2025-12-09,170.59,119361,161.3386597167157,153.95295996281283,103825.45,9.857754018320502
EABL,2025-12-10,170.63,113280,161.7030260023347,154.11890065970027,103949.5,10.035973071631126
EABL,2025-12-11,178.33,68383,162.35506419832157,154.35980712079777,104252.3,11.112796584998748
EABL,2025-12-12,173.66,115927,162.79839501407366,154.55184884098884,106824.85,10.680563017632798
EABL,2025-12-13,178.74,76235,163.4235559939139,154.79252696197403,105998.85,9.809119327341289
EABL,2025-12-14,178.2,115106,164.00302438630945,155.02543714145688,107312.1,9.323301962181635
EABL,2025-12-15,187.42,103045,164.9213371554738,155.34777110024837,106047.4,8.97439165803817
EABL,2025-12-16,180.37,149668,165.5271670709454,155.59674850223595,107048.15,8.764595621082327
EABL,2025-12-17,176.31,126410,165.95002326424168,155.80285050718885,107436.5,7.438703804138903
EABL,2025-12-18,175.77,81135,166.33512039113418,156.00152861159492,106639.15,6.896055370305968
EABL,2025-12-19,162.64,115273,166.19021370912893,156.0675830532706,109675.05,8.694938372219763
EABL,2025-12-20,155.4,109600,165.76706807347682,156.06094043582513,111591.3,11.757983539836824
EABL,2025-12-21,160.72,278504,165.56914383530128,156.10729923745873,118667.9,12.82252101547526
EABL,2025-12-22,164.11,131694,165.51192250842672,156.18692810076763,118472.25,13.300653132975592
EABL,2025-12-23,161.18,105830,165.34204319437077,156.23661040822267,119944.85,14.030996161951602
EABL,2025-12-24,160.0,99954,165.13255130439546,156.27405707082744,118170.3,14.794666347544386
EABL,2025-12-25,163.82,55458,165.0810787042231,156.34914108007294,117377.65,14.679579054209592
EABL,2025-12-26,170.91,119996,165.3096638530771,156.49402524843043,116839.55,14.598237347496578
EABL,2025-12-27,156.35,158979,164.95830448628976,156.49259216138137,119687.15,14.94980993300467
EABL,2025-12-28,157.04,57918,164.64778274172937,156.49803900554673,115087.8,14.87859800422832
EABL,2025-12-29,156.65,151226,164.33414420283805,156.4995510552428,116681.05,12.308733213624171
EABL,2025-12-30,159.06,68243,164.12731501841304,156.52502815917074,114429.2,10.320400340433146
EABL,2025-12-31,161.71,72864,164.0325183510243,156.57661991878098,114653.25,8.530264382746882
EABL,2026-01-01,160.92,94684,163.91045880784688,156.6198376310319,113591.1,6.037723137641622
EABL,2026-01-02,158.9,142468,163.713970227147,156.6425258138077,116902.75,6.021312936396999
EABL,2026-01-03,161.55,101165,163.62910864961185,156.69135640272506,116205.7,5.613615952835911
EABL,2026-01-04,161.75,124571,163.55541811433295,156.74169116488702,117282.0,5.622353553274795
EABL,2026-01-05,161.51,154626,163.47520563926108,156.78913702394289,117529.9,5.467638774072043
EABL,2026-01-06,155.93,67700,163.17931522203517,156.780588396839,114594.4,5.801177078361369
EABL,2026-01-07,158.29,78314,162.98757737019068,156.79560741776598,114453.35,5.863574803651937
EABL,2026-01-08,153.53,91311,162.61669198312438,156.76311381161904,113255.25,6.237705357891487
EABL,2026-01-09,151.54,156911,162.1823119053548,156.7111425299114,115620.8,4.819879806193741
EABL,2026-01-10,153.52,64938,161.84261339926246,156.67938986792223,104942.5,5.130865070690008
EABL,2026-01-11,156.08,126287,161.6166285600757,156.67342578963445,104672.15,5.175957149898251
EABL,2026-01-12,154.51,147755,161.3379372439943,156.65189916486196,106768.4,5.3357746587343495
EABL,2026-01-13,156.44,85976,161.14586127364157,156.64979071546037,106069.5,5.329640061656481
EABL,2026-01-14,158.81,122392,161.05425887075367,156.67128533520705,109416.2,5.061135041874351
EABL,2026-01-15,158.33,71093,160.94742518954766,156.68778995873734,106971.05,4.8494193177926865
EABL,2026-01-16,166.34,131966,161.1588987115262,156.7838318496952,105620.4,6.067237511131737
EABL,2026-01-17,166.28,142224,161.359726213035,156.8783210850216,109835.7,6.831695001491726
EABL,2026-01-18,160.9,134498,161.34169773409246,156.9183377906433,108999.3,6.760390628953657
EABL,2026-01-19,162.91,81539,161.4031997837359,156.97795632008965,109664.1,6.90786039973292
EABL,2026-01-20,160.4,123734,161.36385861574624,157.0120065059594,112207.6,6.89717249759196
EABL,2026-01-21,166.47,116663,161.56409945434444,157.1061158939598,113306.55,7.612927625622582
EABL,2026-01-22,172.49,136181,161.99256614240934,157.25918936765174,112992.2,8.933215398871667
EABL,2026-01-23,172.17,72950,162.3916811956482,157.4075556426005,111581.45,9.23185051187609
EABL,2026-01-24,167.53,153859,162.59318389385808,157.50827648197762,113045.85,8.744220037598236
EABL,2026-01-25,171.93,54332,162.95933354507935,157.65177621847536,108031.15,8.932335543923056
EABL,2026-01-26,169.98,119031,163.2346537982135,157.77444511182387,110597.7,8.222978825780295
EABL,2026-01-27,164.55,162070,163.2862360022051,157.84186356842264,114785.5,7.345803663047646
EABL,2026-01-28,163.66,55983,163.30089341388333,157.89975547321447,113019.1,6.801406084426587
EABL,2026-01-29,167.83,95559,163.47850543686832,157.99856387646605,109951.5,5.962816651347139
EABL,2026-01-30,170.64,112903,163.7593483609127,158.12434931053107,112349.75,6.166783451027645
EABL,2026-01-31,163.65,146885,163.7550601898965,158.1793309094313,113379.65,6.307093827980153
EABL,2026-02-01,163.46,60358,163.74348920205745,158.23187488048174,109009.8,5.967418094016164
EABL,2026-02-02,159.16,139508,163.56374452746698,158.24110995629783,111686.4,6.568763996336051
EABL,2026-02-03,160.75,75927,163.45340160482124,158.26607403633466,109363.15,6.511838469069476
EABL,2026-02-04,159.03,112766,163.27993487522042,158.27367528970447,111446.8,7.209643010244353
EABL,2026-02-05,155.19,92692,162.96268252717257,158.2429919534885,109483.1,7.90092021521882
EABL,2026-02-06,154.21,80914,162.61944007512662,158.2028626803195,106417.6,8.335511258438881
EABL,2026-02-07,144.8,155830,161.92063850355305,158.06950086260488,107484.2,11.056683673061968
EABL,2026-02-08,148.45,139362,161.39237817008038,157.97378443611132,110375.35,11.429496398008519
EABL,2026-02-09,152.17,123387,161.03071628105764,157.91603533724455,110358.0,11.065484482871124
EABL,2026-02-10,152.04,123912,160.67813917199655,157.85756732393864,110720.45,11.13743908852264
EABL,2026-02-11,152.65,79167,160.36331018485944,157.8057507336507,107869.75,11.080649137221188
EABL,2026-02-12,158.75,67370,160.30004311878653,157.81514624873878,107590.75,10.165891237017059
EABL,2026-02-13,156.43,69958,160.14827672197137,157.80136369900012,103395.7,8.223914204025256
EABL,2026-02-14,157.47,123024,160.04324626228623,157.7980665477663,106830.3,7.543711193532814
EABL,2026-02-15,154.97,99410,159.84429542847107,157.76992658211688,105849.25,6.677309792980436
EABL,2026-02-16,155.58,153939,159.67706815676632,157.74813626786698,105442.7,6.4142945724874
EABL,2026-02-17,152.96,57017,159.41365371924607,157.70049312092306,105494.4,5.826180585922853
EABL,2026-02-18,153.26,129979,159.17233396555014,157.65630910976958,107215.4,5.391020579131531
EABL,2026-02-19,155.59,127405,159.0318502806266,157.63574882012014,107940.5,5.415118602397019
EABL,2026-02-20,159.01,118956,159.03099340687655,157.64942296121347,106544.05,5.845245426276874
EABL,2026-02-21,154.59,86142,158.8568368026853,157.61898094169894,107833.25,4.341160970458529
EABL,2026-02-22,148.61,68309,158.45500006532512,157.529339340289,104273.3,4.302450043130095
EABL,2026-02-23,158.11,112004,158.44147065099864,157.53511705829607,106077.15,4.385453101003655
EABL,2026-02-24,161.88,112988,158.57631493919476,157.5783497243827,106088.25,4.970550746675688
EABL,2026-02-25,162.9,159620,158.74587121608909,157.63130146841868,109434.65,5.545681086106068
EABL,2026-02-26,169.7,137871,159.1754448938895,157.75138802097175,112282.5,7.667721232615463
EABL,2026-02-27,168.43,158772,159.5383686235409,157.85764286653423,112429.6,8.869115043134487
EABL,2026-02-28,169.51,99567,159.9294129912452,157.97358671860852,110439.85,9.971668410006588
EABL,2026-03-01,165.4,111323,160.14394581511795,158.04748137812484,109836.65,10.129151224706302
EABL,2026-03-02,166.62,150144,160.397908724329,158.13278007087982,111148.25,10.320696752450669
EABL,2026-03-03,170.53,61588,160.7952456371004,158.25613549306013,110269.3,10.509955798152635
EABL,2026-03-04,168.08,117287,161.08092227878277,158.35388538865158,112765.15,10.116098529104505
EABL,2026-03-05,162.59,81086,161.14010179726188,158.39603578279434,113321.55,9.632320763798509
EABL,2026-03-06,164.29,153448,161.26362721697708,158.45468219291578,114842.75,9.457938057932749
EABL,2026-03-07,171.95,119558,161.68270065944859,158.5889639621405,115850.15,9.131443983881685
EABL,2026-03-08,165.61,106018,161.83671239829374,158.6588250172436,113454.1,5.828319928316609
EABL,2026-03-09,163.66,109853,161.90821387287045,158.70858795239542,116095.9,4.8520357260445275
EABL,2026-03-10,164.84,101721,162.02318587785592,158.76959702749596,114683.0,4.495071064357665
EABL,2026-03-11,159.36,143400,161.91874721597924,158.77547168393878,115482.75,5.186835843886693
EABL,2026-03-12,157.69,69105,161.7529139918232,158.76467097066578,112990.2,6.054224753231156
EABL,2026-03-13,159.05,631468,161.64691736469288,158.76751006548506,140256.5,6.453084746634933
EABL,2026-03-14,166.15,114800,161.8235088405873,158.84096767677377,142581.05,6.1760102612651595
EABL,2026-03-15,165.06,150793,161.95043006252504,158.90284859541285,144520.5,6.170856086084381
EABL,2026-03-16,165.51,123432,162.09002104046525,158.9685913954585,145042.7,6.126252966707115
EABL,2026-03-17,174.46,161486,162.57511825456464,159.1227347646579,145136.0,6.934204162168651
EABL,2026-03-18,178.07,106558,163.18276067595426,159.3112647669996,143570.35,8.671405619165046
EABL,2026-03-19,178.56,97918,163.78578966905408,159.50279447081058,140527.65,9.979274263951442
EABL,2026-03-20,184.24,119461,164.5879155643853,159.74893581935976,141522.35,12.111184691963683
EABL,2026-03-21,191.35,122087,165.6374090716643,160.06337426891838,142060.55,15.252308711027371
EABL,2026-03-22,195.31,97162,166.80104008846178,160.41408696276,139411.45,18.274497125565595
EABL,2026-03-23,202.88,115815,168.2159012614633,160.8366333611405,142122.8,21.73688565410319
EABL,2026-03-24,198.7,81151,169.41135611395492,161.2133832779451,140316.0,23.322133573562112
EABL,2026-03-25,187.57,149940,170.1234597957606,161.47563817070187,143758.7,22.376044711321807
EABL,2026-03-26,185.53,141853,170.72763784298567,161.7149850545755,143178.95,20.51468626977386
EABL,2026-03-27,194.79,127048,171.67125988835878,162.0440896808981,143553.45,18.866998529614563
EABL,2026-03-28,191.03,128164,172.43042616724668,162.33250669899863,144660.75,17.507969252961107
EABL,2026-03-29,201.44,76088,173.5680565136292,162.72163598557577,142972.5,16.290384003730676
EABL,2026-03-30,191.72,144693,174.27989743466335,163.0101769210427,145121.1,13.16798056746999
EABL,2026-03-31,199.58,58530,175.27205831957852,163.37405575764924,140877.6,11.932486919892199
EABL,2026-04-01,200.93,163953,176.2782521109676,163.74774674513534,145620.0,10.964836009206072
EABL,2026-04-02,188.48,91516,176.75675202818456,163.99383881732305,118622.4,9.276767040880127
EABL,2026-04-03,191.14,71864,177.32080096825575,164.26394987386712,116475.6,8.415260544241214
EABL,2026-04-04,189.27,93663,177.78939700871632,164.51276629303263,113619.1,8.58188682377217
EABL,2026-04-05,189.11,66808,178.23334222406078,164.7575148871318,110787.9,8.796504433423728
EABL,2026-04-06,184.73,121658,178.4881131172349,164.95624608228474,108796.5,8.533013490599924
EABL,2026-04-07,188.09,91718,178.86465770087273,165.18643268843115,108054.5,8.238718535329806
EABL,2026-04-08,189.67,130943,179.288396614564,165.4300502736209,109705.75,8.099585841059687
EABL,2026-04-09,192.07,59129,179.78963596301247,165.69512440025156,106689.15,7.631045441678234
EABL,2026-04-10,194.62,106107,180.37121886642376,165.98293410771177,105890.15,7.621702025022553
EABL,2026-04-11,203.33,126412,181.27156322460323,166.35454670365496,107352.65,8.780367617275283
EABL,2026-04-12,201.72,121739,182.07346270599135,166.70644176133004,107648.85,8.826686465261746
EABL,2026-04-13,200.26,120309,182.78666024693285,167.0403080124611,109606.75,9.23732799955806
EABL,2026-04-14,206.19,143565,183.7044382764649,167.42985718646648,109288.0,10.276572611666193
EABL,2026-04-15,215.48,121658,184.95053873621137,167.907968060233,108278.25,13.161917217303678
EABL,2026-04-16,212.86,155088,186.0450274132227,168.3552519601312,109680.25,14.53377746364059
EABL,2026-04-17,218.39,73750,187.3134577107434,168.85311014958265,106959.55,16.581063892515505
EABL,2026-04-18,217.86,138771,188.5113613299299,169.34074089436294,110093.7,17.61115422954135
EABL,2026-04-19,206.09,129925,189.20071970914836,169.7064051640708,109355.3,16.924676113251035
EABL,2026-04-20,199.88,97083,189.61951501467198,170.00663993855767,111282.95,15.215312202254548
EABL,2026-04-21,214.21,94176,190.58384775919464,170.44647436702974,107794.1,14.262950202850696
EABL,2026-04-22,202.94,160174,191.06840274903016,170.76979303004438,111227.0,12.666953587457424
EABL,2026-04-23,203.56,60937,191.55826930789172,171.09606374616334,110680.65,11.212740772525475
EABL,2026-04-24,202.27,77742,191.97833717817048,171.40625216659953,109884.6,10.122408093155626
EABL,2026-04-25,206.99,91120,192.56702983785007,171.76031930922042,111100.2,9.966409628301845
EABL,2026-04-26,210.3,145187,193.2624404324442,172.14379871907894,112276.65,9.654480796528421
EABL,2026-04-27,216.27,60937,194.16469767038757,172.5828653984911,110737.6,9.45614720261739
EABL,2026-04-28,210.43,151536,194.8025526637057,172.95945380248622,111767.25,9.349840283350407
EABL,2026-04-29,210.86,78796,195.4322564808153,173.33657366514805,112750.6,9.04455243275075
EABL,2026-04-30,209.25,127209,195.97412877568533,173.693921190868,113805.7,8.927016994358686
EABL,2026-05-01,210.94,147370,196.56102568644278,174.06452894021263,114853.6,8.062517135171351
EABL,2026-05-02,210.88,71642,197.12255409089602,174.4308520353349,112348.75,7.12115908618505
EABL,2026-05-03,208.66,77871,197.57500295007657,174.77144057229677,110226.85,7.063347080386791
EABL,2026-05-04,209.31,141055,198.0351989128187,175.11510783028388,110101.35,6.0339400978450275
EABL,2026-05-05,212.02,128570,198.583622484865,175.482320687694,110446.95,5.768601493152364
EABL,2026-05-06,218.64,97596,199.37014709330165,175.9117503325926,107572.35,6.361592947929867
EABL,2026-05-07,209.3,132922,199.7595530896428,176.24397172231807,110530.95,5.7371856733537525
EABL,2026-05-08,211.73,150876,200.22898238024504,176.59706653105124,111136.2,4.53361074350372
EABL,2026-05-09,204.66,121125,200.4027477770982,176.87629969989652,110696.2,4.975074975964643
EABL,2026-05-10,210.97,146884,200.81714982505514,177.21554049890253,113186.25,4.967252153457685
EABL,2026-05-11,206.56,73715,201.0423596358373,177.50752517055525,112163.2,4.700415766621836
EABL,2026-05-12,205.84,115063,201.23050239521623,177.78944034298755,109907.65,5.027368885617432
EABL,2026-05-13,198.8,80319,201.135188575796,177.9985006380822,110876.75,6.704164524980614
EABL,2026-05-14,197.15,100523,200.9789066708628,178.18906282078785,112015.8,8.239878606541252
EABL,2026-05-15,198.03,72691,200.86326327200544,178.38648508127756,111094.35,9.091071433427375
EABL,2026-05-16,184.26,103729,200.2121549083974,178.44492801579221,109021.45,12.79748750345498
EABL,2026-05-17,190.81,156511,199.84344295120533,178.56796355792366,113800.15,13.96372012288693
EABL,2026-05-18,188.24,81812,199.3884059727267,178.66420272650154,110313.95,15.122469586713901
EABL,2026-05-19,198.55,83489,199.35552730712956,178.86207135608862,110548.6,14.633175652274453
EABL,2026-05-20,201.32,159518,199.43256545194802,179.08553333264496,112164.05,12.675493227934648
EABL,2026-05-21,198.25,107616,199.38619033618536,179.2762245432654,110176.35,12.100356916223125
EABL,2026-05-22,198.48,73625,199.35065346025652,179.4673068861185,110275.5,10.92023751402077
EABL,2026-05-23,199.72,129403,199.3651376382857,179.66882622058498,112852.1,10.629988318353927
EABL,2026-05-24,203.25,83500,199.51748518188234,179.90346476565378,109974.35,9.426861258489103
EABL,2026-05-25,199.59,63393,199.5203289002399,180.09935068838362,106715.5,8.691864778295024
EABL,2026-05-26,205.3,123865,199.74698266885795,180.35010341785247,108028.95,8.602340157265843
EABL,2026-05-27,210.65,56566,200.17455197596155,180.65159492613256,104211.15,10.1416413913074
EABL,2026-05-28,221.63,142808,201.0159420945513,181.05934025025064,103807.75,13.820021548622282
EABL,2026-05-29,220.23,70695,201.76943456143164,181.44909805870586,101286.25,16.003581535956567
EABL,2026-05-30,224.87,118036,202.67533908843433,181.88114683424112,99843.85,16.719303235685388
EABL,2026-05-31,229.3,106350,203.7194434379075,182.35297621897504,101475.6,18.36409443140881
EABL,2026-06-01,224.6,75770,204.5382887932837,182.77334461480615,99510.95,17.673577456470866
EABL,2026-06-02,226.19,157989,205.3873755072726,183.20535113605186,103394.45,18.12449734050957
EABL,2026-06-03,228.03,96677,206.2753215658109,183.6513675426583,103202.15,18.640309464988334
EABL,2026-06-04,229.88,165742,207.20099522989676,184.11135393526868,107854.7,18.45065048437824
EABL,2026-06-05,228.38,56126,208.0315444365675,184.55183797571377,105474.55,17.448789450752344
EABL,2026-06-06,221.17,143720,208.54677798807467,184.91619779685095,104835.0,15.58453828811841
EABL,2026-06-07,215.58,108121,208.82259061599333,185.2213102565838,106150.45,14.068882661414216
EABL,2026-06-08,210.16,101322,208.87503804281715,185.46945642318497,107042.1,11.823744229721484
EABL,2026-06-09,213.15,149686,209.0426836097655,185.74488471748163,106550.5,10.32765456921758
EABL,2026-06-10,215.88,60231,209.31081366428452,186.04473661084003,104181.25,9.541965962162028
EABL,2026-06-11,217.77,126820,209.64254646176357,186.36041087341877,106841.0,9.697333729228145
EABL,2026-06-12,216.46,135034,209.90989758091013,186.65990927268825,107122.55,9.91818609346474
EABL,2026-06-13,217.5,161615,210.20754865616857,186.9667758470894,111028.3,9.928698974395287
EABL,2026-06-14,213.49,121359,210.3362722382796,187.2306885252278,113926.6,9.661613662914242
EABL,2026-06-15,209.86,74038,210.31759489560196,187.45585580358375,111435.25,10.205524845034693
EABL,2026-06-16,210.09,108697,210.30866960557836,187.68107116872224,114041.8,10.234543076171281
EABL,2026-06-17,219.79,131705,210.680486483791,188.00056299788918,113486.65,9.279663425830007
EABL,2026-06-18,226.4,78891,211.29693799423055,188.38264694815894,113896.45,8.523076464374018
EABL,2026-06-19,223.86,95040,211.78960709249603,188.73565543623695,112746.65,7.606687016212872
EABL,2026-06-20,216.58,138719,211.97746563788834,189.0127135911003,114365.1,7.3379751095772665
EABL,2026-06-21,208.82,81963,211.85364345601036,189.20980101805452,114674.75,7.912173721202666
EABL,2026-06-22,211.39,70677,211.83546135969624,189.4304995153873,110309.15,7.777311359204187
EABL,2026-06-23,209.24,149923,211.7336785612768,189.62760897294567,112971.45,8.155660181401023
EABL,2026-06-24,218.44,143340,211.9966715588738,189.91429943092632,111851.35,8.239936894628325
EABL,2026-06-25,231.86,84564,212.77562561538855,190.33166958584246,113273.25,10.485094679569876
EABL,2026-06-26,243.29,94332,213.9722677481184,190.8586181471774,110803.85,14.946957080339843
EABL,2026-06-27,240.08,105451,214.9961003854471,191.34838314073784,110670.35,17.223173968984813
EABL,2026-06-28,236.26,135572,215.82997880170407,191.7952649005315,112382.85,18.079171763339517
EABL,2026-06-29,234.36,66617,216.55664629967646,192.21879460301378,108229.4,17.933332998011352
EABL,2026-06-30,252.14,78255,217.95207193498325,192.8150255024863,109130.6,20.225454507314566
EABL,2026-07-01,252.71,77019,219.31512793753294,193.41099539798395,106640.55,22.484377241043603
EABL,2026-07-02,246.54,103634,220.38276997919832,193.9396422099443,105070.55,23.513696549289396
EABL,2026-07-03,242.16,118087,221.23677899962192,194.41944676506924,102894.15,23.776053543751956
EABL,2026-07-04,240.45,90696,221.9902386466956,194.87746222014317,101361.0,23.062931046627888
EABL,2026-07-05,250.58,60293,223.11140575858988,195.43171632740544,100673.75,21.370777662781954
EABL,2026-07-06,252.51,76184,224.26429180727263,195.9996594485258,99048.1,19.302014741391453
EABL,2026-07-07,256.9,113322,225.54412350110508,196.60563298635142,98128.95,15.530962304695013
EABL,2026-07-08,253.84,84911,226.65376571674804,197.17512917554194,98429.95,12.037984251324236
EABL,2026-07-09,247.42,93116,227.468127845503,197.6750781389694,98333.75,10.565714768599106
EABL,2026-07-10,247.58,113323,228.25682871430683,198.17164452564634,97063.95,10.48865892625902
EABL,2026-07-11,240.63,65063,228.74205111766736,198.59411572439615,96218.95,10.430911163089839
EABL,2026-07-12,232.45,87741,228.88746087775885,198.93099019480016,97072.15,11.177297665552274
EABL,2026-07-13,232.38,114352,229.02442319627812,199.26381616301111,95293.6,11.569221179870151
EABL,2026-07-14,229.31,66926,229.03562228662017,199.56278316636426,91472.9,13.096246589204124
EABL,2026-07-15,232.34,125558,229.16520572636057,199.88892462739548,93522.6,13.473936975133022
EABL,2026-07-16,231.27,134755,229.247746678268,200.20117413359054,95543.75,14.194231764508519
EABL,2026-07-17,230.94,141251,229.31410955363003,200.5070330974354,97333.75,14.885958628374658
EABL,2026-07-18,238.05,448347,229.65669349270337,200.88059495716243,112972.5,14.941464743501099
EABL,2026-07-19,235.22,160383,229.87486237534245,201.22228057947925,117660.8,14.528042512008884
EABL,2026-07-20,225.66,137859,229.70957365474078,201.46544196674813,120641.0,14.533182404300602
EABL,2026-07-21,221.11,144875,229.37233547220194,201.660910205885,124033.8,13.589995815441117
EABL,2026-07-22,230.86,62463,229.4306752576058,201.95144841279162,121975.25,11.151333040107822
EGM,2025-11-13,143.02,451283,143.02,143.02,451283.0,0.9652007563196188
EGM,2025-11-14,142.11,423153,142.9843137254902,143.01094527363185,437218.0,0.9652007563196188
EGM,2025-11-15,139.72,504108,142.8563014225298,142.97819954951612,459514.6666666667,2.556623750183043
EGM,2025-11-16,140.43,767826,142.7611523471365,142.95284433011795,536592.5,2.2692840280581876
EGM,2025-11-17,134.01,544291,142.41796990215073,142.86386080444515,538132.2,5.282847953519016
EGM,2025-11-18,133.94,535460,142.08550049422325,142.77506616957507,537686.8333333334,5.95485579170479
EGM,2025-11-19,136.42,2815940,141.8633240042537,142.7118316803256,863151.5714285715,5.610905198170544
EGM,2025-11-20,138.96,305248,141.74946816094965,142.67450002181488,793413.625,5.199893156525986
EGM,2025-11-21,137.83,652984,141.59576352718693,142.6262960414983,777810.3333333334,4.878345006249565
EGM,2025-11-22,139.16,691733,141.5002433888659,142.5918055336227,769202.6,4.610206069147024
EGM,2025-11-23,142.73,349566,141.54846913832213,142.5931806029399,731053.8181818182,4.762921420152288
EGM,2025-11-24,139.59,353529,141.47166642701538,142.5632982088808,699593.4166666666,4.55000549450218
EGM,2025-11-25,138.01,681204,141.33591480242654,142.51799175904122,698178.8461538461,4.375464920351985
EGM,2025-11-26,137.79,751976,141.19685931997844,142.4709470649214,702021.5,4.228049585412087
EGM,2025-11-27,137.79,429046,141.06325699370478,142.42437047721074,683823.1333333333,3.8340350627814264
EGM,2025-11-28,135.08,627417,140.8286194645399,142.35129216400466,680297.75,3.7106637983217796
EGM,2025-11-29,136.95,523914,140.67651674044032,142.2975479633678,671098.7058823529,3.649105509091717
EGM,2025-11-30,143.81,366871,140.79939843689363,142.31259723736414,654197.1666666666,4.274547546907069
EGM,2025-12-01,144.45,287432,140.94255928250564,142.3338649265446,634893.7368421053,4.620743437757868
EGM,2025-12-02,142.93,274767,141.02049813417207,142.33979661881781,616887.4,4.401095517963884
EGM,2025-12-03,139.93,576457,140.97773350145945,142.31581854300867,623146.1,4.21160734175195
EGM,2025-12-04,143.63,783378,141.08174395238262,142.32889497541655,641157.35,4.487495814072558
EGM,2025-12-05,141.81,553466,141.11030301307352,142.3237318413328,643625.25,4.441316815421429
EGM,2025-12-06,138.47,639419,141.0067617184432,142.2853862508718,637204.9,4.479384232726156
EGM,2025-12-07,134.66,338751,140.75786910203365,142.20951176081337,626927.9,4.847457870079728
EGM,2025-12-08,134.23,705152,140.50187423528723,142.1301136338401,635412.5,5.310359924475232
EGM,2025-12-09,131.63,290089,140.1539575986093,142.02563489121485,509119.95,6.122622256574655
EGM,2025-12-10,128.33,751525,139.69027298689915,141.8893599171729,531433.8,7.427454972104329
EGM,2025-12-11,129.44,716112,139.28830149721682,141.76548568914131,534590.2,8.205513097442937
EGM,2025-12-12,126.2,279338,138.77503477183575,141.610605234523,513970.45,9.355160480178302
EGM,2025-12-13,129.25,774543,138.40150399646964,141.4876141376621,535219.3,9.843259540371811
EGM,2025-12-14,131.23,320540,138.1202685456277,141.38554832534703,533569.85,9.47617835318218
EGM,2025-12-15,133.39,565940,137.93476781834818,141.30599063056746,527806.65,8.65857214360047
EGM,2025-12-16,132.37,538654,137.71654162939336,141.2170753009101,517140.55,7.914161262509818
EGM,2025-12-17,134.48,292403,137.5896184282407,141.15003972577668,510308.4,7.485164998511729
EGM,2025-12-18,136.17,409145,137.53394711732932,141.10048709168936,499394.8,6.231778184487904
EGM,2025-12-19,137.32,666677,137.52555703429678,141.0628703047074,506532.95,5.3239606244570625
EGM,2025-12-20,138.72,1136342,137.5723979349126,141.039558162372,545006.5,5.371947740575344
EGM,2025-12-21,134.24,660643,137.44171566295523,140.971900867224,563667.05,5.347641772545403
EGM,2025-12-22,133.65,630248,137.29302093107464,140.89904613222674,581441.1,5.322845795496745
EGM,2025-12-23,133.36,798790,137.13878481613054,140.8240307478265,592557.75,5.313374905332337
EGM,2025-12-24,126.27,773197,136.712557960596,140.67921452147996,592048.7,5.661089392015962
EGM,2025-12-25,128.46,1166618,136.38892823665105,140.55763029738563,622706.3,5.767732725838059
EGM,2025-12-26,126.7,337074,136.00897026658632,140.4197434287549,607589.05,5.675841335224002
EGM,2025-12-27,125.66,315892,135.60312829534766,140.27288031006086,606446.1,6.195108758324787
EGM,2025-12-28,125.57,366991,135.2096722837654,140.12658299354283,589538.05,6.752713374051044
EGM,2025-12-29,125.02,613773,134.81007729224518,139.97626873490063,605722.25,7.245110486496282
EGM,2025-12-30,124.68,368165,134.41281935921594,139.82406705594641,586554.25,7.688137322817888
EGM,2025-12-31,124.67,637433,134.0307480117957,139.67328031907132,582620.3,7.865064611696064
EGM,2026-01-01,126.43,673811,133.73267946231354,139.54150638554822,602343.95,7.511420069204217
EGM,2026-01-02,124.56,717528,133.3729665422228,139.39243667026915,599493.2,6.880286668653941
EGM,2026-01-03,123.6,628659,132.9897129523317,139.23529799693313,614899.15,5.496585516042206
EGM,2026-01-04,120.23,651686,132.48933205224026,139.0461905541776,619186.45,5.322896427099306
EGM,2026-01-05,123.1,517480,132.1211229521524,138.8875219914495,618127.75,4.421725413440815
EGM,2026-01-06,124.61,277268,131.8265691108915,138.7454570960122,617371.0,2.8866980833083384
EGM,2026-01-07,124.71,537068,131.54748796928794,138.60580080649964,623767.15,2.8322020904799325
EGM,2026-01-08,122.41,996681,131.18915510774724,138.44464855966882,640267.35,2.521646096989375
EGM,2026-01-09,120.31,341402,130.76252157411008,138.2642042953935,600520.35,2.8087142653135837
EGM,2026-01-10,125.45,391562,130.55418739473322,138.13669977504134,587066.3,2.788011742805647
EGM,2026-01-11,129.75,272226,130.52265063415544,138.05325002603595,569165.2,3.594429240635332
EGM,2026-01-12,131.02,278389,130.5421545308552,137.9832674387122,543145.15,4.505598303380903
EGM,2026-01-13,127.1,1649745,130.40716807866482,137.87497622041656,586972.55,4.6087986355055355
EGM,2026-01-14,125.84,661556,130.22806344812895,137.75522521324822,561719.45,4.624573517610089
EGM,2026-01-15,124.87,459660,130.01794331290822,137.62701401709649,567848.75,4.579481591659908
EGM,2026-01-16,125.96,369328,129.85880828102947,137.51092432538408,570520.55,4.5997698222392325
EGM,2026-01-17,128.35,552447,129.79963932883226,137.41977084950963,579793.35,4.754389368702478
EGM,2026-01-18,131.76,711930,129.87651621789766,137.36345472165382,584701.2,4.886129392429245
EGM,2026-01-19,131.99,608040,129.95939793484285,137.3099875104931,596694.95,5.2325036161867375
EGM,2026-01-20,129.11,676714,129.92608821190785,137.2283955949658,598659.0,5.228887493824827
EGM,2026-01-21,129.33,1066910,129.90271220359773,137.14980459402085,618313.95,5.199751011050807
EGM,2026-01-22,132.0,419972,129.9849587838488,137.09856275726443,603436.15,5.033498553919391
EGM,2026-01-23,132.83,433486,130.09652902761945,137.05608949599812,593677.5,4.115923781052029
EGM,2026-01-24,134.75,803841,130.27901808535987,137.03314333185884,601285.25,4.422657882682527
EGM,2026-01-25,133.75,301301,130.4151350231889,137.00047523900454,590476.3,4.723696575846137
EGM,2026-01-26,133.92,732619,130.55258070855405,136.96982374408907,613243.85,4.978445739186394
EGM,2026-01-27,131.8,610468,130.60149911214017,136.91838271180958,616913.85,4.841047191681685
EGM,2026-01-28,127.58,441498,130.4830089508798,136.8254634808463,589154.7,4.598630111359266
EGM,2026-01-29,129.38,571457,130.4397536979041,136.75137926710656,600657.45,3.9389765677267246
EGM,2026-01-30,128.83,523776,130.37662610190787,136.6725595729065,607268.15,3.4551426077025766
EGM,2026-01-31,127.42,352494,130.26067998026443,136.58049430352435,611281.55,3.6002556571311155
EGM,2026-02-01,127.03,507701,130.13398664770503,136.48546450945943,622747.15,3.919918282395768
EGM,2026-02-02,128.96,469574,130.08794795563816,136.41058426558422,563738.6,3.934749824489465
EGM,2026-02-03,131.96,701015,130.16136176129942,136.36629984503116,565711.55,3.9291493081474447
EGM,2026-02-04,126.16,770485,130.0044456137975,136.26474462269255,581252.8,4.305362823092001
EGM,2026-02-05,123.09,668160,129.73329088384463,136.1336526363971,596194.4,5.150710075874512
EGM,2026-02-06,121.89,718181,129.42571084918404,135.99192474946778,604481.1,5.861794112708229
EGM,2026-02-07,118.85,733731,129.01097709039252,135.82135833405022,605571.15,6.599100088498599
EGM,2026-02-08,121.91,687109,128.7325074005732,135.6829368580895,609524.6,6.489052742465993
EGM,2026-02-09,120.44,328142,128.40731103192329,135.53126584457618,592096.0,6.26749147989441
EGM,2026-02-10,121.51,688619,128.13682824635765,135.39175076154558,573181.45,5.997510575596748
EGM,2026-02-11,123.14,278518,127.94087419748088,135.26984279376902,566108.75,5.9768827669521185
EGM,2026-02-12,120.46,384781,127.6475065818934,135.1224811739305,563673.5,5.925555301561786
EGM,2026-02-13,117.43,1149348,127.24682004927013,134.9464365851352,580948.85,6.207355803514657
EGM,2026-02-14,120.03,562615,126.96380749831836,134.79801433055675,594014.55,6.124454988086468
EGM,2026-02-15,119.14,358124,126.65699151799215,134.64221319293927,575289.8,6.05598642385633
EGM,2026-02-16,120.41,469342,126.41201145846306,134.50059913131798,568233.5,5.412774724647063
EGM,2026-02-17,120.14,426176,126.16605022479783,134.35770759767303,567467.4,3.246294252470638
EGM,2026-02-18,119.24,294280,125.89444041206066,134.20728264645243,553608.55,2.44477599594053
EGM,2026-02-19,117.52,729478,125.56603098413672,134.0412400330549,563893.65,2.462316903439569
EGM,2026-02-20,115.2,783736,125.15951996515096,133.85376500785037,585455.75,3.0377894652463784
EGM,2026-02-21,116.38,408215,124.81522506455681,133.67989669931455,580481.45,3.3033633584604303
EGM,2026-02-22,116.69,575911,124.49658878751538,133.51084300081394,585798.3,3.3060972019570296
EGM,2026-02-23,114.36,516067,124.09907550173047,133.32028734906453,576550.9,3.755094067535553
EGM,2026-02-24,113.03,656145,123.66499410950576,133.1183939426062,570833.9,4.168678292791105
EGM,2026-02-25,113.68,618726,123.27342571305455,132.9249770874559,568362.2,3.8990509728660028
EGM,2026-02-26,119.2,584562,123.11368352822888,132.7884101512623,561681.25,3.758529585203961
EGM,2026-02-27,116.17,701267,122.84138221339639,132.62305283632438,560058.05,3.785866229067252
EGM,2026-02-28,117.4,442466,122.62799467561615,132.4715796737739,547825.9,3.5907380856860387
EGM,2026-03-01,115.63,359823,122.3535635118665,132.30400176657218,549409.95,3.510258690100308
EGM,2026-03-02,112.41,713527,121.96361984473448,132.10605150023815,550655.35,3.5469757471042027
EGM,2026-03-03,110.93,552316,121.53092887043117,131.8953445201363,564345.25,3.7026191353600186
EGM,2026-03-04,109.29,453743,121.05089244413975,131.67041571894092,567793.35,4.116519804664275
EGM,2026-03-05,106.56,282957,120.4826221522127,131.42056083616538,524473.8,5.110647055331729
EGM,2026-03-06,105.6,292975,119.89898991094945,131.16363983282045,510991.8,6.096162468361066
EGM,2026-03-07,103.38,583649,119.25118638502987,130.8871857051307,522268.05,7.129314512074934
EGM,2026-03-08,97.56,706067,118.40055162483263,130.55557191701993,534104.3,9.032101814461951
EGM,2026-03-09,99.3,387913,117.65151038464312,130.2445712014277,532191.15,10.047902192076297
EGM,2026-03-10,98.85,456116,116.91419625191202,129.9321874083787,540282.95,10.883565213579349
EGM,2026-03-11,96.52,731425,116.11442384987625,129.59972783217592,540380.3,11.74566511105655
EGM,2026-03-12,95.34,543760,115.2997405616458,129.2588350179254,528381.5,11.621704637500903
EGM,2026-03-13,94.46,722106,114.48249583373813,128.91257795307044,544076.05,11.614196628444278
EGM,2026-03-14,91.87,355575,113.59573129123861,128.54399508786577,533059.25,11.215345746777935
EGM,2026-03-15,93.01,339072,112.78844771119003,128.19042299743924,524209.5,10.330437077866996
EGM,2026-03-16,89.36,348455,111.86968505584925,127.80405062930552,508825.0,10.083784427441373
EGM,2026-03-17,87.1,379361,110.89832485758066,127.3990352001582,496856.75,9.904116027475734
EGM,2026-03-18,89.08,441625,110.04270427493044,127.01775126781833,489709.9,9.10237495424568
EGM,2026-03-19,88.69,1910792,109.2053433229724,126.63638060843705,550186.15,8.403359610729444
EGM,2026-03-20,92.18,539734,108.53768280050289,126.29353105014414,555049.55,7.096425698356427
EGM,2026-03-21,89.26,702130,107.78169523969886,125.92503820387405,572164.9,6.0662511279404026
EGM,2026-03-22,89.66,804353,107.07104052441656,125.56419205259174,576706.2,5.871373465690256
EGM,2026-03-23,88.8,414250,106.35452913130219,125.19837919634705,569802.9,5.233862324818051
EGM,2026-03-24,87.36,428154,105.60964563595701,124.82187791081125,568523.45,4.5034471686790765
EGM,2026-03-25,87.72,722695,104.90809090513517,124.45270499627581,590510.35,3.9530935340560127
EGM,2026-03-26,85.76,594218,104.15718537944359,124.06770295651188,605572.5,3.6864457889584186
EGM,2026-03-27,85.42,289028,103.42239379593599,123.68314869823813,590841.45,3.390506319766944
EGM,2026-03-28,84.4,505864,102.67641756864438,123.29227159676313,580831.3,3.5927075865120983
EGM,2026-03-29,83.71,730353,101.93263648752108,122.89841814803913,597953.3,3.4659863730899305
EGM,2026-03-30,84.39,304423,101.24468995859868,122.51524980825765,590368.65,3.6349731508878764
EGM,2026-03-31,84.4,722966,100.5841138817909,122.13599359126006,589945.7,3.8288834519993333
EGM,2026-04-01,84.27,2256956,99.94434470995597,121.75921753562564,675605.5,3.9053832247106492
EGM,2026-04-02,83.07,574087,99.2826057017224,121.3742501969627,668204.55,4.094538978997823
EGM,2026-04-03,82.1,397278,98.60877802714505,120.98346163778895,670289.7,3.623048470523549
EGM,2026-04-04,81.52,639269,97.9386298692178,120.59079037771144,685299.55,3.649101274269145
EGM,2026-04-05,81.58,602518,97.29711497238574,120.2026233092765,698002.7,3.3600846241279494
EGM,2026-04-06,83.86,734129,96.77016928719414,119.84100516689566,715741.1,2.8359108078133115
EGM,2026-04-07,82.1,625365,96.19486853083359,119.46547277717531,724928.1,2.6142263999722277
EGM,2026-04-08,84.19,333152,95.72408937276168,119.11447304804919,646046.1,2.035410055342304
EGM,2026-04-09,84.86,297544,95.29804665226122,118.77363252020791,633936.6,1.8995744534967662
EGM,2026-04-10,84.24,2028111,94.86439776393725,118.43001428617599,700235.65,1.7530825676484496
EGM,2026-04-11,85.41,332113,94.49363706731225,118.10145693009464,676623.65,1.886700416473262
EGM,2026-04-12,86.01,343651,94.16094541761373,117.78213895069072,673093.7,2.13007080829104
EGM,2026-04-13,86.4,456942,93.856594616923,117.46987886162913,674533.1,2.378370165226432
EGM,2026-04-14,84.77,677381,93.50025757312211,117.14450693265769,672267.4,2.3975158847366345
EGM,2026-04-15,83.6,445827,93.11201217809771,116.81073074427304,664847.85,2.3939028836746004
EGM,2026-04-16,82.06,661970,92.67859993581938,116.46495232890715,683494.95,2.482472734815611
EGM,2026-04-17,81.49,1882635,92.23983131088528,116.11694285299762,752333.5,2.5639604120359385
EGM,2026-04-18,77.42,549590,91.65866145555644,115.73189864550511,743295.35,3.521196041960168
EGM,2026-04-19,79.08,360822,91.16538061416206,115.36720313659463,746115.3,3.873292268146999
EGM,2026-04-20,77.51,780666,90.62987549203807,114.99051454817081,749000.3,4.487805455028047
EGM,2026-04-21,79.45,799652,90.19144900215422,114.63687758749249,676135.1,4.680512572308942
EGM,2026-04-22,79.26,406402,89.76276472755994,114.28486885527863,667750.85,4.80738151522724
EGM,2026-04-23,78.92,379673,89.33755826765562,113.93297961293756,666870.6,4.839808483176536
EGM,2026-04-24,79.3,624958,88.94392853166913,113.58837285061978,666155.05,4.819196333070962
EGM,2026-04-25,80.23,455229,88.60220584415269,113.25644874265342,658790.6,4.52604550486063
EGM,2026-04-26,77.09,494450,88.15074679144084,112.89658358103497,646806.65,4.258407069458228
EGM,2026-04-27,76.22,285186,87.68287436824708,112.53164245087544,629797.7,3.727308710015993
EGM,2026-04-28,77.93,394902,87.3004087067472,112.1873475011155,632885.2,3.083701839177675
EGM,2026-04-29,76.26,356113,86.86745150256104,111.82986145632829,635813.65,2.6695202680480015
EGM,2026-04-30,79.13,557069,86.56402203187238,111.50448970054393,562261.55,2.2646558395061103
EGM,2026-05-01,79.73,316831,86.29602116787738,111.18832562392161,561497.45,1.953846059201557
EGM,2026-05-02,79.81,1628838,86.04166739658807,110.87610347840996,625756.8,1.9821466884380885
EGM,2026-05-03,76.6,602116,85.6714059300552,110.53504772240588,633015.5,2.1156247615890362
EGM,2026-05-04,74.59,733004,85.23684099162166,110.17738555601379,635796.65,2.5950366827071742
EGM,2026-05-05,75.4,675866,84.85108252136199,109.83134191864053,647298.6,2.7549753444145417
EGM,2026-05-06,74.7,628943,84.45300085385759,109.48177632741027,645647.25,2.9614781587233856
EGM,2026-05-07,76.29,755849,84.13288317331416,109.15150989629177,589307.95,2.940820697289549
EGM,2026-05-08,77.83,285771,83.88571128416457,108.8398530814033,576117.0,2.8314793681162684
EGM,2026-05-09,75.54,650995,83.55842848870715,108.5085112596978,590625.65,2.598152344335428
EGM,2026-05-10,75.26,468525,83.23299992052256,108.17768030188986,575018.6,2.681749905364982
EGM,2026-05-11,74.23,621262,82.8799411001099,107.83989243818947,566099.1,2.8691786740661955
EGM,2026-05-12,76.2,594130,82.61798262559579,107.52506763780947,575485.5,2.820499941067606
EGM,2026-05-13,77.93,449985,82.43414016969008,107.23058935285614,579001.1,2.8707423322969143
EGM,2026-05-14,77.34,536765,82.23436996695713,106.93317055332524,574591.45,2.6880580688107614
EGM,2026-05-15,80.25,749069,82.15655153688037,106.66766636871505,589283.45,2.800844088818597
EGM,2026-05-16,77.94,558823,81.99119657464978,106.38181894216066,592502.1,2.5117703139160703
EGM,2026-05-17,76.98,368681,81.79467906191842,106.08926352980086,596676.85,2.5206759297531836
EGM,2026-05-18,80.44,407530,81.74155439282357,105.83404697726553,597308.25,2.8392456870458758
EGM,2026-05-19,83.29,770141,81.80227774996774,105.60972810186985,618009.65,3.7446040298861405
EGM,2026-05-20,82.7,317589,81.83748254408667,105.3817706083189,606035.65,4.087568126257165
EGM,2026-05-21,84.99,2279247,81.96111067961267,105.17886741818639,704156.45,4.865760220916459
EGM,2026-05-22,86.92,393274,82.155576927471,104.99718714536861,642378.25,5.8664667863140325
EGM,2026-05-23,88.7,619857,82.41222096953098,104.83502607924554,643265.3,6.721786182109849
EGM,2026-05-24,88.63,295733,82.65605544131407,104.67378203865603,621401.75,7.136258369514428
EGM,2026-05-25,90.54,445219,82.96522973773313,104.53314739150522,609869.4,7.377845856210573
EGM,2026-05-26,92.48,571642,83.33835798331222,104.41321557666437,607004.35,7.898770639148345
EGM,2026-05-27,90.39,483752,83.6148929643588,104.27368109331448,593399.5,7.954736900007045
EGM,2026-05-28,91.2,521683,83.91234814222709,104.14359471427652,605195.1,7.764193994169851
EGM,2026-05-29,92.4,416285,84.24519723468877,104.02674302557725,593459.6,7.898930516005683
EGM,2026-05-30,91.55,409606,84.5316600882304,103.90259632880533,590513.65,7.278681774820464
EGM,2026-05-31,92.55,542109,84.84610479065273,103.7896351713048,586556.0,6.058105731573859
EGM,2026-06-01,92.63,797906,85.15135558317616,103.67859402532167,596744.8,5.219307575331926
EGM,2026-06-02,91.41,348374,85.39679261913003,103.55651846288066,591664.25,4.603476364970332
EGM,2026-06-03,90.58,376879,85.60005565367395,103.42739887618534,583669.95,3.4389341763421752
EGM,2026-06-04,90.12,310404,85.77730837313771,103.29498694706908,561736.7,2.555145422838332
EGM,2026-06-05,89.94,467827,85.94055118203428,103.16210150480968,557186.9,2.0051413312346202
EGM,2026-06-06,92.26,630335,86.18837270430745,103.05362288287128,570269.6,1.8167476374019649
EGM,2026-06-07,88.44,345143,86.27667181394246,102.90821369995714,567150.25,1.8640914544445213
EGM,2026-06-08,89.42,419991,86.39993958594471,102.77400261836553,549642.75,1.980840543361678
EGM,2026-06-09,86.4,513832,86.39994195512335,102.61107721917782,559454.9,2.637399990288686
EGM,2026-06-10,87.35,343921,86.43719913335381,102.45922570455913,462688.6,2.9544910171319185
EGM,2026-06-11,89.76,472921,86.56750504969288,102.3328652497874,466670.95,2.947311985444356
EGM,2026-06-12,89.31,701482,86.67505387127356,102.20328450103331,470752.2,2.8322387564627816
EGM,2026-06-13,93.5,797035,86.94269881749814,102.11668465525189,495817.3,3.0977433517981856
EGM,2026-06-14,91.53,595357,87.12259298151783,102.0113445094285,503324.2,2.992562690408914
EGM,2026-06-15,92.79,802917,87.34484423714459,101.9195898376929,514887.95,3.015745971350995
EGM,2026-06-16,92.53,801864,87.54818367882518,101.82616108308899,530793.55,3.124924724365459
EGM,2026-06-17,94.85,397884,87.83452941691047,101.75674654494881,524603.6,3.6246116123859258
EGM,2026-06-18,95.74,518638,88.14454787114927,101.69687842012345,529721.25,4.160274055848226
EGM,2026-06-19,94.6,647169,88.39770285659439,101.62626271445059,541599.4,4.37135738468031
EGM,2026-06-20,91.25,673598,88.50955764653187,101.52301631928194,548173.85,4.352478784085886
EGM,2026-06-21,92.75,283978,88.67584950353063,101.43572262456271,522477.45,4.211936530937177
EGM,2026-06-22,93.22,631852,88.85405148378433,101.35397414073623,536651.35,4.153533184178471
EGM,2026-06-23,92.57,507181,88.99977495500848,101.2665714129677,543166.45,3.4320444720640957
EGM,2026-06-24,91.81,392253,89.10997985873362,101.17247617502774,547258.9,2.717237330226278
EGM,2026-06-25,92.73,697433,89.25194143290094,101.08847143696777,558739.2,2.4280109889828405
EGM,2026-06-26,93.96,690870,89.43657118063031,101.01754137291834,561765.95,1.937788369177707
EGM,2026-06-27,91.93,408690,89.53435270295854,100.92711807567538,564943.3,1.9875803943891004
EGM,2026-06-28,94.36,330183,89.72359377343076,100.86177361721096,560452.9,1.9440660982820614
EGM,2026-06-29,96.82,405926,90.00188421368838,100.8215569643034,555057.6,2.4059699101974243
EGM,2026-06-30,96.53,418542,90.25788875432805,100.7788549049571,558788.65,2.6467290615510635
EGM,2026-07-01,99.04,378324,90.60228527376617,100.76155286610181,554058.8,3.3701457765101743
EGM,2026-07-02,99.8,545442,90.96297996891259,100.75198517589185,546256.8,4.039913110395421
EGM,2026-07-03,97.31,394450,91.21188271522975,100.71773656717652,526127.55,4.207639049824828
EGM,2026-07-04,100.93,376710,91.59298535384819,100.71984864113496,515195.2,4.649199151169729
EGM,2026-07-05,98.87,728709,91.8783584772267,100.70144218699431,511484.8,4.722183095433497
EGM,2026-07-06,99.59,1364668,92.18077579184526,100.69038306075556,539625.0,4.831076555675555
EGM,2026-07-07,99.81,800850,92.47996105491015,100.68162303030029,559773.3,4.77123416026428
EGM,2026-07-08,100.19,631420,92.78231552334505,100.67673125885452,565412.4,4.464326318494983
EGM,2026-07-09,101.17,603476,93.11124432635113,100.68163940553258,563227.75,4.2539276776642865
EGM,2026-07-10,99.7,564239,93.36962690178834,100.67187184925864,557759.8,3.9501558774343444
EGM,2026-07-11,100.6,766645,93.65317094485546,100.67115670647995,581893.15,2.9324482514168944
EGM,2026-07-12,100.36,423698,93.91618384897878,100.66806061984832,571485.45,2.222146274645166
EGM,2026-07-13,102.7,297182,94.2606472274502,100.6882789221384,560985.5,2.3175806824716174
EGM,2026-07-14,103.09,579432,94.6068963557855,100.71217664430618,570344.45,2.226925639122973
EGM,2026-07-15,99.83,314449,94.81172394967626,100.70339876724842,551195.25,2.1760634952018987
EGM,2026-07-16,99.76,659474,95.00577399086542,100.69401171483798,549625.45,2.1776559191440845
EGM,2026-07-17,97.51,457508,95.10397893240011,100.66233000623264,552066.35,2.131442689716498
EGM,2026-07-18,95.37,616367,95.11441113112951,100.60967000617063,566375.55,2.878615094558968
EGM,2026-07-19,100.03,773874,95.30717932206561,100.60390214541272,584772.95,2.8443859541260132
EGM,2026-07-20,100.69,660891,95.51827032904343,100.60475884048324,596890.4,2.852502010475301
EGM,2026-07-21,95.85,511563,95.53127933574763,100.5574478072446,603552.35,3.316139292562612
EGM,2026-07-22,97.42,472262,95.60534681277713,100.52622942110287,599893.35,3.4397679132012096
EQTY,2025-11-13,50.25,456633,50.25,50.25,456633.0,0.24395183950935936
EQTY,2025-11-14,50.48,899046,50.259019607843136,50.25228855721393,677839.5,0.24395183950935936
EQTY,2025-11-15,51.06,429764,50.29043060361399,50.2603254869929,595147.6666666666,0.6261189982742958
EQTY,2025-11-16,51.12,1067143,50.32296273680561,50.2688794622467,713146.5,0.6445201703593182
EQTY,2025-11-17,51.07,420019,50.352258315754405,50.276850810881065,654521.0,0.6036079025327649
EQTY,2025-11-18,50.75,607840,50.36785602886208,50.2815587630116,646740.8333333334,0.5406177022628865
EQTY,2025-11-19,50.69,914779,50.380489125769444,50.28562285492194,685032.0,0.4966530838666851
EQTY,2025-11-20,49.65,1147539,50.35184249338633,50.27929824940033,742845.375,0.7529486678576289
EQTY,2025-11-21,49.66,1317394,50.32471141521432,50.273136077764505,806684.1111111111,0.8562198899815463
EQTY,2025-11-22,49.17,624964,50.27942861461768,50.26215959937879,788512.1,1.0320368210485582
EQTY,2025-11-23,48.5,982024,50.209647100318946,50.24462567301681,806104.0909090909,1.2997102824021347
EQTY,2025-11-24,47.81,702547,50.1155432924633,50.22040054194202,797474.3333333334,1.6195848584240298
EQTY,2025-11-25,48.38,946781,50.04748277119023,50.20208809873862,808959.4615384615,1.6936814135985703
EQTY,2025-11-26,48.38,486366,49.98209128996709,50.18395786890043,785917.0714285715,1.7364015224747895
EQTY,2025-11-27,49.03,581719,49.944754376635046,50.17247570105068,772303.8666666667,1.7485196643113678
EQTY,2025-11-28,48.03,2368944,49.86966596970818,50.151157534871075,872093.875,1.8323426727361067
EQTY,2025-11-29,48.18,1137800,49.803404559131394,50.131544027061416,887723.6470588235,1.7767022483018686
EQTY,2025-11-30,47.54,506889,49.7146435960282,50.105757519329465,866566.1666666666,1.726419148678304
EQTY,2025-12-01,46.94,760156,49.60583404324279,50.074257444510266,860965.6315789474,1.6876858871976745
EQTY,2025-12-02,47.86,880733,49.537369963115616,50.05222503212708,861954.0,1.4848642961638039
EQTY,2025-12-03,49.07,660148,49.51904172926795,50.04245164872284,872129.75,1.1963949970687124
EQTY,2025-12-04,48.89,1086700,49.4943734261594,50.030984468138534,881512.45,1.0984617116077326
EQTY,2025-12-05,48.79,798495,49.46675093885903,50.018636363977954,899949.0,0.9722999384602125
EQTY,2025-12-06,47.8,522241,49.40138815694299,49.99656038025679,872703.9,0.9203066259211394
EQTY,2025-12-07,47.16,2796669,49.31349058216092,49.968335898861206,991536.4,1.0048093143685661
EQTY,2025-12-08,48.0,943600,49.261981147566374,49.94875046703174,1008324.4,0.9971005355640162
EQTY,2025-12-09,48.3,788695,49.22425639668142,49.93234498974785,1002020.2,0.9943691053037034
EQTY,2025-12-10,48.14,658156,49.18173653798804,49.91451071124289,977551.05,0.9890136195020316
EQTY,2025-12-11,48.71,584397,49.16323706591008,49.90252553003649,940901.2,0.9456218519118815
EQTY,2025-12-12,49.87,418550,49.190953259403805,49.9022018929217,930580.5,1.1803708790409806
EQTY,2025-12-13,49.74,582744,49.21248450413307,49.90058794373841,910616.5,1.325229246185399
EQTY,2025-12-14,49.52,3556887,49.22454393534355,49.89680099902459,1053333.5,1.3548215181912007
EQTY,2025-12-15,49.7,1173531,49.24318927121243,49.894842780128826,1064671.0,1.258463053983634
EQTY,2025-12-16,50.47,1217631,49.29129949587077,49.90056573754048,1101234.25,1.3913146996300452
EQTY,2025-12-17,51.07,856687,49.36105245681701,49.912201899356,1114982.65,1.6486552962078909
EQTY,2025-12-18,51.02,716247,49.42610922321634,49.92322476602908,1032347.8,1.8323969844963313
EQTY,2025-12-19,50.39,1035206,49.46390886152159,49.927869295720335,1027218.1,1.8873807727426692
EQTY,2025-12-20,51.35,1060256,49.53787321989329,49.94201984999177,1054886.45,1.942047605260726
EQTY,2025-12-21,51.46,635221,49.61325074068179,49.95712413009136,1048639.7,1.7925891398130867
EQTY,2025-12-22,52.41,765965,49.722927182223685,49.98153085516508,1042901.3,1.8794449510894973
EQTY,2025-12-23,51.64,827092,49.79810650841099,49.998033035710705,1051248.5,1.783862066872419
EQTY,2025-12-24,51.33,626448,49.85818076298311,50.011286438340456,1028235.9,1.5266705855956728
EQTY,2025-12-25,51.96,997719,49.940605046787695,50.030676623033585,1038197.1,1.370955039299309
EQTY,2025-12-26,52.96,1093420,50.05901269201171,50.05982411932181,1066756.05,1.537373956237916
EQTY,2025-12-27,52.7,1151935,50.162580821736746,50.086094526094726,984519.35,1.551117994533932
EQTY,2025-12-28,52.8,565183,50.266009024805896,50.113098560660944,965598.5,1.4600865547126558
EQTY,2025-12-29,52.28,775705,50.3449890630488,50.13465976901258,964949.0,1.2559885122313286
EQTY,2025-12-30,53.49,1155057,50.468322825282186,50.16804623897266,989794.05,1.3245662777587763
EQTY,2025-12-31,52.44,842099,50.54564349880053,50.19065274405751,1002679.15,1.285963368729528
EQTY,2026-01-01,51.95,722631,50.600716302769136,50.20815868690271,1017883.2,1.213231313385921
EQTY,2026-01-02,51.61,527624,50.64029605560172,50.22210735668478,1015127.2,0.9981136053729907
EQTY,2026-01-03,50.67,560168,50.64146091616636,50.226563999901856,865291.25,1.1240820430735226
EQTY,2026-01-04,50.89,522218,50.651207546904935,50.23316535313666,832725.6,1.2026144253433282
EQTY,2026-01-05,51.69,1053204,50.69194450584984,50.247661220269634,824504.25,1.2031324157755963
EQTY,2026-01-06,52.2,961397,50.751083936992984,50.26708747678437,829739.75,1.1926718205057423
EQTY,2026-01-07,51.98,700831,50.799276723777574,50.284131382488006,828968.95,1.1506644043458014
EQTY,2026-01-08,51.29,1171552,50.81852077382551,50.29414002544832,835786.25,1.1967819143642506
EQTY,2026-01-09,51.12,1113916,50.830343488577455,50.302357537632915,838469.25,1.1866654383764965
EQTY,2026-01-10,50.57,2174086,50.820133940005796,50.3050206467112,915412.5,1.2547240404098212
EQTY,2026-01-11,51.33,763966,50.840128687456556,50.31521944624642,915312.55,1.1852331457945509
EQTY,2026-01-12,50.68,1029178,50.83384913108571,50.3188491034977,925416.85,1.2179913319130509
EQTY,2026-01-13,50.7,1895744,50.82860014555294,50.32264164973155,988881.65,0.9356351782682928
EQTY,2026-01-14,49.52,711407,50.77728249278616,50.31465516565462,974566.05,1.0769737821657914
EQTY,2026-01-15,49.05,699751,50.709545924441606,50.30207153216552,954882.6,1.3097988688814204
EQTY,2026-01-16,49.52,448949,50.66289706465959,50.294289725875316,919733.3,1.3928763523611893
EQTY,2026-01-17,49.99,869264,50.63650894447686,50.29126196740889,934937.35,1.4301003288404042
EQTY,2026-01-18,50.49,477116,50.63076349567384,50.2932394602705,920007.9,1.432415206626838
EQTY,2026-01-19,50.9,933406,50.64132178996114,50.29927687857627,908925.35,1.3739847400659344
EQTY,2026-01-20,50.4,2838414,50.63185819035482,50.30027909868994,1008741.1,1.2055954709438956
EQTY,2026-01-21,50.51,1231890,50.62707943779189,50.302365873827355,1034204.05,1.0330936815918752
EQTY,2026-01-22,51.12,1125997,50.6464096559177,50.310501536774346,1064122.7,1.0107075097819698
EQTY,2026-01-23,49.76,793606,50.61164849294054,50.30502390954276,1075794.6,0.9949476765744454
EQTY,2026-01-24,49.53,874691,50.56923090498209,50.29731222885079,1093418.25,1.036963021371698
EQTY,2026-01-25,49.34,749027,50.52102577145339,50.28778673403636,1078209.4,0.9837596781712626
EQTY,2026-01-26,49.35,899678,50.47510319218071,50.27845552275242,1075123.45,0.9943162651615751
EQTY,2026-01-27,49.52,1229757,50.43764816503637,50.2709087016305,1101569.75,0.9652833666970604
EQTY,2026-01-28,49.74,892536,50.41028941346632,50.26562602798244,1087618.95,0.9531192284999273
EQTY,2026-01-29,50.33,529406,50.40714080901667,50.266266565017446,1058393.45,0.8806322653714278
EQTY,2026-01-30,49.78,1210538,50.38254705180033,50.26142809173369,1010216.05,0.8602111292079475
EQTY,2026-01-31,50.48,1190532,50.38636873604345,50.263602936592065,1031544.35,0.8761545757795048
EQTY,2026-02-01,51.43,1179934,50.42729545227704,50.2752088775215,1039082.15,1.019823635366805
EQTY,2026-02-02,50.65,992270,50.43602896395245,50.27893814242179,993908.45,0.9928430704987483
EQTY,2026-02-03,50.63,979424,50.44363567124844,50.28243129523351,1007309.3,1.0074983298325626
EQTY,2026-02-04,50.67,897985,50.452512703748496,50.28628770025607,1017221.0,1.0192294681725143
EQTY,2026-02-05,50.07,1078167,50.43751220556228,50.284135583835614,1048681.9,0.9324321263929605
EQTY,2026-02-06,49.57,561160,50.40349211906964,50.27702975713079,1033276.7,0.9471162854907451
EQTY,2026-02-07,50.26,481110,50.39786497714534,50.27686030681109,1033476.4,0.9188224068799364
EQTY,2026-02-08,49.59,721815,50.36618399764944,50.270025875897545,1022896.85,0.8865178360452748
EQTY,2026-02-09,49.84,854309,50.345549331074956,50.26574701146075,923691.6,0.8301641569427984
EQTY,2026-02-10,50.26,446268,50.34219445534652,50.26568982726712,884410.5,0.7793498981434963
EQTY,2026-02-11,51.13,685903,50.37308879043098,50.27428992848834,862405.8,0.8242496587806418
EQTY,2026-02-12,50.43,3910544,50.37532060257094,50.275839282433736,1018252.7,0.8251191222690635
EQTY,2026-02-13,50.1,1163646,50.364523716195606,50.27408963783241,1032700.45,0.7968755090496118
EQTY,2026-02-14,49.33,814199,50.323954158697745,50.26469571108781,1035959.05,0.8954196634128536
EQTY,2026-02-15,49.3,488850,50.28379909365077,50.25509674878843,1015417.65,0.8277220328928683
EQTY,2026-02-16,48.72,537069,50.222473638997805,50.23982215427313,980783.25,0.9679078491239064
EQTY,2026-02-17,48.57,3336087,50.15767075119397,50.22320700845947,1102960.8,1.0791296859603867
EQTY,2026-02-18,48.22,899659,50.08168366291186,50.2032746004151,1121473.45,1.195889077972241
EQTY,2026-02-19,48.28,743444,50.011029401621194,50.184137539714456,1098118.75,1.30295501006055
EQTY,2026-02-20,47.07,1079652,49.89569491528311,50.15315109653322,1092574.75,1.6366633841346814
EQTY,2026-02-21,47.12,613727,49.78684413429161,50.12297048860752,1064264.4,1.8137455932195305
EQTY,2026-02-22,46.69,971159,49.665399266280176,50.08881157827312,1063208.85,2.046838892182203
EQTY,2026-02-23,46.99,1117476,49.56048164799468,50.057977632220656,1070111.45,2.1447657022580935
EQTY,2026-02-24,46.5,858862,49.44046275983802,50.022574869711,1068155.3,2.209038407727094
EQTY,2026-02-25,46.37,465027,49.32005245553065,49.98623084115666,1037498.3,2.0305391275107105
EQTY,2026-02-26,45.97,2688786,49.188677849431414,49.94626834522476,1143879.6,1.9377232944707088
EQTY,2026-02-27,45.93,963470,49.060886561218425,49.90630547611805,1167997.6,1.7979287533709964
EQTY,2026-02-28,45.46,670794,48.919675323523585,49.86206363058454,1165446.55,1.7871190902840115
EQTY,2026-03-01,45.68,813059,48.79262923240501,49.82045105714588,1163384.05,1.6441729023942306
EQTY,2026-03-02,46.79,775716,48.714094752702856,49.79029731528374,1179856.45,1.4602524996170387
EQTY,2026-03-03,46.34,466476,48.620992997694906,49.755965998713755,1168885.1,1.2607577195769963
EQTY,2026-03-04,46.71,863985,48.546052095824514,49.72565787932357,1016557.15,1.0709349412322482
EQTY,2026-03-05,46.86,1005729,48.47993240579218,49.69714387057408,1008661.3,0.7922287381980355
EQTY,2026-03-06,47.32,849945,48.434444860466996,49.67349069773255,1010448.6,0.8307901210746316
EQTY,2026-03-07,47.31,414028,48.39034898358594,49.6499733773571,1006707.5,0.8591038008644915
EQTY,2026-03-08,47.72,603880,48.3640607881512,49.63076966215952,1010048.05,0.9891111144374849
EQTY,2026-03-09,47.63,1111711,48.33527409057665,49.61086150631714,898829.25,1.0666256359441255
EQTY,2026-03-10,46.95,792396,48.28094961643639,49.58438527242345,893466.1,1.0735659998548839
EQTY,2026-03-11,46.87,1253004,48.225618258929074,49.55737646374262,918944.1,1.0700480116579834
EQTY,2026-03-12,48.09,1475790,48.22029989583382,49.54277570290936,938751.0,1.1598439171234871
EQTY,2026-03-13,47.37,574106,48.18695480187955,49.52115604417394,936769.95,1.108357115060812
EQTY,2026-03-14,46.98,1132912,48.13962324102153,49.495870909406044,944857.6,0.907368190409745
EQTY,2026-03-15,47.25,1042715,48.10473605509912,49.4735239351831,941119.55,0.6913934210258106
EQTY,2026-03-16,47.85,1010283,48.09474640587955,49.45736946816636,948690.6,0.7239836566976077
EQTY,2026-03-17,47.46,1066749,48.0698543899627,49.43749514510004,978776.7,0.6163403378721135
EQTY,2026-03-18,47.37,932066,48.04240911976809,49.41692305410402,890940.7,0.5588524594461107
EQTY,2026-03-19,47.99,598484,48.04035386016934,49.4027248147597,872691.4,0.5676571283662394
EQTY,2026-03-20,47.93,1080500,48.03602625780976,49.38807083650339,893176.7,0.5972419439061755
EQTY,2026-03-21,48.34,707062,48.04794679671918,49.37764227096605,887876.85,0.682139894131123
EQTY,2026-03-22,47.05,2038410,48.00881162822039,49.35448165135445,951011.55,0.7068869417042841
EQTY,2026-03-23,46.65,568445,47.95552489770195,49.32757138616684,956110.0,0.7830000947330971
EQTY,2026-03-24,47.36,451008,47.93217098014501,49.307993561428866,935461.15,0.7554232493871733
EQTY,2026-03-25,47.22,693602,47.90424270641383,49.28721750609127,919854.8,0.7196058330401744
EQTY,2026-03-26,47.61,560731,47.892703776750544,49.27052877468738,905394.1,0.6751016406994693
EQTY,2026-03-27,47.85,930950,47.89102911883876,49.256394160013876,931240.2,0.6913433530949147
EQTY,2026-03-28,47.76,687978,47.88589072202156,49.241504665884385,935445.1,0.6611126360786039
EQTY,2026-03-29,48.43,751244,47.90722834076581,49.23342999259201,917421.75,0.7338949418783742
EQTY,2026-03-30,47.77,616713,47.90184683720637,49.21886850012841,908637.6,0.730504586262008
EQTY,2026-03-31,48.61,708708,47.92961754947279,49.21281010709231,881422.8,0.8242339100412619
EQTY,2026-04-01,48.34,481877,47.94571097890523,49.20412542940981,831727.15,0.8464136526716316
EQTY,2026-04-02,47.54,765313,47.92980074443837,49.18756696742563,841287.5,0.8462493202882215
EQTY,2026-04-03,48.01,887816,47.93294581328392,49.17584988317264,829032.7,0.8498412909364808
EQTY,2026-04-04,46.83,538788,47.8896930362924,49.15250809329032,803836.35,0.8841831301787435
EQTY,2026-04-05,46.97,1183781,47.85362664271231,49.130791594849626,812511.25,0.894027573511117
EQTY,2026-04-06,46.62,1162691,47.805249127311825,49.105808593905856,817308.35,0.8998351497378122
EQTY,2026-04-07,46.31,758502,47.74661190663293,49.07798960292172,808630.15,1.0428909655061958
EQTY,2026-04-08,46.01,981532,47.67850947892183,49.04746234319115,827782.55,1.2108792555118613
EQTY,2026-04-09,46.29,756585,47.62405812680725,49.0200249069405,811586.8,1.298036556149055
EQTY,2026-04-10,46.36,1231349,47.57448721987363,48.99355699741871,837801.15,1.3416504617592728
EQTY,2026-04-11,45.96,569791,47.51117399556487,48.96337235067822,764370.2,1.4207561154402464
EQTY,2026-04-12,46.0,1035177,47.4519122702486,48.93388605863167,787706.8,1.3739973367219869
EQTY,2026-04-13,46.31,901323,47.40713139690551,48.907777739640316,810222.55,1.3518814727941033
EQTY,2026-04-14,46.7,1060389,47.379400753889605,48.88580980193246,828561.9,1.1236249838785415
EQTY,2026-04-15,47.89,726963,47.399424253737074,48.87590124668935,836873.5,1.022068039282868
EQTY,2026-04-16,47.79,610989,47.41474094966895,48.865096259160104,820875.45,1.061772116545248
EQTY,2026-04-17,47.14,991514,47.403966794779976,48.84793112225304,836052.25,0.927292229624153
EQTY,2026-04-18,47.31,462307,47.40028182243566,48.83262832501669,821605.4,0.9622149927683235
EQTY,2026-04-19,47.84,998744,47.41752567253622,48.82275142626031,840706.95,1.0638728364275318
EQTY,2026-04-20,48.01,588183,47.44075995988774,48.814664347392046,834680.7,1.1742063019592774
EQTY,2026-04-21,48.97,1045831,47.50073015753921,48.81620997577621,862878.4,1.42034491245264
EQTY,2026-04-22,48.9,1143044,47.55560348469453,48.81704370736053,881764.95,1.5257313594860304
EQTY,2026-04-23,49.79,794619,47.64322687745161,48.82672486450122,877105.1,1.7709108989693143
EQTY,2026-04-24,49.53,1066903,47.71721798029665,48.8337226270435,903510.85,1.8715094982922684
EQTY,2026-04-25,49.33,1020917,47.78046433401051,48.8386607103565,895367.65,1.8082192153523846
EQTY,2026-04-26,49.97,910784,47.86632847777481,48.84991781771614,882772.3,1.7613333173892451
EQTY,2026-04-27,49.62,506111,47.935099910018934,48.857580326992604,870152.75,1.6254049791218756
EQTY,2026-04-28,50.04,1193853,48.01764501158682,48.869345696873275,880768.8,1.5398282425270193
EQTY,2026-04-29,49.56,1207364,48.078129520936365,48.87621787899394,903307.75,1.528861890858364
EQTY,2026-04-30,49.88,799879,48.14879110835062,48.886205760794994,881734.25,1.509216056234471
EQTY,2026-05-01,49.8,977585,48.21354439821923,48.89529824078709,902123.95,1.307473498985646
EQTY,2026-05-02,49.26,942409,48.254581872798866,48.8989271140131,897485.55,1.0280596254142602
EQTY,2026-05-03,49.49,1157637,48.30302964249303,48.90480843626173,910301.25,0.8051879345161752
EQTY,2026-05-04,48.74,1111372,48.32016573494429,48.90316855132381,912850.4,0.6105757506264557
EQTY,2026-05-05,48.8,614741,48.33898276494648,48.90214199857432,907239.3,0.6388516698297577
EQTY,2026-05-06,48.96,1169207,48.363336382007404,48.90271770008105,935150.2,0.6298243475696395
EQTY,2026-05-07,48.81,827127,48.38085260232084,48.90179513590114,926930.85,0.6686394460331548
EQTY,2026-05-08,49.32,1185465,48.41768191203376,48.90595637832998,963088.75,0.6676097267513883
EQTY,2026-05-09,48.93,551271,48.437772817444205,48.90619561834661,940715.1,0.6934778572253452
EQTY,2026-05-10,48.93,493185,48.457075844211104,48.90643247786555,935965.2,0.6623745993698977
EQTY,2026-05-11,48.85,847050,48.4724846346342,48.905870960672864,926026.15,0.6690239117593779
EQTY,2026-05-12,49.14,1101863,48.4986617077858,48.908200602855224,923967.1,0.573378866175022
EQTY,2026-05-13,48.58,1112938,48.50185144473538,48.904934925214874,939883.05,0.5941330603551098
EQTY,2026-05-14,47.72,469424,48.47119060376537,48.89314452794906,910009.1,0.7241748809797984
EQTY,2026-05-15,46.85,787942,48.40761450165692,48.87281473165107,898360.35,1.0282279646328987
EQTY,2026-05-16,46.16,429891,48.31947275649391,48.84582155024161,874315.7,1.4301223723864995
EQTY,2026-05-17,45.74,915766,48.218316962121605,48.81491785322428,894798.45,1.7453251924707143
EQTY,2026-05-18,45.99,947001,48.13093198321488,48.786809217868814,882455.85,1.9486301189963582
EQTY,2026-05-19,46.93,636276,48.0838366113241,48.76833350425819,853901.45,1.9691062079639554
EQTY,2026-05-20,47.51,918361,48.061333214801586,48.75581277287254,859825.55,1.9220709126894957
EQTY,2026-05-21,46.76,681581,48.01030053971133,48.73595393931162,845025.35,1.9147389932020387
EQTY,2026-05-22,46.77,1168140,47.96166130285991,48.7163922085722,856311.9,1.8046382548227453
EQTY,2026-05-23,46.48,430105,47.90355693804187,48.69413954978044,819935.3,1.7321016025449905
EQTY,2026-05-24,46.42,630522,47.845378234589255,48.67151129555376,795892.8,1.615396389282199
EQTY,2026-05-25,46.35,917341,47.78673595087987,48.64841168067263,811022.8,1.4596072405629443
EQTY,2026-05-26,47.1,1122622,47.75980512927674,48.63300459927291,808693.55,1.1215386311221658
EQTY,2026-05-27,47.1,930269,47.73393041832471,48.61775082216572,813850.65,0.838942623351091
EQTY,2026-05-28,46.99,924943,47.704756676429625,48.60155429657203,800824.55,0.7301829704465574
EQTY,2026-05-29,46.33,4817552,47.65084464990298,48.57895176625789,1014138.6,0.7357086178169715
EQTY,2026-05-30,46.88,1214623,47.620615447946,48.56204677355881,1050210.5,0.7147205132696274
EQTY,2026-05-31,47.93,840314,47.63274817547754,48.555757750936344,1049873.7,0.7604210083174955
EQTY,2026-06-01,47.94,1026982,47.64479726663529,48.54963080814096,1046129.65,0.7913364165614448
EQTY,2026-06-02,48.07,1823926,47.66147188362998,48.544858362288814,1081679.05,0.9065482930836012
EQTY,2026-06-03,47.92,984382,47.67161024113469,48.538640866146636,1107426.95,0.956472743935024
EQTY,2026-06-04,47.76,1082158,47.67507650618823,48.53089319583672,1122137.75,0.9832411641167538
EQTY,2026-06-05,47.77,1187110,47.67879899614164,48.52332211926123,1159998.7,0.9987104322440052
EQTY,2026-06-06,48.01,761777,47.69178727080275,48.51821443648251,1152299.25,0.9915827757173755
EQTY,2026-06-07,48.16,545289,47.71014855430068,48.51465011373144,1132213.65,0.96117952091638
EQTY,2026-06-08,48.07,798927,47.72426037570065,48.510225734490334,1140346.2,0.8625397745251115
EQTY,2026-06-09,48.01,726820,47.735465851163376,48.50524836399789,1130769.15,0.8531631512423803
EQTY,2026-06-10,47.0,935124,47.70662405307854,48.490270768336224,1143446.3,0.8649493410817934
EQTY,2026-06-11,46.94,987489,47.676560364722526,48.47484518855178,1134413.75,0.8715737471400586
EQTY,2026-06-12,47.14,1495806,47.65551878179223,48.46156314687465,1187698.8,0.7079450993804046
EQTY,2026-06-13,47.56,886769,47.651772947212145,48.45259236929381,1200511.15,0.6211664850893605
EQTY,2026-06-14,48.37,847862,47.67993871398814,48.45177055467397,1197037.2,0.668409215317493
EQTY,2026-06-15,48.3,1203267,47.70425484285135,48.4502603999011,1201069.45,0.6995127817764293
EQTY,2026-06-16,49.04,1023658,47.75663700587678,48.45612845562348,1205738.9,0.8567788031825267
EQTY,2026-06-17,49.4,1074294,47.82108261348946,48.46552021228394,1213206.45,1.0566319210037056
EQTY,2026-06-18,49.25,457717,47.87711858943105,48.473325981315945,995214.7,1.1691036295828359
EQTY,2026-06-19,48.53,1358004,47.90272178200239,48.47388990189987,1002383.75,1.1747157710942706
EQTY,2026-06-20,47.62,534076,47.891634653296414,48.465393484965546,987071.85,1.1917281868903815
EQTY,2026-06-21,48.72,608778,47.92411956885342,48.467926883125095,966161.65,1.2175324645356556
EQTY,2026-06-22,49.66,616601,47.99219331125133,48.47978830717361,905795.4,1.3603504315814212
EQTY,2026-06-23,49.91,713515,48.06740141669245,48.494019269291286,892252.05,1.5069859300627373
EQTY,2026-06-24,50.6,592564,48.166719008194704,48.51497430143764,867772.35,1.6197191453738422
EQTY,2026-06-25,50.57,479095,48.26096532159884,48.53542231833876,832371.6,1.6118035168479865
EQTY,2026-06-26,49.47,920516,48.308378446242024,48.5447215987533,840308.55,1.430689336656438
EQTY,2026-06-27,49.33,1027838,48.34844203658548,48.55253531418859,864436.0,1.2744932735781969
EQTY,2026-06-28,49.85,970669,48.40732666260174,48.56544541056483,873023.1,1.2458908834272204
EQTY,2026-06-29,49.49,577141,48.44978444053893,48.574644958718416,865539.15,1.1689471171262753
EQTY,2026-06-30,49.09,486786,48.47489093306681,48.57977286957694,843122.25,1.1665359751499942
EQTY,2026-07-01,48.81,1213195,48.48803246510341,48.58206368679508,854407.55,1.1895991567946822
EQTY,2026-07-02,47.45,683718,48.447325309609155,48.57079937150359,813803.15,1.4135657508119646
EQTY,2026-07-03,48.46,1021371,48.44782235629115,48.5696968901951,820533.25,1.41975683763891
EQTY,2026-07-04,48.68,1120196,48.45692736192679,48.57079443357624,834149.95,1.2690632631726946
EQTY,2026-07-05,48.36,794501,48.453126288910056,48.568696976525736,813711.65,1.3048555244014182
EQTY,2026-07-06,48.24,801166,48.44476839522731,48.56542635984389,802587.05,1.3539781131058535
EQTY,2026-07-07,48.44,751434,48.44458139933604,48.564178336362865,786444.05,1.3421824936104252
EQTY,2026-07-08,47.77,1069893,48.418127226813056,48.55627606435926,817052.85,1.2569768481176324
EQTY,2026-07-09,47.53,1083868,48.38329870811451,48.54606436222633,803346.05,1.1240759941657728
EQTY,2026-07-10,47.77,699998,48.35924777838453,48.53834232877135,811642.15,1.113556634896179
EQTY,2026-07-11,48.49,684439,48.36437531648709,48.53786131057463,815425.2,1.0572027288512498
EQTY,2026-07-12,49.08,1136190,48.39243902956603,48.543255725394786,841404.65,0.9177615505874486
EQTY,2026-07-13,49.17,718109,48.422931616641876,48.549491986833644,841634.35,0.859348398689427
EQTY,2026-07-14,49.04,1175416,48.447130376773565,48.55437266358157,870776.95,0.8524187467322801
EQTY,2026-07-15,49.96,625815,48.50645859729225,48.568359005237475,878112.95,1.0541292432803866
EQTY,2026-07-16,49.39,526761,48.54110727975138,48.57653453752368,858425.2,1.018724153585914
EQTY,2026-07-17,48.66,1136584,48.54576973936897,48.57736503963787,863862.5,1.0171696347878771
EQTY,2026-07-18,48.64,488273,48.54946504370744,48.57798827307431,839742.7,1.0168389933819295
EQTY,2026-07-19,48.44,915837,48.54517229689539,48.57661525543178,856677.5,1.0139364047944381
EQTY,2026-07-20,48.54,610879,48.54496946172302,48.57625092453197,862882.15,1.0017558760323175
EQTY,2026-07-21,49.21,502678,48.57104909067506,48.58255688548191,827356.3,1.022866648844867
EQTY,2026-07-22,50.04,430316,48.6286550086878,48.5970588070194,814686.2,1.0722916304158159
HFCK,2025-11-13,12.37,645539,12.37,12.37,645539.0,0.31819805153394715
HFCK,2025-11-14,12.67,650841,12.381764705882352,12.372985074626865,648190.0,0.31819805153394715
HFCK,2025-11-15,13.12,1083136,12.410715109573239,12.380418058958936,793172.0,0.5662375826453065
HFCK,2025-11-16,13.9,750726,12.469118438609582,12.395538277277753,782560.5,0.9984863544385585
HFCK,2025-11-17,13.96,697350,12.52758438219352,12.411105060588422,765518.4,1.0721905147873694
HFCK,2025-11-18,14.07,993602,12.588071269166324,12.427611477896,803532.3333333334,1.0958592519114871
HFCK,2025-11-19,13.96,898433,12.641872395865684,12.44285912488211,817089.5714285715,1.0587796209383187
HFCK,2025-11-20,14.28,842866,12.70611269406703,12.461139133589752,820311.625,1.0776592938268719
HFCK,2025-11-21,14.65,755911,12.7823435688095,12.482918843703287,813156.0,1.1504401331664345
HFCK,2025-11-22,14.83,500625,12.86264382101305,12.506272885059474,781902.9,1.2174245356489262
HFCK,2025-11-23,14.85,471003,12.94057935744391,12.529593552869828,753639.2727272727,1.2520610281379345
HFCK,2025-11-24,14.3,624098,12.993889970877483,12.547209537418388,742844.1666666666,1.2076856153215327
HFCK,2025-11-25,14.09,785871,13.036874677901896,12.562560686299799,746153.9230769231,1.1586045153877689
HFCK,2025-11-26,14.07,515266,13.077389396415548,12.57756008245602,729661.9285714285,1.114628011668291
HFCK,2025-11-27,14.12,520781,13.118276086752193,12.592907743327105,715736.5333333333,0.8861468170222611
HFCK,2025-11-28,14.36,859849,13.166971142173676,12.610490750856188,724743.5625,0.6556437152285417
HFCK,2025-11-29,14.4,2863084,13.21532521502961,12.628296813036725,850528.2941176471,0.47143981005585256
HFCK,2025-11-30,14.67,503577,13.27237128502845,12.648612267633375,831253.2222222222,0.46667060764950696
HFCK,2025-12-01,14.39,624694,13.316199862086158,12.665939508751451,820381.6842105263,0.43878328276128914
HFCK,2025-12-02,13.99,925044,13.34262339690631,12.679114240007657,825614.8,0.44898787276508256
HFCK,2025-12-03,14.06,490165,13.370755812713906,12.6928543968235,817846.1,0.4353721409310721
HFCK,2025-12-04,13.54,381408,13.377392839666303,12.701283706307844,804374.45,0.5462730871224484
HFCK,2025-12-05,13.19,782376,13.37004410085586,12.706146555001299,789336.45,0.6844268477274353
HFCK,2025-12-06,13.15,1005110,13.361414920430141,12.710563007190341,802055.65,0.7471031968966472
HFCK,2025-12-07,13.4,374334,13.36292806080543,12.717423076770537,785904.85,0.7153567656755646
HFCK,2025-12-08,13.65,527134,13.3741857839111,12.72670244914098,762581.45,0.7125993279521136
HFCK,2025-12-09,13.68,737933,13.386178498267528,12.736187996910722,754556.45,0.7160407970757842
HFCK,2025-12-10,13.84,908521,13.403975419904096,12.747171200921562,757839.2,0.7127970751410748
HFCK,2025-12-11,13.61,673927,13.412054815201975,12.755756562106422,753740.0,0.7134601685363468
HFCK,2025-12-12,13.89,996011,13.430797763625428,12.767042566463573,778509.3,0.6796342746306626
HFCK,2025-12-13,14.66,1080195,13.47900177289502,12.785877963812196,808968.9,0.7246348076069797
HFCK,2025-12-14,15.06,819265,13.541001703369725,12.808506043774264,818727.25,0.8136190518531771
HFCK,2025-12-15,16.28,941799,13.648413401276795,12.843048272194421,826523.65,1.2567953753036414
HFCK,2025-12-16,15.94,1109304,13.738279542403195,12.87386371227209,856225.55,1.4778026548944876
HFCK,2025-12-17,16.27,510095,13.83756269760307,12.907656113145006,855691.25,1.705342123517088
HFCK,2025-12-18,16.72,3130065,13.950599454559814,12.945589883163464,969202.05,1.923527837245762
HFCK,2025-12-19,17.22,970185,14.078811240655508,12.988121327112086,874557.1,2.1092120358294797
HFCK,2025-12-20,17.3,917656,14.205132368472938,13.031025592513956,895261.05,2.197486076166375
HFCK,2025-12-21,17.25,536715,14.324538942258313,13.073005437364563,890862.1,2.221290740750769
HFCK,2025-12-22,17.52,836104,14.449851140601124,13.11725413948034,886415.1,2.2402712747824625
HFCK,2025-12-23,18.14,622227,14.59456286057755,13.167231710231778,893018.2,2.2713133393951503
HFCK,2025-12-24,18.29,450515,14.739481964084312,13.218204529035443,896473.55,2.246594400664921
HFCK,2025-12-25,18.25,1538786,14.87714933804179,13.268272145661957,934294.05,2.0475553971494134
HFCK,2025-12-26,17.99,480925,14.999221913020543,13.315254512371789,908084.8,1.734485268992431
HFCK,2025-12-27,17.98,803493,15.116115171333464,13.36166989035814,929542.75,1.4770964334214878
HFCK,2025-12-28,18.23,2214526,15.238228301869407,13.410110985976468,1013912.35,1.2226286758950955
HFCK,2025-12-29,18.16,2194292,15.352807584149039,13.457373563230433,1086730.3,1.1594025555062426
HFCK,2025-12-30,17.2,2552928,15.425246502417703,13.494613627277893,1168950.65,0.9543921027095772
HFCK,2025-12-31,17.38,815941,15.501903502322891,13.533274188200501,1176051.35,0.7710771864558383
HFCK,2026-01-01,16.71,603452,15.54927983556513,13.564883400258209,1156423.4,0.7732569906741855
HFCK,2026-01-02,16.88,535601,15.601464940052773,13.59786963508151,1129193.7,0.8194413132947285
HFCK,2026-01-03,16.81,460343,15.648858471815409,13.629831131249855,1111247.6,0.8784177364900728
HFCK,2026-01-04,16.91,974896,15.698315002332453,13.662469627456323,1112902.45,0.9136012096805657
HFCK,2026-01-05,16.69,1022477,15.737204610084122,13.692594307780142,1108561.1,0.9845780599038745
HFCK,2026-01-06,16.8,438467,15.778882860669059,13.723513767404222,1104979.7,0.9907839054268422
HFCK,2026-01-07,16.98,793070,15.825985493583998,13.755916615489753,988129.95,0.9358947795888459
HFCK,2026-01-08,17.24,410968,15.881437042855215,13.79058411185304,960169.1,0.8526065400218471
HFCK,2026-01-09,17.94,973608,15.962165001958931,13.83187183213311,962966.7,0.8456362615293297
HFCK,2026-01-10,17.64,3609860,16.027962452862504,13.86976365469895,1116623.95,0.806976193529394
HFCK,2026-01-11,17.53,937480,16.086865886083583,13.90618391684125,1121692.75,0.7026454133652251
HFCK,2026-01-12,17.44,950696,16.139929968982266,13.94134626592741,1138116.2,0.5822452043787805
HFCK,2026-01-13,17.63,707355,16.198364087845707,13.978049288156988,1150958.2,0.6128917226854793
HFCK,2026-01-14,17.51,564403,16.249800790283132,14.013193076334533,1102239.05,0.6222214059497546
HFCK,2026-01-15,17.89,1073432,16.314122327919087,14.051768269604835,1131864.4,0.6429756758854369
HFCK,2026-01-16,17.91,1058620,16.37670576603991,14.090158635081405,1144620.75,0.6648820435748346
HFCK,2026-01-17,17.97,598156,16.439187892861874,14.128764021797014,1063802.25,0.6640187340135795
HFCK,2026-01-18,17.85,1102142,16.494513857847682,14.165791245460728,1009194.75,0.6421320086116529
HFCK,2026-01-19,17.58,472559,16.537081941853653,14.199763471874055,905176.3,0.5381940956713538
HFCK,2026-01-20,17.16,917483,16.56151010099665,14.229218561706155,910253.4,0.463843386083395
HFCK,2026-01-21,17.53,413958,16.599490097035996,14.26206215810709,900778.7,0.3840522800951422
HFCK,2026-01-22,17.65,411390,16.6406865638189,14.295772982404532,894568.15,0.34519881992099755
HFCK,2026-01-23,17.51,949067,16.674777286806393,14.327755340788569,919004.35,0.32725380814465466
HFCK,2026-01-24,17.07,730015,16.69027621673555,14.355041357298136,906760.3,0.39630314321085647
HFCK,2026-01-25,17.37,850157,16.716932051373373,14.385040945782732,898144.3,0.4054316991029264
HFCK,2026-01-26,17.1,376524,16.731954323868536,14.412055463735143,895047.15,0.44610539951075545
HFCK,2026-01-27,16.44,1093402,16.72050513469722,14.432234016334794,910063.75,0.6281133445696695
HFCK,2026-01-28,16.72,564834,16.720485325493406,14.45499785696828,917757.05,0.69505998239073
HFCK,2026-01-29,17.25,555426,16.741250606846606,14.48280882356561,896847.95,0.6653996774641185
HFCK,2026-01-30,17.82,882278,16.783554504617328,14.516014705918192,760468.85,0.6535133283490036
HFCK,2026-01-31,18.32,391371,16.84380726914214,14.553865305859304,733163.4,0.7216952912460464
HFCK,2026-02-01,18.09,1087423,16.892677572313037,14.589050725701501,739999.75,0.7542219082029563
HFCK,2026-02-02,18.84,641265,16.969043157712527,14.63134872843084,736695.25,0.9498404290508287
HFCK,2026-02-03,18.8,772329,17.04084538682184,14.672827845560882,747091.55,1.0708454731998673
HFCK,2026-02-04,18.5,496946,17.09806713635824,14.710909160530425,718267.25,1.1277340404253944
HFCK,2026-02-05,18.83,478242,17.165986072187327,14.751895139032612,689248.35,1.2183906697672717
HFCK,2026-02-06,18.41,427402,17.21477093210155,14.788294192375572,680710.65,1.2394856696528773
HFCK,2026-02-07,17.5,611503,17.22595638574463,14.815276339715119,656178.7,1.2056349496710221
HFCK,2026-02-08,17.86,819485,17.250820841205627,14.8455720975289,673525.0,1.187281501008703
HFCK,2026-02-09,17.52,797505,17.261376886648545,14.87218332043906,667526.1,1.1501851260453426
HFCK,2026-02-10,18.01,1105798,17.290734655799582,14.903405376952106,702118.1,0.9560183138850593
HFCK,2026-02-11,18.53,1026747,17.33933329674862,14.9394908955894,732885.95,0.7858015436063864
HFCK,2026-02-12,18.67,726345,17.39151630471926,14.976610389165625,721749.85,0.702028458144019
HFCK,2026-02-13,19.12,843508,17.459299979043998,15.01783814648736,727424.5,0.7513471417877617
HFCK,2026-02-14,19.44,1119057,17.536974489669724,15.061839756970073,740869.5,0.8670193351204103
HFCK,2026-02-15,19.43,579077,17.61121078419248,15.105304037995248,750997.15,0.9376994293377435
HFCK,2026-02-16,19.33,564439,17.678614282851598,15.14734081373659,724549.0,0.9848674396214363
HFCK,2026-02-17,19.28,719603,17.74141372273977,15.188461800664586,732287.45,1.0225281774242132
HFCK,2026-02-18,18.43,753919,17.768417106161742,15.22071591210076,742212.1,1.0241222454504557
HFCK,2026-02-19,16.94,823860,17.735930160822065,15.237823216457967,739291.2,1.2126712522090137
HFCK,2026-02-20,16.8,605602,17.699227017260416,15.253367264055402,750002.75,1.384275507736374
HFCK,2026-02-21,16.34,805549,17.645923996975693,15.264179530084702,735909.05,1.5724618481020074
HFCK,2026-02-22,15.76,796034,17.571966193172724,15.269113067098786,743647.5,1.864207842253915
HFCK,2026-02-23,16.33,944370,17.523261636577715,15.279669155983376,752249.55,1.9868715054378834
HFCK,2026-02-24,16.05,878053,17.46548667043741,15.28733413950593,771304.9,2.139659551074801
HFCK,2026-02-25,15.73,480363,17.397428369635943,15.291738774933734,771410.95,2.284106607517613
HFCK,2026-02-26,15.63,552022,17.328117453179633,15.295104558267727,777641.95,2.381257430549998
HFCK,2026-02-27,15.37,714556,17.251328533447097,15.295849786543672,782794.6,2.4065299216374587
HFCK,2026-02-28,15.0,477007,17.163041139978585,15.292906007573087,765670.7,2.3502175489670445
HFCK,2026-03-01,14.01,1106359,17.039392467822562,15.280140773666888,781113.4,2.339644943477238
HFCK,2026-03-02,13.55,793238,16.902553547515797,15.262925442585626,765485.4,2.276174132468525
HFCK,2026-03-03,13.55,675138,16.771080859377925,15.245881408331044,747904.95,2.030954310684533
HFCK,2026-03-04,13.25,592248,16.63299925704938,15.22602189183024,741200.1,1.8714490551266025
HFCK,2026-03-05,13.61,896404,16.51445026657686,15.209942072011033,743844.9,1.8447513903797135
HFCK,2026-03-06,13.02,529242,16.377413001220905,15.188151603632816,714354.15,1.853596296600053
HFCK,2026-03-07,12.77,996057,16.235945824702437,15.164090393646422,735203.15,1.8923588759494918
HFCK,2026-03-08,13.01,633914,16.10943814530234,15.14265665838626,738676.9,1.9078357797875518
HFCK,2026-03-09,12.69,973695,15.975342531761074,15.11825211452172,751381.5,1.8090432174598772
HFCK,2026-03-10,12.97,1074297,15.85748596188809,15.096876471591155,767400.4,1.645008433793874
HFCK,2026-03-11,12.83,781179,15.738761022206205,15.074320486799204,765266.35,1.479551275901654
HFCK,2026-03-12,12.84,783817,15.62508411937459,15.052088442154437,774177.1,1.2405250239979342
HFCK,2026-03-13,12.95,1105115,15.520178859791272,15.031172139247428,789155.4,0.9391018183748614
HFCK,2026-03-14,12.94,1075069,15.418995375093576,15.010364456269842,803107.15,0.5865564670270362
HFCK,2026-03-15,12.58,399074,15.307662223129123,14.986181725361686,775842.35,0.4930556217650283
HFCK,2026-03-16,12.7,1033010,15.205400959477,14.963433648492417,783590.2,0.4573425688419781
HFCK,2026-03-17,12.97,420652,15.117738176752411,14.9435984878109,780604.65,0.3855446055353361
HFCK,2026-03-18,13.41,955047,15.050768052173884,14.928338801365022,800755.9,0.41236736129281076
HFCK,2026-03-19,13.69,922398,14.997404599147458,14.916017022246963,811148.0,0.43516906528942306
HFCK,2026-03-20,13.86,1084872,14.952800497220107,14.905509390184804,841541.25,0.56716145442446
HFCK,2026-03-21,13.93,681433,14.91269067379971,14.895802829088439,820294.95,0.6629874321320782
HFCK,2026-03-22,13.88,495953,14.87219300031737,14.885695338251738,805430.7,0.7312581360495847
HFCK,2026-03-23,14.08,458918,14.841126608148063,14.877678469214407,794619.7,0.7868368479392507
HFCK,2026-03-24,14.15,871391,14.814023603906962,14.87043788743118,808576.85,0.8513099957074735
HFCK,2026-03-25,14.23,730025,14.79112071747924,14.864065371138334,800257.9,0.8892941546006263
HFCK,2026-03-26,14.09,4159808,14.763625787382015,14.856363228141934,981786.2,0.8836285704693456
HFCK,2026-03-27,14.1,962442,14.737601246700368,14.848837225871865,980105.45,0.8725377443898138
HFCK,2026-03-28,13.89,488549,14.704361982123883,14.839296556957718,972837.2,0.8272820585482636
HFCK,2026-03-29,12.97,973630,14.636347786746475,14.820696591216846,972833.95,0.748301097799062
HFCK,2026-03-30,13.01,482094,14.572569442168183,14.802679709712201,943223.8,0.6833313678165274
HFCK,2026-03-31,13.12,947986,14.515605934632175,14.785936628023524,951564.15,0.6564662516540267
HFCK,2026-04-01,13.24,955982,14.465582172489738,14.77055417401334,960172.4,0.6747013991553791
HFCK,2026-04-02,12.94,600408,14.405755420627395,14.752339704620173,934937.05,0.745908344397625
HFCK,2026-04-03,12.89,551074,14.346314031583184,14.73380896129062,908737.3,0.804013285112634
HFCK,2026-04-04,13.12,902646,14.298223285246587,14.717751160680764,933915.9,0.8134853281535726
HFCK,2026-04-05,13.95,1075349,14.284567470138878,14.710111845649115,936032.85,0.8188557414312801
HFCK,2026-04-06,13.8,899351,14.26556482425108,14.701056006388926,959967.8,0.7951788104945872
HFCK,2026-04-07,14.24,960452,14.264562282123586,14.696468384434809,960238.05,0.8079285172657511
HFCK,2026-04-08,14.16,972952,14.260461800471681,14.691130390559836,962765.75,0.7980405261131337
HFCK,2026-04-09,14.04,714708,14.251816239668871,14.684651481201032,944257.55,0.7922763316637267
HFCK,2026-04-10,14.06,413548,14.244294034191661,14.678436043577141,930863.3,0.7874744893828736
HFCK,2026-04-11,14.33,611369,14.247655052458656,14.674969018267916,936634.1,0.8402096971382091
HFCK,2026-04-12,14.44,1014346,14.255197991577925,14.672631018086147,964405.5,0.8671391005948625
HFCK,2026-04-13,14.36,466776,14.259307874261143,14.66952026168728,944174.75,0.8589203067845361
HFCK,2026-04-14,14.01,866894,14.249531094878353,14.662957871023726,951018.2,0.8165637596823792
HFCK,2026-04-15,14.16,484270,14.24602007154979,14.657953315093144,767241.3,0.7847436062006348
HFCK,2026-04-16,13.91,665093,14.232842813841955,14.65051099354993,752373.85,0.6686542372641027
HFCK,2026-04-17,13.74,1450530,14.213515644671682,14.641451182668836,800472.9,0.49775208975693297
HFCK,2026-04-18,13.12,472753,14.17063267821397,14.626312364930838,775429.05,0.49775208975693297
HFCK,2026-04-19,12.93,912952,14.121980416323227,14.609433634931527,796971.95,0.6638437026429577
HFCK,2026-04-20,12.99,491855,14.077589027447807,14.59331986741977,774165.4,0.76693597953385
HFCK,2026-04-21,12.92,2491520,14.032193379312599,14.576669918490222,850942.3,0.8421849037403601
HFCK,2026-04-22,13.32,580706,14.004264227182693,14.564165740196788,849957.2,0.8469801721930441
HFCK,2026-04-23,13.88,1009888,13.999391120234353,14.557358120891347,872897.9,0.8394972494704069
HFCK,2026-04-24,13.4,438320,13.975885586107516,14.545842119688448,849681.6,0.8357957483543923
HFCK,2026-04-25,13.2,557305,13.94545870037781,14.532450655810951,823779.4,0.8057550550827797
HFCK,2026-04-26,13.04,4055128,13.90995051604927,14.51760040052925,981568.25,0.7459704940694515
HFCK,2026-04-27,13.08,490501,13.877403436988514,14.503295918931945,958070.7,0.6618966255068724
HFCK,2026-04-28,12.75,1061779,13.833191537498768,14.48585018839531,962512.05,0.6559867996529517
HFCK,2026-04-29,13.3,491977,13.812282065439993,14.474050684033168,951375.5,0.546141812280582
HFCK,2026-04-30,13.08,826930,13.783565121697249,14.460179532948262,972044.6,0.47011236089723285
HFCK,2026-05-01,13.7,433783,13.780288058101279,14.45261555749604,963165.3,0.4623163431019274
HFCK,2026-05-02,13.62,384146,13.774002251901228,14.444330825580657,931655.3,0.49110228674299033
HFCK,2026-05-03,13.49,443725,13.762864908689416,14.434834996470402,930502.75,0.48328673831257773
HFCK,2026-05-04,13.43,1038810,13.749811382858459,14.424836638296568,939098.55,0.47132047961629375
HFCK,2026-05-05,13.75,552936,13.749818779609107,14.418121845875708,942531.85,0.4727334588086206
HFCK,2026-05-06,13.76,536046,13.750218043153849,14.411573369797344,936079.5,0.4984966410108897
HFCK,2026-05-07,14.27,1994553,13.77060164930468,14.410164679550604,963280.65,0.582151773005481
HFCK,2026-05-08,14.89,1045774,13.814499623841753,14.414939160351096,991931.7,0.8281035530087603
HFCK,2026-05-09,15.73,806973,13.88961728565188,14.428024342835167,986632.75,1.1955003205703267
HFCK,2026-05-10,16.25,2394723,13.982181313665532,14.446153453851732,1081776.15,1.5312519118625298
HFCK,2026-05-11,15.84,1026441,14.055036948423746,14.460022573713903,1008522.2,1.6587505227440111
HFCK,2026-05-12,15.82,477903,14.124251185740462,14.473554687408292,1003382.05,1.6723090981575304
HFCK,2026-05-13,15.88,670554,14.193104080417308,14.487549168130599,986415.35,1.7107752002278143
HFCK,2026-05-14,15.44,885932,14.24200195961663,14.497026290835768,1008795.95,1.6223673941307784
HFCK,2026-05-15,14.85,438394,14.265845020023821,14.500538467046358,1002850.4,1.5635067306230332
HFCK,2026-05-16,15.59,633350,14.317772666297397,14.511378880309579,831761.5,1.5074374679503117
HFCK,2026-05-17,14.71,2910916,14.333154130364166,14.513355209858737,952782.25,1.379984322653507
HFCK,2026-05-18,14.27,1101099,14.330677497800867,14.510933764984522,954748.25,1.2477529803611878
HFCK,2026-05-19,14.6,533502,14.341239164553775,14.511819996178707,956824.5,1.1327611408403928
HFCK,2026-05-20,14.61,817276,14.351778805159508,14.512796911639615,956341.8,0.9972393900659597
HFCK,2026-05-21,14.22,810506,14.346611008878742,14.509883509533749,975177.95,1.0054464319260144
HFCK,2026-05-22,14.63,901946,14.357724302648204,14.511078698493613,1001067.95,1.024228468674925
HFCK,2026-05-23,14.7,431874,14.371146879014942,14.51295851243895,1000475.4,1.0106494076953452
HFCK,2026-05-24,14.51,843277,14.376592099445729,14.512929074504234,990698.75,0.9031983006681854
HFCK,2026-05-25,14.53,826944,14.382608095545898,14.513098934459416,1004399.15,0.8366436083977187
HFCK,2026-05-26,14.48,1048987,14.386427385916647,14.51276959182798,1030046.2,0.7442183745455473
HFCK,2026-05-27,14.21,745031,14.379508664900309,14.509756959073474,967570.1,0.6085405211933655
HFCK,2026-05-28,14.24,772158,14.374037736865002,14.507072810226973,953889.3,0.5301074170643161
HFCK,2026-05-29,13.86,2246880,14.353879394242846,14.500634274801829,1025884.65,0.5888440902629404
HFCK,2026-05-30,13.63,954648,14.325491967017637,14.491971247191861,953880.9,0.4820457777725662
HFCK,2026-05-31,13.86,842004,14.307237380075769,14.485682976075523,944659.05,0.4988647827105029
HFCK,2026-06-01,13.94,399339,14.292835914190444,14.480253294721539,940730.85,0.5205945459941999
HFCK,2026-06-02,13.45,813607,14.259783525398662,14.470002018157146,947883.5,0.5991845420109239
HFCK,2026-06-03,13.47,839616,14.228811622441851,14.460051749319762,945567.7,0.6388013543582192
HFCK,2026-06-04,13.11,1091109,14.184936656855896,14.446618398580263,978203.45,0.7543423742457016
HFCK,2026-06-05,12.82,478113,14.131409729136056,14.430433140882949,970441.6,0.8535666122445779
HFCK,2026-06-06,13.19,973382,14.094491700542486,14.418090522565706,873564.9,0.8274703274784945
HFCK,2026-06-07,13.42,861581,14.068041045619252,14.408159273584953,861589.0,0.7813183596467597
HFCK,2026-06-08,13.29,898647,14.037529632065556,14.39703331066371,879846.25,0.7168552545975932
HFCK,2026-06-09,13.51,1047131,14.016842195513966,14.388207108567554,891339.0,0.6191051677957733
HFCK,2026-06-10,13.93,1068040,14.013436619219302,14.383647833855441,904215.7,0.5779263803453901
HFCK,2026-06-11,14.68,551054,14.039576359642075,14.386596611628024,886671.1,0.685556643967612
HFCK,2026-06-12,14.58,678487,14.06076944357768,14.38852102345262,899001.75,0.7889072982771475
HFCK,2026-06-13,13.82,562902,14.051327504613848,14.382864097846127,884983.0,0.7923980330978653
HFCK,2026-06-14,13.38,649750,14.025000935805464,14.372885350603877,876123.3,0.7935205496000626
HFCK,2026-06-15,13.42,714999,14.001275408911132,14.363403904329212,859423.9,0.7838206827059271
HFCK,2026-06-16,13.87,842886,13.996127353659714,14.358494412743848,864316.65,0.7901544743952389
HFCK,2026-06-17,13.25,546809,13.966867457437765,14.34746461759217,853049.2,0.8015686029747848
HFCK,2026-06-18,13.73,578378,13.957578537538245,14.341320691048965,769624.1,0.775320653268593
HFCK,2026-06-19,14.08,634694,13.962379379203412,14.338720485167881,753626.4,0.7076769960719741
HFCK,2026-06-20,13.72,957254,13.952874305509162,14.332564062429892,759388.9,0.6691781904318702
HFCK,2026-06-21,13.42,752828,13.931977273920568,14.323483823002729,777063.35,0.6691781904318702
HFCK,2026-06-22,12.98,610650,13.894644831806037,14.310115824763896,766915.5,0.7169276826835632
HFCK,2026-06-23,12.62,518983,13.844658759970505,14.293298751880673,750883.85,0.844017082270885
HFCK,2026-06-24,12.77,471815,13.802515279187348,14.278141550369424,719919.15,0.9094449460469465
HFCK,2026-06-25,12.71,451460,13.75967154274863,14.262538151858287,718586.5,0.8428716123736045
HFCK,2026-06-26,12.46,1065906,13.70870403126829,14.244602448854723,723212.7,0.7785380953648267
HFCK,2026-06-27,12.33,746099,13.654637206512673,14.225551678219352,717438.6,0.8341633961214068
HFCK,2026-06-28,12.87,1102311,13.623867119982764,14.21206360181916,727621.8,0.8397004469806889
HFCK,2026-06-29,13.12,503605,13.604107625081479,14.201197297323448,700445.5,0.8321580081629204
HFCK,2026-06-30,12.93,677943,13.57767203194103,14.188548567996849,680940.65,0.772182667138289
HFCK,2026-07-01,12.5,591440,13.535410383629616,14.171747089708324,682959.95,0.8000765760055464
HFCK,2026-07-02,12.59,633956,13.498335466624534,14.156008312696303,680733.4,0.7534470237399911
HFCK,2026-07-03,13.14,849886,13.484283095384356,14.14589877724659,695082.6,0.5808240640734748
HFCK,2026-07-04,12.42,715748,13.442546503408499,14.128725655084931,698382.5,0.47520614381667614
HFCK,2026-07-05,12.7,564763,13.413427032686597,14.114509479412446,690870.7,0.38543396407112096
HFCK,2026-07-06,12.57,976736,13.380351462777318,14.099141225885955,697563.2,0.3732072532071046
HFCK,2026-07-07,12.19,533715,13.33367101325664,14.080144795777636,696908.5,0.4244563426471861
HFCK,2026-07-08,11.7,538555,13.269605483325007,14.05646176298383,694917.35,0.5700965071571371
HFCK,2026-07-09,11.6,1105961,13.204130758488732,14.032019357382001,718480.7,0.6899964166177219
HFCK,2026-07-10,11.77,2608488,13.147890336587214,14.00951170208467,801042.4,0.7511406161797991
HFCK,2026-07-11,12.42,442202,13.119345617505362,13.993695665248007,785511.1,0.7493238710574398
HFCK,2026-07-12,12.76,428907,13.105253632505152,13.98142008648932,776423.95,0.7402951779862501
HFCK,2026-07-13,12.93,933193,13.098380941034362,13.970958195081469,797134.45,0.7143459315278232
HFCK,2026-07-14,12.63,830753,13.0800130609938,13.957615327468718,815081.35,0.6887051874097359
HFCK,2026-07-15,13.1,930338,13.080796862523455,13.949081841623258,839025.25,0.7404012128867694
HFCK,2026-07-16,13.51,672206,13.09762835811077,13.944712868074769,819340.25,0.8507659767838565
HFCK,2026-07-17,13.48,1059308,13.112623324459369,13.940088859437209,835000.7,0.9022225304800012
HFCK,2026-07-18,13.73,466416,13.13683417448057,13.937998423024899,803205.95,1.0140345513979356
HFCK,2026-07-19,13.66,408842,13.157350481363686,13.935232269561967,798467.8,1.0923520972634437
HFCK,2026-07-20,13.26,402030,13.161375952682757,13.928513540511599,784672.15,1.1110508835936832
HFCK,2026-07-21,14.58,490772,13.217008268263827,13.934995992844817,779638.75,1.2942084113805423
HFCK,2026-07-22,14.34,1055634,13.261047159704463,13.939025883463279,800722.65,1.2899142253620737
IMH,2025-11-13,129.04,458296,129.04,129.04,458296.0,2.4925514036825893
IMH,2025-11-14,131.39,364104,129.1321568627451,129.0633830845771,411200.0,2.4925514036825893
IMH,2025-11-15,129.46,447815,129.14501345636293,129.0673295215465,423405.0,1.8798736659680024
IMH,2025-11-16,131.85,590726,129.25109136003496,129.0950177850137,465235.25,2.0876242477994054
IMH,2025-11-17,128.93,472097,129.23849954199437,129.09337581700362,466607.6,2.0707226999286954
IMH,2025-11-18,127.69,676512,129.1777740697593,129.07941187852597,501591.6666666667,2.3812265746879215
IMH,2025-11-19,126.69,429676,129.08021430231776,129.0556366359536,491318.0,2.772941321310018
IMH,2025-11-20,124.28,439703,128.89197060418763,129.00811786345656,484866.125,3.695700627080062
IMH,2025-11-21,126.52,729419,128.79895214912145,128.98336047178037,512038.6666666667,3.61974101283503
IMH,2025-11-22,127.12,653037,128.73311088837158,128.96481957156365,526138.5,3.468645629060422
IMH,2025-11-23,126.5,695631,128.645537912357,128.9402940036874,541546.9090909091,3.389523900598319
IMH,2025-11-24,125.55,938284,128.52414426873517,128.906559734994,574608.3333333334,3.4199451749991496
IMH,2025-11-25,124.75,388580,128.37613861113772,128.86520093166075,560298.4615384615,3.5296969525616553
IMH,2025-11-26,125.7,360404,128.27119199893625,128.83370639502732,546020.2857142857,3.4823894671760733
IMH,2025-11-27,124.84,639301,128.13663544995836,128.79396802293752,552239.0,3.5737824523162383
IMH,2025-11-28,123.17,612174,127.94186543231294,128.73800814211228,555984.9375,3.435766326054889
IMH,2025-11-29,121.21,363374,127.67787070947713,128.66310258845942,544654.8823529412,3.835126543465754
IMH,2025-11-30,122.52,287751,127.47560126988981,128.60197718956928,530382.4444444445,3.1606165285683367
IMH,2025-12-01,121.83,673508,127.25420514165884,128.53459433196164,537915.3684210526,3.064739582540618
IMH,2025-12-02,122.66,889446,127.07404023414281,128.47614065701674,555491.9,2.9278696827422004
IMH,2025-12-03,124.41,703549,126.969568068098,128.43568154600166,567754.55,2.7746404578484944
IMH,2025-12-04,127.2,382368,126.9786046144471,128.4233862072355,568667.75,2.9977722497779093
IMH,2025-12-05,126.71,575024,126.96807110015506,128.40633758825803,575028.2,3.0200480537986136
IMH,2025-12-06,126.44,392380,126.94736242956074,128.38677204011614,565110.9,2.9322292320401564
IMH,2025-12-07,126.94,374642,126.94707370683288,128.37237629842346,560238.15,2.988037344199316
IMH,2025-12-08,124.85,512125,126.8648355222512,128.33732777804116,552018.8,2.961214319709531
IMH,2025-12-09,125.99,366430,126.8305282468688,128.31397128273727,548856.5,3.019298027178355
IMH,2025-12-10,125.62,472399,126.78305655091316,128.28716559833194,550491.3,3.014442912285552
IMH,2025-12-11,125.84,515057,126.74607394107343,128.2628156918809,539773.2,3.0546529316711357
IMH,2025-12-12,124.96,355649,126.67603182573723,128.22995185415073,524903.8,2.9859644198288
IMH,2025-12-13,123.99,428575,126.57069724433576,128.18776327848755,511551.0,2.5893508669332403
IMH,2025-12-14,123.85,632148,126.46400323475397,128.14460145482101,496244.2,2.4183851948251442
IMH,2025-12-15,124.19,314106,126.37482663731265,128.10525218661385,492520.5,2.019599330571275
IMH,2025-12-16,124.33,355881,126.29463735741804,128.06768748823959,492294.35,1.7388457710172547
IMH,2025-12-17,127.9,701036,126.35759275516635,128.0660189560183,495381.1,1.951734119040946
IMH,2025-12-18,127.35,501096,126.39651068633631,128.05889438929177,489827.2,1.9734331662203362
IMH,2025-12-19,129.13,722413,126.50370634569568,128.0695521565625,507779.15,2.3941546260896187
IMH,2025-12-20,125.92,522377,126.48081590076643,128.04816357789025,519510.45,2.37961085100017
IMH,2025-12-21,125.41,483755,126.43882312034422,128.02191319403065,510022.8,2.3285489574524103
IMH,2025-12-22,126.41,353392,126.43769280189936,128.00587425677662,483220.1,2.317840180943361
IMH,2025-12-23,124.85,362632,126.37543033907977,127.97447252287834,466174.25,2.344681759843969
IMH,2025-12-24,124.71,612447,126.31011934539038,127.94199020921786,477678.2,2.377960271944217
IMH,2025-12-25,125.69,622385,126.28580093968878,127.91958234643958,480046.25,2.3764430260462626
IMH,2025-12-26,122.56,1230408,126.13969109891669,127.86625316886308,521947.65,2.66872569603159
IMH,2025-12-27,121.87,516348,125.9722522322925,127.80658895822764,529032.95,2.985850353779435
IMH,2025-12-28,123.98,337014,125.89412469377123,127.76851344620547,520277.4,2.975376419071169
IMH,2025-12-29,123.9,396497,125.81592372538805,127.73002077509895,521780.75,2.996418672788784
IMH,2025-12-30,125.02,698181,125.78471103027479,127.7030553942522,533069.85,2.9709597183993566
IMH,2025-12-31,126.97,422146,125.83119295065619,127.6957613107273,528424.3,2.8530861688377236
IMH,2026-01-01,131.01,430106,126.03428342317949,127.72873881012306,532147.15,3.595701589061907
IMH,2026-01-02,128.75,572089,126.14078211246657,127.73890061300742,539322.85,3.5325391087636895
IMH,2026-01-03,126.87,471531,126.16937889236983,127.73025483576357,531292.0,3.5722287345392694
IMH,2026-01-04,126.75,637113,126.19214834757102,127.72050105630325,547442.35,3.602015919081782
IMH,2026-01-05,127.9,733204,126.25912292217608,127.72228711544452,566308.5,3.7033043790884514
IMH,2026-01-06,127.28,666941,126.29915731738485,127.71788624862417,564603.75,3.7264727894551033
IMH,2026-01-07,127.09,672145,126.33017075591879,127.71163862425976,573156.2,3.711837020389484
IMH,2026-01-08,129.32,245978,126.44741896156904,127.72764222003828,549334.45,3.9190213968273993
IMH,2026-01-09,131.47,694208,126.64438292386046,127.76487961088367,557926.0,4.043115638456777
IMH,2026-01-10,132.77,713255,126.88460320135613,127.8146818038102,569401.0,4.00460394386915
IMH,2026-01-11,132.89,498855,127.1201089581657,127.86518248237925,576674.15,4.127993369452195
IMH,2026-01-12,129.94,650328,127.23069292059058,127.88582743280335,591058.95,3.6656157938811775
IMH,2026-01-13,131.18,319767,127.3855677080184,127.91860526929287,576424.95,3.3687684228531705
IMH,2026-01-14,129.97,618984,127.48691799397847,127.9390171571606,576254.9,3.2212040655425067
IMH,2026-01-15,132.0,632781,127.66390160205773,127.9794249466416,546373.55,3.323625469834969
IMH,2026-01-16,131.05,357384,127.79668977452606,128.00997793224715,538425.35,3.351484007860475
IMH,2026-01-17,133.14,579751,128.00623135199564,128.0610229279462,550562.2,3.36199086181752
IMH,2026-01-18,133.07,639108,128.20481051466248,128.11086349582732,562692.75,3.1910141908072953
IMH,2026-01-19,131.18,574898,128.3214846121267,128.14140216751065,556528.6,2.965084385323191
IMH,2026-01-20,131.91,387419,128.4622107057688,128.17890065340606,554792.25,2.5424033580776184
IMH,2026-01-21,126.67,690114,128.39192793299355,128.16388671655625,567792.65,2.6629992180179762
IMH,2026-01-22,128.49,348629,128.3957738964056,128.16713162484922,556619.65,2.781635147427874
IMH,2026-01-23,131.04,507417,128.499469037723,128.19571737982585,558413.95,2.7777050967291506
IMH,2026-01-24,132.68,403630,128.66341142840054,128.2403371073898,546739.8,2.7685190878084867
IMH,2026-01-25,129.69,496888,128.70366980375738,128.25476161378393,534924.0,2.7041838006082357
IMH,2026-01-26,129.19,428042,128.72274157615905,128.26406746837316,522979.05,2.7642904421118843
IMH,2026-01-27,130.84,601458,128.80577131827047,128.2896986378421,519444.7,2.7596488070877796
IMH,2026-01-28,130.55,632258,128.8741724430442,128.3121891986596,538758.7,2.7399092589449405
IMH,2026-01-29,129.98,468030,128.91753822959149,128.32878433101126,527449.8,2.7090197326869685
IMH,2026-01-30,128.62,593299,128.90587006372516,128.33168199935943,521452.0,2.823855427960404
IMH,2026-01-31,129.07,513228,128.91230653181438,128.33902844712702,522170.65,2.6309795317909233
IMH,2026-02-01,130.63,2154180,128.9796670599785,128.36182418397152,597363.25,2.33788260076176
IMH,2026-02-02,129.52,670940,129.0008565870382,128.37334832144444,614921.9,2.291871925539568
IMH,2026-02-03,131.58,648478,129.10199946597788,128.40525530332062,616396.6,2.2456311981314987
IMH,2026-02-04,132.33,262292,129.22858772221406,128.44430748935724,597872.15,1.9672620358208284
IMH,2026-02-05,134.8,605017,129.44707447820568,128.50754821085619,610253.8,2.512790904923765
IMH,2026-02-06,135.07,538188,129.66758136141328,128.57284623860886,608175.65,3.0539842693736765
IMH,2026-02-07,131.83,533025,129.75238209233825,128.60525572877197,602871.5,2.9933572059874196
IMH,2026-02-08,132.78,644286,129.87111220636422,128.6467954727643,606340.9,3.019342247889358
IMH,2026-02-09,134.26,502803,130.04322545317345,128.70264825412983,612110.1,3.1178960573077603
IMH,2026-02-10,130.44,254186,130.05878523932353,128.71993533617828,590313.7,3.1379739036167376
IMH,2026-02-11,130.23,370582,130.06549954366378,128.7349608552213,591411.35,3.157880253003135
IMH,2026-02-12,128.03,614781,129.98567603214755,128.72794631934846,596779.55,3.4082361660741274
IMH,2026-02-13,125.42,403735,129.80662991323982,128.69503143059873,596784.8,4.038407248457609
IMH,2026-02-14,122.22,360090,129.50911501468138,128.63060325715995,589944.9,5.363135154116281
IMH,2026-02-15,123.9,290343,129.28914971998802,128.58353257798424,583059.95,6.007968300881307
IMH,2026-02-16,124.47,362188,129.1001634564591,128.5426019055665,571096.45,6.429175301307624
IMH,2026-02-17,123.87,408829,128.89505900718618,128.49610835426734,559925.0,6.794686605828655
IMH,2026-02-18,122.56,336586,128.64662532062985,128.4370425994985,553352.8,7.150407158160377
IMH,2026-02-19,123.37,292380,128.4396988374679,128.38662426517516,538306.85,6.888202139077339
IMH,2026-02-20,122.94,623879,128.22402437325346,128.33242899885502,543839.4,6.351675430091575
IMH,2026-02-21,120.91,439752,127.93719988802783,128.25857398394106,458118.0,6.387282737536269
IMH,2026-02-22,121.17,458844,127.67181950026203,128.18804090947398,447513.2,5.967788914913535
IMH,2026-02-23,121.84,302829,127.4431206963302,128.12487632331008,430230.75,4.664621950336178
IMH,2026-02-24,123.21,547193,127.27711596314077,128.0759720812871,444475.8,3.873283171609078
IMH,2026-02-25,124.47,526671,127.16703298419408,128.04009176207032,440558.5,2.7654798085370373
IMH,2026-02-26,125.91,489070,127.11773757304921,128.01889681916415,438102.6,2.2390558008049544
IMH,2026-02-27,125.04,628273,127.03625766822375,127.98925605479437,442865.0,2.1813482573348186
IMH,2026-02-28,123.28,1148577,126.88895344594047,127.94239778559245,468079.55,2.133299951088952
IMH,2026-03-01,123.64,359872,126.76154350688398,127.8995878573776,460933.0,2.124285788185655
IMH,2026-03-02,123.24,513538,126.62344376151599,127.85322379909523,473900.6,2.066925870693595
IMH,2026-03-03,124.07,618376,126.52330871204477,127.8155797811938,486290.3,2.07888947662962
IMH,2026-03-04,123.88,347209,126.41964954686655,127.77641978337098,472911.7,2.069211806460962
IMH,2026-03-05,123.47,1610152,126.3039770156169,127.73356983527773,533232.55,2.0697255551458538
IMH,2026-03-06,123.67,412889,126.20068379931818,127.69313630457846,535872.5,2.0646394997029667
IMH,2026-03-07,123.46,362443,126.0932060032665,127.65101554532893,539477.5,1.7599054435756374
IMH,2026-03-08,121.35,482431,125.90719792470703,127.58831887323612,545489.65,1.7179316483344582
IMH,2026-03-09,124.83,498625,125.86495486883616,127.56087291429846,549979.45,1.5990247714709676
IMH,2026-03-10,128.55,582745,125.97025075633279,127.5707149748527,562287.4,2.450898130961244
IMH,2026-03-11,126.99,368527,126.01024092275112,127.56493671639647,566094.75,2.6943062676195484
IMH,2026-03-12,128.81,686867,126.12003539636872,127.57732540578557,569244.15,3.1847253922706766
IMH,2026-03-13,129.47,443506,126.25140655729544,127.59615798881258,569431.85,3.7395647665009113
IMH,2026-03-14,130.22,521771,126.40703767269562,127.62226586952092,572578.2,4.220700117044563
IMH,2026-03-15,132.06,370374,126.62872246984482,127.66642242803314,575955.45,4.905939394871491
IMH,2026-03-16,134.63,723467,126.94249805926268,127.73571175710745,584769.15,5.8323664923508804
IMH,2026-03-17,134.54,537337,127.24043931184062,127.80341611773326,585302.45,6.455438513462697
IMH,2026-03-18,135.05,414196,127.54669659372922,127.87552142999462,581558.75,6.889928387640326
IMH,2026-03-19,133.41,389307,127.7766300606418,127.93059086850214,569610.45,6.819835444825964
IMH,2026-03-20,130.3,653099,127.87558574453821,127.9541670787658,544836.55,6.416527220072654
IMH,2026-03-21,128.54,669458,127.90164120553672,127.95999626206168,560315.85,5.883367749123616
IMH,2026-03-22,126.47,450382,127.84549841316273,127.94517042860834,557158.05,4.863622606929611
IMH,2026-03-23,128.68,255035,127.87822396558772,127.95248216563711,538991.0,4.3334280772961264
IMH,2026-03-24,130.89,512655,127.99633282968232,127.98171119881485,547263.3,4.247051789312023
IMH,2026-03-25,130.77,731094,128.1051040912634,128.00945536599082,503310.4,3.9312983343173284
IMH,2026-03-26,132.96,557064,128.29549216611582,128.05871451657796,510519.15,3.885023388702942
IMH,2026-03-27,132.78,549295,128.471355218425,128.10569248158714,519861.75,3.8437790470625464
IMH,2026-03-28,133.3,650365,128.6607138373103,128.15737713351166,528258.45,3.8615688891581392
IMH,2026-03-29,135.26,351095,128.91950937310207,128.22804999785484,520881.95,4.112214451157362
IMH,2026-03-30,138.09,343628,129.27913645650983,128.32617885359758,508926.1,4.692566075573806
IMH,2026-03-31,138.58,387598,129.64387620331337,128.42820692470607,509879.65,5.281260932103891
IMH,2026-04-01,135.6,289745,129.8774496855364,128.49956804983339,490023.55,5.331484405073156
IMH,2026-04-02,135.41,552804,130.09441244296633,128.56832856675047,495488.45,5.446689752339632
IMH,2026-04-03,137.97,333317,130.4032590138304,128.66187753623555,486065.75,5.725496763322197
IMH,2026-04-04,139.33,351290,130.75332728779782,128.7680280085118,485111.55,5.826992054319166
IMH,2026-04-05,139.06,468803,131.07907915886457,128.87043569001915,472378.35,5.155969068270961
IMH,2026-04-06,139.68,730426,131.41637017224244,128.9779935438498,482032.8,4.724917058403377
IMH,2026-04-07,138.99,332580,131.71337526352704,129.07761549863739,477952.0,4.405319337067235
IMH,2026-04-08,140.77,618497,132.06853701789854,129.1939576329793,489411.5,4.0546030008504665
IMH,2026-04-09,143.87,510531,132.5313394877849,129.33998790528798,482283.1,4.513474469376607
IMH,2026-04-10,144.0,295321,132.9810908804208,129.48585867239956,463576.25,4.609565201421284
IMH,2026-04-11,141.2,620610,133.30340104197293,129.60241729257467,472087.65,4.108590989327441
IMH,2026-04-12,141.42,1172931,133.62169904032692,129.72000518021076,517982.45,3.837761355956739
IMH,2026-04-13,142.99,664032,133.98908339168665,129.85204492966142,525551.3,4.009746384926205
IMH,2026-04-14,145.43,729907,134.4377467880911,130.0070494577245,525491.95,4.5214521638882665
IMH,2026-04-15,143.7,642863,134.80097240424436,130.14329772182674,529781.9,4.18395739110111
IMH,2026-04-16,141.43,336124,135.0609342707446,130.25560321713195,519123.35,3.421686975490574
IMH,2026-04-17,142.86,573737,135.36677998561737,130.3810201005436,515291.95,3.1170507907103726
IMH,2026-04-18,143.76,393164,135.69592586853432,130.51414427864762,517395.4,3.022224000978068
IMH,2026-04-19,141.02,270700,135.90471308937612,130.61868015647204,513749.0,2.7749496579930133
IMH,2026-04-20,144.33,676945,136.2351164976359,130.7551111996912,528216.35,2.661271926960991
IMH,2026-04-21,146.79,620199,136.6490334977286,130.9146623320326,544739.05,2.6897444882530612
IMH,2026-04-22,144.53,650545,136.9580910076216,131.0501383287288,549626.1,2.5413482025910894
IMH,2026-04-23,146.63,537671,137.3373815563423,131.20516182794543,559843.8,2.854849185793549
IMH,2026-04-24,150.48,525901,137.8527783580544,131.39695126249325,568574.35,3.9806431537607088
IMH,2026-04-25,151.44,351444,138.38561057930715,131.59638458326447,562706.4,4.756931221161028
IMH,2026-04-26,152.43,512599,138.9363709487461,131.8036842391524,551815.05,5.416148473381566
IMH,2026-04-27,150.0,413792,139.37023875467762,131.98474210741955,555875.65,5.567714342035205
IMH,2026-04-28,151.44,690607,139.84356272508242,132.17832676306713,559481.15,5.957793446172133
IMH,2026-04-29,154.17,625176,140.40538379468703,132.3971493823401,565213.4,6.557935728297594
IMH,2026-04-30,157.21,681745,141.0643883517581,132.6440434183367,584534.6,7.163046049606937
IMH,2026-05-01,159.25,560590,141.77754959286565,132.90877930472143,581533.6,7.953486276850048
IMH,2026-05-02,156.9,548416,142.37058686373368,133.1474979186048,550307.85,8.046284344853813
IMH,2026-05-03,152.36,436453,142.76232855535196,133.33866709354407,538928.9,6.950089334550984
IMH,2026-05-04,153.93,559738,143.20027645514207,133.54355597818542,530420.45,6.325368859504449
IMH,2026-05-05,155.41,574805,143.67908914317573,133.7611325356164,527017.55,6.041523759835471
IMH,2026-05-06,153.59,407916,144.0677523140316,133.9584346994411,530607.15,4.942928015117592
IMH,2026-05-07,155.04,540804,144.49803653701076,134.16820151835213,528960.5,4.072073090974491
IMH,2026-05-08,156.94,365804,144.98595667281427,134.394786577871,527592.5,3.9740075995266473
IMH,2026-05-09,153.38,311474,145.3151348425078,134.5836941741111,529631.2,3.8054326586837437
IMH,2026-05-10,150.33,520863,145.511796221233,134.7403738340702,521827.1,4.079886219728525
IMH,2026-05-11,153.95,406162,145.8427061733415,134.93151439293518,511125.25,3.6466435719241734
IMH,2026-05-12,150.01,581879,146.00612946066144,135.08154907559256,507691.95,3.895276037983
IMH,2026-05-13,151.63,555417,146.2266734033806,135.24621027882048,508579.25,4.0579429132024405
IMH,2026-05-14,152.33,331278,146.4660195444245,135.41619823624515,498848.1,3.9173939567121403
IMH,2026-05-15,153.98,377357,146.76068544464314,135.60091268165564,500143.75,3.1793833633938595
IMH,2026-05-16,153.51,596328,147.02536444681402,135.77911255547002,504330.2,2.8339076475676226
IMH,2026-05-17,154.84,290811,147.3318207430174,135.96877312705737,498181.15,2.8637187889516893
IMH,2026-05-18,155.57,389649,147.65488659623242,136.16381021037023,483133.25,2.9803559461801097
IMH,2026-05-19,158.89,423636,148.0954792787331,136.38994145205808,473056.25,3.605513120574426
IMH,2026-05-20,160.07,352352,148.56506832662595,136.62556392517195,456586.6,4.376135535523502
IMH,2026-05-21,156.29,628160,148.86800682362102,136.82122995576725,459965.1,4.439991646858431
IMH,2026-05-22,156.41,636908,149.1637712619104,137.01614309053573,464389.7,4.392522132762681
IMH,2026-05-23,158.96,667785,149.54793709477667,137.2344899254558,475956.3,4.731248484836907
IMH,2026-05-24,159.21,537960,149.9268415224325,137.45315171724232,474867.4,4.627316660659692
IMH,2026-05-25,163.65,263798,150.46500459998418,137.7138168742847,459317.05,5.626101760231526
IMH,2026-05-26,163.51,342264,150.97657304704362,137.97049531334656,456034.45,5.700951735176317
IMH,2026-05-27,165.75,661405,151.55592312363015,138.2469082953033,462064.5,6.164373815154601
IMH,2026-05-28,165.59,626224,152.10627907956624,138.51897885952914,475085.5,6.317767821568742
IMH,2026-05-29,168.47,320799,152.7479936254656,138.81699897037961,475551.75,6.95673876796527
IMH,2026-05-30,167.7,454480,153.3343468166238,139.10439201545046,472232.6,6.973236129329139
IMH,2026-05-31,167.57,533230,153.8926077257758,139.38763189589372,478586.0,6.873102375473023
IMH,2026-06-01,167.02,480820,154.40740742280423,139.66258083225298,473533.05,6.551827286849061
IMH,2026-06-02,167.47,271396,154.9196659552433,139.93927157024052,459332.0,6.570257502856544
IMH,2026-06-03,172.54,393289,155.61065944719456,140.26365692775056,462432.55,7.332383238486674
IMH,2026-06-04,172.01,638488,156.25377084142224,140.5795409384197,475489.1,7.065118463344762
IMH,2026-06-05,169.73,580614,156.78225041626843,140.8695952574404,474703.4,6.074024138144763
IMH,2026-06-06,168.03,475192,157.2233386352383,141.13984804094846,483922.45,5.18173367451689
IMH,2026-06-07,169.89,473711,157.72007045346425,141.42591920472015,488125.55,4.03940264936935
IMH,2026-06-08,168.29,695495,158.13457749450487,141.69322349124033,501718.5,3.6252345320108237
IMH,2026-06-09,174.86,596755,158.79047641628898,142.02324116794443,513938.65,3.9704949590417513
IMH,2026-06-10,173.61,509925,159.3716342038855,142.33753727572608,508026.9,4.130506314918078
IMH,2026-06-11,174.59,536803,159.96843286255665,142.65845730283328,503021.65,4.236359493508242
IMH,2026-06-12,175.06,528261,160.56025902480934,142.98086071275537,496045.45,4.598484535960533
IMH,2026-06-13,176.07,389525,161.16848416109133,143.31010587979264,488623.7,4.899920497224061
IMH,2026-06-14,177.85,527574,161.82266125281325,143.65378641830216,501812.5,5.300121188744677
IMH,2026-06-15,178.36,379361,162.47118434093824,143.99912187682654,503667.35,5.429990437730249
IMH,2026-06-16,180.34,664395,163.17192220992104,144.36072265417155,503816.85,5.712019102320179
IMH,2026-06-17,183.31,686426,163.96165075070846,144.7482776526375,506826.95,6.862659473916879
IMH,2026-06-18,187.66,2191308,164.89099778009245,145.17525996455157,600352.4,8.56484057606461
IMH,2026-06-19,188.58,385567,165.81997825930452,145.6071479251033,596906.75,9.618196268040371
IMH,2026-06-20,187.33,449276,166.66350852364553,146.02230068206748,592709.05,9.65212206924243
IMH,2026-06-21,188.17,1341158,167.50690034624768,146.4416807747832,635725.95,9.686711924697882
IMH,2026-06-22,187.47,340803,168.289766999336,146.8499227571237,639196.3,8.832711461280612
IMH,2026-06-23,180.39,662439,168.7642859405385,147.18365486899313,652653.8,8.442711833551574
IMH,2026-06-24,178.6,613649,169.15000021738015,147.4962553180579,651411.85,7.869269029264485
IMH,2026-06-25,182.05,418562,169.6558825617966,147.8400736731021,643309.25,7.246577365658883
IMH,2026-06-26,181.79,283700,170.13173030447123,148.17788388531005,633734.65,6.563949212039796
IMH,2026-06-27,180.44,267505,170.53597617488413,148.49889996605324,623424.35,6.008914668598781
IMH,2026-06-28,179.06,301500,170.87025161900632,148.80299051365472,603724.6,5.845949675620395
IMH,2026-06-29,180.89,556392,171.2631829280649,149.12226423988702,601706.45,5.571652742742536
IMH,2026-06-30,178.61,357253,171.55129340147414,149.4156745459578,594072.85,5.769901881295411
IMH,2026-07-01,177.12,635413,171.7696740523967,149.6913394758488,599003.35,6.256608023205545
IMH,2026-07-02,175.09,519015,171.89988291308705,149.94406246613886,598541.05,6.562693984573778
IMH,2026-07-03,173.77,437572,171.97322083806404,150.1811364714509,600943.4,6.610921034400036
IMH,2026-07-04,173.42,491112,172.02995727578704,150.41236894437182,599120.3,6.5737492124956365
IMH,2026-07-05,173.44,299306,172.08525306889345,150.64149960164175,595117.55,5.940310930922694
IMH,2026-07-06,171.73,636778,172.07132157599568,150.85133542650107,593736.7,5.239578667734664
IMH,2026-07-07,175.95,473561,172.22342661223115,151.1010733824563,583093.45,5.131610504863154
IMH,2026-07-08,174.56,731424,172.31505694116328,151.33449553785474,510099.25,5.207164970784244
IMH,2026-07-09,170.48,692867,172.24309392386277,151.5249980698164,525464.25,5.327328890202937
IMH,2026-07-10,171.63,680914,172.21905102488776,151.725047840266,537046.15,5.019722872806358
IMH,2026-07-11,174.38,545112,172.303794121951,151.9504702498156,497243.85,4.54044693605331
IMH,2026-07-12,171.76,720529,172.28246886226665,152.14757999857366,516230.15,4.352502643105079
IMH,2026-07-13,172.73,463588,172.3000191029621,152.35238019759282,506287.6,3.4002860456588904
IMH,2026-07-14,171.61,344825,172.2729595302969,152.54399830507947,492846.4,2.8348488970711547
IMH,2026-07-15,172.65,308220,172.2877454310696,152.7440580234369,487329.3,2.3450663665941285
IMH,2026-07-16,175.35,483772,172.40783384553745,152.96899276947238,497332.9,2.385494972480761
IMH,2026-07-17,172.23,629082,172.40085996924188,153.16064458271146,515411.75,2.39099547064691
IMH,2026-07-18,173.27,247143,172.4349438920167,153.3607376714407,512693.9,2.387126099827618
IMH,2026-07-19,176.05,337164,172.57671079821213,153.58650147570498,501732.5,2.6843134059817206
IMH,2026-07-20,176.37,723219,172.72546723749792,153.8132029535587,520030.8,2.8901195838210496
IMH,2026-07-21,177.28,445596,172.90407636543918,154.04670342168248,510539.95,3.1247981253467536
IMH,2026-07-22,173.94,672192,172.94470082169647,154.244646671218,518198.8,3.1015068342423335
KAP,2025-11-13,52.48,382501,52.48,52.48,382501.0,0.848528137423854
KAP,2025-11-14,51.68,465505,52.44862745098039,52.47203980099502,424003.0,0.848528137423854
KAP,2025-11-15,52.14,795397,52.436524413687046,52.46873592237816,547801.0,0.6022457969965398
KAP,2025-11-16,51.97,1598840,52.4182293386405,52.46377337588684,810560.75,0.5013045481541124
KAP,2025-11-17,49.92,701528,52.320259560654605,52.43846219801732,788754.2,1.504582998707617
KAP,2025-11-18,49.41,548485,52.206131734746585,52.408328245798245,748709.3333333334,1.9163793987621605
KAP,2025-11-19,49.84,1756842,52.1133422549526,52.38277274086493,892728.2857142857,1.9273436568055502
KAP,2025-11-20,51.59,838446,52.092819029268185,52.37488445488618,885943.0,1.8061401968602278
KAP,2025-11-21,51.13,652412,52.055061420277276,52.36249754488732,859995.1111111111,1.6894895678872994
KAP,2025-11-22,50.54,1417482,51.995647246933075,52.344363240958096,915743.8,1.6171734600839869
KAP,2025-11-23,50.42,560712,51.93385715881805,52.32521534801324,883468.1818181818,1.5620964933529136
KAP,2025-11-24,50.42,584870,51.87449021141342,52.306257981366336,858585.0,1.511219405284721
KAP,2025-11-25,51.35,755244,51.85392196782858,52.296742976576624,850635.6923076923,1.455874043579747
KAP,2025-11-26,50.15,1037986,51.787101498501976,52.275382349944024,864017.8571428572,1.4388680303597068
KAP,2025-11-27,51.29,804897,51.76760732209013,52.265577550442096,860076.4666666667,1.2884239989611022
KAP,2025-11-28,51.43,501339,51.75436781926307,52.25726334596009,837655.375,1.2640985147309807
KAP,2025-11-29,51.68,968141,51.751451434193925,52.25151943206994,845331.0,1.1929511379693787
KAP,2025-11-30,51.69,782758,51.749041574029455,52.245932174039396,841854.7222222222,1.1497465081343154
KAP,2025-12-01,51.32,650269,51.7322164142636,52.236718918576315,831771.2631578947,1.1055427288326507
KAP,2025-12-02,51.03,878049,51.70467851566502,52.22471176515765,834085.15,0.9066839715004558
KAP,2025-12-03,51.2,934252,51.68488720132522,52.21451562819091,861672.7,0.7597866964983251
KAP,2025-12-04,53.15,361238,51.74234260519482,52.22382393039797,856459.35,1.1131763285578566
KAP,2025-12-05,53.75,1054328,51.8210742677362,52.239009761936295,869405.9,1.5095973191331775
KAP,2025-12-06,54.07,660369,51.90926743370733,52.25722857027524,822482.35,1.8017728220277425
KAP,2025-12-07,54.46,975768,52.00929616179724,52.2791466939541,836194.35,2.0406801346825345
KAP,2025-12-08,54.33,752402,52.10030415545225,52.29955319451177,846390.2,2.140225416904689
KAP,2025-12-09,54.79,600372,52.20578242386589,52.32433375974052,788566.7,2.3370353155085364
KAP,2025-12-10,55.47,859454,52.33379095626331,52.35563392133514,789617.1,2.4019854424900435
KAP,2025-12-11,56.2,964698,52.48540699719416,52.39388632012783,805231.4,2.649865355277308
KAP,2025-12-12,54.65,1044632,52.57029299730419,52.416335212464865,786588.9,2.594914007976227
KAP,2025-12-13,54.5,556874,52.64596778172364,52.43706819542542,786397.0,2.5138437853063027
KAP,2025-12-14,55.05,598376,52.74024355498938,52.46306751686397,787072.3,2.427938940747903
KAP,2025-12-15,56.64,818806,52.89317518028391,52.504629034109115,790250.4,2.403161979559444
KAP,2025-12-16,57.33,435878,53.06716831046886,52.55264267556077,760145.0,2.2725694962717187
KAP,2025-12-17,58.47,658157,53.27904406299949,52.61152185291837,752808.0,2.2110295448844046
KAP,2025-12-18,57.52,716973,53.44535606052892,52.660362431496296,763589.7,2.202338324010798
KAP,2025-12-19,57.54,944274,53.60593033266505,52.708916039143105,762396.35,2.2003162859556937
KAP,2025-12-20,58.69,563580,53.80530561373701,52.768429312385464,751437.45,2.3506667279591484
KAP,2025-12-21,57.95,984434,53.96784264849243,52.81998722967517,768145.7,2.3411950139633193
KAP,2025-12-22,57.22,948511,54.09537823090449,52.863768451270445,771668.8,2.187757771311574
KAP,2025-12-23,56.93,528957,54.20653986890824,52.90422846668069,751404.05,2.0497818163174397
KAP,2025-12-24,56.37,413840,54.291381442676546,52.938713755569445,754034.15,1.985089612393078
KAP,2025-12-25,57.55,387951,54.41917040570884,52.98459720078766,720715.3,1.9894147422002413
KAP,2025-12-26,56.0,991278,54.48116372313202,53.014601208740025,737260.75,1.7904112732756872
KAP,2025-12-27,55.44,833284,54.518765145754294,53.03873453004609,730136.55,1.5936424171834465
KAP,2025-12-28,54.67,526758,54.524695924352166,53.05496602725957,718854.35,1.6810652039050598
KAP,2025-12-29,54.69,384246,54.531178437122676,53.071235022013205,708048.05,1.922374797649381
KAP,2025-12-30,55.21,569126,54.55779889056885,53.09251626557526,693531.65,2.0224315212738087
KAP,2025-12-31,53.83,810384,54.529257757605365,53.09985441218645,685815.95,2.1815310242786463
KAP,2026-01-01,53.96,1533153,54.50693392397378,53.10841307475176,710242.0,2.327359401921931
KAP,2026-01-02,52.38,786423,54.42352475048462,53.1011651834607,721719.45,2.6845079818089035
KAP,2026-01-03,52.9,989375,54.36377868183817,53.099163539844184,741269.4,2.599572767096291
KAP,2026-01-04,52.78,603409,54.30166971392295,53.09598778322882,730499.55,2.534967569205405
KAP,2026-01-05,53.68,981489,54.277290509455376,53.101798850062366,757780.1,2.390311057278849
KAP,2026-01-06,53.02,516449,54.22798499928066,53.100984931156276,750694.7,2.2824159409434115
KAP,2026-01-07,53.53,974699,54.20061303852456,53.10525373781144,763581.0,2.151932047826234
KAP,2026-01-08,53.71,556056,54.1813733115236,53.11127111355461,744170.1,1.6209475250978822
KAP,2026-01-09,53.2,966713,54.14288808362072,53.11215398804661,764326.75,1.391101429376468
KAP,2026-01-10,51.65,389030,54.045127766615984,53.09760519214564,734556.55,1.4399248778482234
KAP,2026-01-11,51.71,951000,53.95355412870948,53.083798175308374,734681.0,1.5159377198057105
KAP,2026-01-12,51.04,1410238,53.839297104054204,53.063461875056554,778745.05,1.639354771223769
KAP,2026-01-13,51.74,381308,53.75697172742463,53.050293100180376,777118.45,1.4211110902281006
KAP,2026-01-14,52.83,878120,53.7206198949766,53.0481011290343,801626.9,1.3498154635780244
KAP,2026-01-15,51.84,402731,53.6468700951736,53.03608022227775,772199.55,1.2794403932111444
KAP,2026-01-16,50.92,766418,53.53993401300993,53.01502469767797,768856.25,1.4410594488656263
KAP,2026-01-17,49.79,1034686,53.392877777205626,52.98293489969113,794252.65,1.7792915925807775
KAP,2026-01-18,49.14,1168881,53.226098256530896,52.94469674148525,833484.4,2.149901991121605
KAP,2026-01-19,47.93,404210,53.01840812882381,52.89479926147048,825238.6,2.561916162382562
KAP,2026-01-20,48.91,417170,52.857294084556216,52.855149517575256,805577.9,2.6874571297373095
KAP,2026-01-21,49.56,812751,52.72798843418146,52.82236196018645,769557.8,2.581738090111803
KAP,2026-01-22,48.77,1049143,52.572773201468465,52.78203995063236,782693.8,2.4391831466859957
KAP,2026-01-23,50.17,634802,52.47854680141088,52.75604950336239,764965.15,2.178374229950942
KAP,2026-01-24,51.12,765365,52.425270456257515,52.73977040382645,773062.95,2.136907523440436
KAP,2026-01-25,49.36,540001,52.3050637716984,52.70614084756947,750988.55,2.0930194026287223
KAP,2026-01-26,49.47,989887,52.19388480025925,52.67394044112599,774660.45,2.0815352863575782
KAP,2026-01-27,48.05,802144,52.03137951397457,52.62793108350285,766032.7,2.1071287948869752
KAP,2026-01-28,47.82,461483,51.86622737617165,52.58009097321924,761304.05,1.8168582123369847
KAP,2026-01-29,47.37,510044,51.689904733968845,52.52824927199318,738470.6,1.6955564096961253
KAP,2026-01-30,46.34,970759,51.48010454832301,52.46667465237137,767557.05,1.8632486695005757
KAP,2026-01-31,45.23,786366,51.23500240917309,52.39466793941245,759325.35,2.3061863767691566
KAP,2026-02-01,44.75,493809,50.98068858920552,52.31860159175661,713503.9,2.7330009318342023
KAP,2026-02-02,45.53,356155,50.76693609551119,52.25105331721177,712246.25,2.9363724396601363
KAP,2026-02-03,45.14,481202,50.54627193490291,52.180296567786776,692400.35,3.1242432050651248
KAP,2026-02-04,45.66,716232,50.35465342765182,52.11541799497298,708075.4,3.1271739690920635
KAP,2026-02-05,44.44,496441,50.12270623441057,52.039045676615046,694576.55,3.296262306356647
KAP,2026-02-06,44.14,479154,49.88809030364938,51.96044820719599,666799.95,3.2338173611499212
KAP,2026-02-07,43.72,986527,49.646204409388616,51.87845369767165,657682.25,2.837204358418413
KAP,2026-02-08,43.42,603727,49.402039530589064,51.794289979286866,667658.1,2.6935426445523003
KAP,2026-02-09,43.15,518325,49.156861509781656,51.70827714367207,672715.85,2.37210957718096
KAP,2026-02-10,42.37,876040,48.89071007802551,51.61535896313803,675880.3,2.341720626912025
KAP,2026-02-11,42.58,431431,48.64323125143628,51.52545489385307,644994.7,2.1592226165201263
KAP,2026-02-12,43.16,798921,48.42820257490938,51.44221653670031,653200.65,1.8481676773864262
KAP,2026-02-13,43.27,475686,48.22592012099136,51.36090094927045,638716.7,1.64902418697556
KAP,2026-02-14,42.99,568918,48.02058992016817,51.27760840251154,640162.55,1.6133731982782822
KAP,2026-02-15,42.31,385564,47.796645217416476,51.18837846815819,609946.4,1.6807695451000577
KAP,2026-02-16,41.69,388647,47.557168934380535,51.09386723961931,589271.55,1.6643071026309086
KAP,2026-02-17,41.89,614177,47.33492701538522,51.00228647106588,596906.25,1.5954058786346346
KAP,2026-02-18,42.55,357150,47.14728281870345,50.918184118119946,589261.55,1.2044546438162385
KAP,2026-02-19,42.52,757233,46.96582074738175,50.83462009704413,578585.25,1.0348578497698462
KAP,2026-02-20,43.65,632850,46.83578856120992,50.76313133985962,570909.45,0.9428776533730483
KAP,2026-02-21,43.23,590958,46.694385088221296,50.68817480911475,575766.9,0.878867277981827
KAP,2026-02-22,43.2,440167,46.557350378879285,50.61366560703401,579967.5,0.8548018856645998
KAP,2026-02-23,43.01,640081,46.418238599315394,50.53800724278492,587911.45,0.8453752661740411
KAP,2026-02-24,42.87,630621,46.27909198757754,50.461708663254726,583630.9,0.8306971122540314
KAP,2026-02-25,41.94,656064,46.108931517476464,50.376915542227316,591612.05,0.8945356091534
KAP,2026-02-26,42.5,809091,45.967404791300915,50.29853827315043,608108.9,0.8791710631277849
KAP,2026-02-27,43.51,890583,45.87103597595578,50.23099062864147,603311.7,0.9113840458996212
KAP,2026-02-28,43.42,925076,45.774916918075164,50.16321957761022,619379.15,0.9501917822610404
KAP,2026-03-01,43.48,846451,45.68492017618986,50.09671988032057,635785.45,0.975059592430489
KAP,2026-03-02,43.79,479398,45.61060958104517,50.03396644867559,615953.35,0.9160276160717644
KAP,2026-03-03,43.79,719694,45.53921312688654,49.971837429285785,630366.5,0.8425657440025562
KAP,2026-03-04,44.41,1023344,45.4949302591655,49.91649576332274,641587.65,0.9534408479549319
KAP,2026-03-05,44.59,988897,45.459442798021755,49.86349580547874,667248.2,1.0410733181893348
KAP,2026-03-06,44.39,1026147,45.417503864766005,49.80903316064811,690109.65,1.113427844960631
KAP,2026-03-07,42.67,454446,45.30975861516734,49.737998004820774,693553.75,1.153435682483412
KAP,2026-03-08,43.4,1020479,45.234866120454896,49.674933348056385,725145.35,1.1502802453562118
KAP,2026-03-09,43.1,731923,45.151145880437056,49.60951112568767,731032.65,1.1453899475147038
KAP,2026-03-10,43.11,775192,45.071100943949325,49.54483937319327,751934.75,1.129425362009927
KAP,2026-03-11,44.51,643134,45.04909698536308,49.49474146898239,746229.8,1.0032412444198686
KAP,2026-03-12,45.3,746768,45.05893631927041,49.45300274789799,751925.7,1.0870358046812452
KAP,2026-03-13,45.74,384615,45.08564469890687,49.41605744692389,741608.55,1.3198932274497874
KAP,2026-03-14,46.37,1023425,45.13601157345954,49.38574841760126,770771.45,1.6032301271679796
KAP,2026-03-15,47.2,931488,45.216952296068975,49.36399967712762,785341.8,1.97003392200386
KAP,2026-03-16,46.39,873290,45.26295416681137,49.3344076405393,797475.25,2.0902062638109453
KAP,2026-03-17,45.92,622115,45.28872067007367,49.3004334351608,795777.8,2.114442877289072
KAP,2026-03-18,45.51,428555,45.29739829085509,49.26271767958706,776751.0,2.125923974946557
KAP,2026-03-19,45.63,966546,45.31044149513529,49.226571235014056,780549.15,2.142910878447087
KAP,2026-03-20,45.97,803708,45.33630653454175,49.19416754113332,774480.75,2.165488676671172
KAP,2026-03-21,45.75,854093,45.352529807696975,49.159897217340955,774862.85,1.9150343582835507
KAP,2026-03-22,46.04,748559,45.37948942308141,49.128853463934576,788320.9,1.752354303328963
KAP,2026-03-23,46.12,2151848,45.408529053548804,49.098914623497414,859928.6,1.435948972125898
KAP,2026-03-24,45.36,1012189,45.40662595340964,49.06171149291536,859370.85,0.9336517722727968
KAP,2026-03-25,45.01,655272,45.391071994452396,49.02139595567242,842689.6,0.8252719332052152
KAP,2026-03-26,45.25,840186,45.38553975937583,48.98386962775528,833391.55,0.8315657811331922
KAP,2026-03-27,44.53,463766,45.35198918057679,48.93955251703135,833857.55,0.9917897159475534
KAP,2026-03-28,44.64,819570,45.32406803624044,48.89677089994647,823812.1,1.0568302181003684
KAP,2026-03-29,44.11,1019204,45.276457525015324,48.84914133875298,838176.15,1.0051420680296874
KAP,2026-03-30,45.27,397501,45.27620428874021,48.81352799209872,819291.6,0.919533221886927
KAP,2026-03-31,44.85,990525,45.25949039506413,48.77408990262511,836661.15,0.9077332594598277
KAP,2026-04-01,45.11,932024,45.25362802663024,48.73763129662884,845923.95,0.9050053123515374
KAP,2026-04-02,44.82,534329,45.236623005978075,48.69864989069224,853409.65,0.9059453352986204
KAP,2026-04-03,44.61,607810,45.21204955476325,48.65796680720276,832628.9,0.8697761648395188
KAP,2026-04-04,45.49,923967,45.22294957222351,48.626444749419655,832252.85,0.8422142617156426
KAP,2026-04-05,46.65,586234,45.2789123340971,48.60677863251001,817900.05,0.9851278714343595
KAP,2026-04-06,44.89,859874,45.26366087001486,48.569795760544736,829788.0,0.8900056333936225
KAP,2026-04-07,44.27,1891640,45.2246937770731,48.52701172312638,902942.25,0.92904506094945
KAP,2026-04-08,44.42,844616,45.19313715836435,48.48614593483657,896845.75,0.9537992998505709
KAP,2026-04-09,44.2,619908,45.15419060313438,48.44349771657949,887655.75,0.9837464830213951
KAP,2026-04-10,43.98,552586,45.108143912815386,48.39908480397672,872580.4,1.037666774626927
KAP,2026-04-11,43.84,517423,45.05841277897949,48.35372077607646,861023.6,1.107290835555545
KAP,2026-04-12,43.39,1334070,44.992984826862646,48.30433051959809,820134.7,1.2120614648215187
KAP,2026-04-13,43.91,778985,44.95051483365234,48.26060583781104,808474.5,1.2237954943893543
KAP,2026-04-14,43.23,761063,44.883043663705195,48.21055005833034,813764.05,1.3343400331907813
KAP,2026-04-15,44.12,792631,44.85312038277558,48.16984806770019,811386.3,1.3131208107923664
KAP,2026-04-16,43.98,418831,44.81888036776478,48.12815803717581,809139.55,1.3115381876186998
KAP,2026-04-17,44.24,674051,44.796179176872045,48.089469897502426,801863.6,1.3075037557989238
KAP,2026-04-18,44.51,1030666,44.78495646405353,48.053853281606884,802436.7,1.2125040500667512
KAP,2026-04-19,45.15,427172,44.79927189683575,48.02495921910334,803920.25,0.7684014554274199
KAP,2026-04-20,44.6,1043815,44.791457312646116,47.99088002289335,806584.75,0.7279336251589412
KAP,2026-04-21,43.78,1028204,44.75179231999333,47.94898071918297,811393.75,0.7382215226361142
KAP,2026-04-22,43.38,832610,44.69799654273869,47.90351822446473,826307.8,0.776088831014865
KAP,2026-04-23,42.47,1058197,44.61062412929796,47.84945336650986,848827.15,0.9883352636662357
KAP,2026-04-24,43.59,633320,44.57059965363922,47.80707074594758,834294.8,0.995117269029377
KAP,2026-04-25,45.32,1251368,44.59998790251612,47.78232377335108,867551.5,1.1517602987227518
KAP,2026-04-26,46.11,1773420,44.65920406320176,47.765683735805304,913228.8,1.4012263565168528
KAP,2026-04-27,46.3,710568,44.723549001899734,47.751099818036096,854175.2,1.6327156640273226
KAP,2026-04-28,45.5,375554,44.75399806064876,47.72870081487156,830722.1,1.6188201594961056
KAP,2026-04-29,46.65,403459,44.828351077878224,47.71796747343005,819899.65,1.8202677619720022
KAP,2026-04-30,46.42,507216,44.890768682667314,47.705052374191936,817631.15,1.9171209526925084
KAP,2026-05-01,46.32,479660,44.94681696962154,47.69127075852833,815743.0,1.9812358780305614
KAP,2026-05-02,46.53,773378,45.00890257865599,47.67971582560765,787708.4,2.0575365351328654
KAP,2026-05-03,46.15,1910218,45.05365149714007,47.664494772616536,844270.05,2.096109819075889
KAP,2026-05-04,47.49,622582,45.1491945756836,47.662758506222346,837346.0,2.2611681618234405
KAP,2026-05-05,47.23,435330,45.230794788401894,47.658452451434066,819480.95,2.2485896678819826
KAP,2026-05-06,47.08,779159,45.30331263983712,47.65269670564866,837497.35,2.0775114551198097
KAP,2026-05-07,47.77,560911,45.400045477490565,47.653863902607384,831840.35,1.5698416312650867
KAP,2026-05-08,45.6,683547,45.407886831314464,47.63342744586502,814484.4,1.1023830953943874
KAP,2026-05-09,44.67,1107752,45.378950092831545,47.603940605607654,848513.4,1.2410207160167497
KAP,2026-05-10,43.88,859082,45.320167736249914,47.56688647022848,839276.75,1.6047854688708907
KAP,2026-05-11,42.77,367304,45.22016115835776,47.51915625659437,806231.75,2.1271436505065426
KAP,2026-05-12,42.62,397796,45.118194054108436,47.47040843314568,784491.05,2.5220037167404974
KAP,2026-05-13,42.4,790292,45.011598208849286,47.41995660794025,771095.8,2.8303395759845964
KAP,2026-05-14,42.35,415086,44.90722180850226,47.36950927850801,760184.1,3.0610219689681193
KAP,2026-05-15,43.01,1012505,44.832820953266875,47.32613107673182,748240.95,3.1388383490263703
KAP,2026-05-16,42.14,525240,44.72722013157014,47.27452778243598,685831.95,3.252038076091896
KAP,2026-05-17,42.9,706212,44.65556444013602,47.231000142809755,685614.15,3.254322928011293
KAP,2026-05-18,42.76,491992,44.58122857973853,47.18651257919971,691436.05,3.027083788687711
KAP,2026-05-19,42.98,611950,44.51843530210173,47.14465673264051,701860.6,2.7273262326169343
KAP,2026-05-20,43.63,444027,44.48359470201931,47.10968502385802,698701.15,2.326177475677894
KAP,2026-05-21,44.36,497315,44.478747850959735,47.08232497386938,699583.9,1.5100104158724892
KAP,2026-05-22,44.79,568494,44.49095381758877,47.05951577014929,689339.7,1.3183656215509203
KAP,2026-05-23,45.5,731859,44.530524256114695,47.043998200297054,630421.75,1.5038969982409474
KAP,2026-05-24,44.07,1807551,44.5124644813651,47.014406178403554,689670.2,1.518608204613795
KAP,2026-05-25,44.66,897787,44.51825018797823,46.99097925125526,712793.05,1.5905274627901294
KAP,2026-05-26,45.79,412206,44.56812272962615,46.979029208954216,694445.4,1.8011672039827016
KAP,2026-05-27,45.02,363440,44.58584340689571,46.959536381004426,684571.85,1.788353807460639
KAP,2026-05-28,45.77,520785,44.63228092035079,46.94770019810886,676433.75,1.815804244665364
KAP,2026-05-29,45.6,383511,44.67023068818017,46.934290245888874,640221.7,1.8437153796339216
KAP,2026-05-30,45.42,671756,44.69963340629075,46.91922268125316,630855.4,1.641504477773144
KAP,2026-05-31,45.93,998210,44.74788307663229,46.9093796694994,662400.7,1.5726269406650126
KAP,2026-06-01,46.14,890194,44.80247589715652,46.90172415039991,687020.6,1.4139679962804934
KAP,2026-06-02,46.11,868675,44.853751352169986,46.89384629815713,690939.75,1.1880772743766126
KAP,2026-06-03,44.08,454963,44.82340816188881,46.865847827528704,692933.6,1.0952743145787216
KAP,2026-06-04,43.61,636835,44.77582352808925,46.8334513317324,674150.1,1.2313666690415257
KAP,2026-06-05,43.36,737883,44.72030103679163,46.798889626939044,684782.25,1.4271992860836995
KAP,2026-06-06,42.8,886769,44.6449951137802,46.75909968040234,693810.1,1.6768902733962516
KAP,2026-06-07,41.87,988607,44.5361717759849,46.710451922388394,718640.85,2.051545785472515
KAP,2026-06-08,40.6,425249,44.381812098495296,46.64965140574772,709305.8,2.6363504994677416
KAP,2026-06-09,41.39,1016148,44.26448613384842,46.597316565889535,737911.85,2.828266467076783
KAP,2026-06-10,39.84,513639,44.09097687369751,46.530079585134416,738728.05,3.271121140600453
KAP,2026-06-11,39.54,801319,43.91250719237603,46.46052655443656,750369.3,3.547519428192915
KAP,2026-06-12,39.28,700084,43.73084024365541,46.38907852901929,748780.55,3.739863608166988
KAP,2026-06-13,40.56,387571,43.60649356743363,46.33107774763601,677781.55,3.669804861267099
KAP,2026-06-14,40.27,668648,43.47565068243623,46.270768516316245,666324.6,3.451272042130341
KAP,2026-06-15,39.95,784132,43.33738987136031,46.20787529724842,684920.9,3.0692668344570713
KAP,2026-06-16,39.95,564594,43.204551052875594,46.1456078813554,694978.6,2.456232037934317
KAP,2026-06-17,40.39,361719,43.094176501782435,46.088338151192666,687025.3,2.137779767694495
KAP,2026-06-18,40.2,743544,42.98067938406548,46.02974772182757,705026.95,1.8188885327321573
KAP,2026-06-19,40.05,1047576,42.8657507807688,45.97024774449595,723817.95,1.427508058905713
KAP,2026-06-20,39.82,2059077,42.74630957367983,45.909051249525845,776861.3,1.0342179319506033
KAP,2026-06-21,39.11,582084,42.603709198241404,45.841398998286785,761455.8,0.872050208378493
KAP,2026-06-22,40.01,708192,42.501995112035864,45.783375127657074,753431.65,0.8412706245526231
KAP,2026-06-23,40.41,818269,42.41995608803446,45.72990870847641,771596.95,0.6318849352749688
KAP,2026-06-24,40.94,949163,42.361918594386054,45.682247925307486,787213.35,0.7414057037690751
KAP,2026-06-25,41.07,617144,42.311255120096405,45.63635491112532,781176.4,0.814933844142333
KAP,2026-06-26,41.46,473911,42.27787256636714,45.59479914086537,760533.5,0.8810399854960784
KAP,2026-06-27,40.89,852818,42.22344619121549,45.547985219065716,753744.05,0.907477181621563
KAP,2026-06-28,39.45,881291,42.114683595481544,45.48730874922426,776546.15,0.9729246721002509
KAP,2026-06-29,38.8,442765,41.98469600350188,45.420768363659846,747877.0,1.133241788211321
KAP,2026-06-30,38.09,1015475,41.831962826893964,45.347825394867215,772968.8,1.4105702318990654
KAP,2026-07-01,37.49,852038,41.66168977485891,45.269638077505356,775504.75,1.731846066110422
KAP,2026-07-02,38.42,2970396,41.53456468564875,45.20148247474411,889020.35,1.8132851084741746
KAP,2026-07-03,38.39,993429,41.41124842346645,45.133706529721785,919313.25,1.8810558249244758
KAP,2026-07-04,38.76,483692,41.30727789705601,45.070286564251916,910065.45,1.907070022685936
KAP,2026-07-05,38.55,715749,41.19914935207342,45.005408090975784,906646.3,1.9408584327669836
KAP,2026-07-06,38.27,641256,41.084280750031326,44.938389104995935,910479.4,1.9836121521931642
KAP,2026-07-07,39.08,856170,41.005681504932056,44.8800966760905,935201.95,1.9323448432940997
KAP,2026-07-08,39.49,698133,40.94624301454256,44.826463873343336,932931.4,1.7970377410771947
KAP,2026-07-09,39.54,437372,40.89109622965854,44.77386224276281,902421.2,1.610236144035743
KAP,2026-07-10,39.03,757378,40.81811206378958,44.71670938462587,837336.25,1.2302356716056166
KAP,2026-07-11,38.28,769724,40.71857825736646,44.65266252507736,846718.25,0.8875846964685478
KAP,2026-07-12,37.15,900587,40.57863401197954,44.57800916661888,856338.0,1.0157612313528257
KAP,2026-07-13,37.69,484215,40.46535424680387,44.5094717619759,839635.3,1.060117464463278
KAP,2026-07-14,36.52,450295,40.3106344724194,44.42997453051346,814691.9,1.3087866623216367
KAP,2026-07-15,37.15,362693,40.1866880225206,44.357536972995916,801969.35,1.35303322246624
KAP,2026-07-16,37.65,724625,40.087210060853124,44.29079531157308,814505.05,1.3770571524440676
KAP,2026-07-17,38.5,799737,40.024966529054964,44.23317545772658,811851.0,1.3796469925942245
KAP,2026-07-18,37.83,567992,39.938889410268494,44.16946226909249,796186.05,1.3718330662062757
KAP,2026-07-19,38.51,900837,39.88285453143443,44.11314921168859,819089.65,1.370134197726146
KAP,2026-07-20,38.66,1040838,39.83489945177034,44.05888902052751,820357.8,1.382831543219033
KAP,2026-07-21,39.89,513199,39.83706025758327,44.01740753773619,803415.85,1.5029299680987998
KAP,2026-07-22,40.17,837467,39.850116718070204,43.979124875669164,696769.4,1.618157147789898
KCB,2025-11-13,27.17,31283,27.17,27.17,31283.0,0.7636753236814757
KCB,2025-11-14,26.45,31855,27.141764705882352,27.162835820895527,31569.0,0.7636753236814757
KCB,2025-11-15,25.64,19612,27.082871972318337,27.14768322566274,27583.333333333332,1.1481615739955795
KCB,2025-11-16,24.74,35561,26.990994640070557,27.12372617864122,29577.75,1.570493552995366
KCB,2025-11-17,25.57,25803,26.935269360067792,27.108266216664692,28822.8,1.3903389874415546
KCB,2025-11-18,25.5,59136,26.87898428712396,27.09226356774266,33875.0,1.269136517479505
KCB,2025-11-19,24.43,20536,26.782945687628903,27.065773382989,31969.428571428572,1.4091942986787094
KCB,2025-11-20,24.25,13181,26.683614484192475,27.03775573738712,29620.875,1.4992591920678724
KCB,2025-11-21,25.08,35223,26.620727641675124,27.018275580796207,30243.333333333332,1.4158345595443027
KCB,2025-11-22,25.62,28384,26.581483420432964,27.004362390937537,30057.4,1.3380442817784501
KCB,2025-11-23,26.1,109041,26.562601717670887,26.99536376018194,37237.72727272727,1.3034881524725763
KCB,2025-11-24,25.33,30700,26.514264395409285,26.97879297649854,36692.916666666664,1.2451232140562736
KCB,2025-11-25,25.31,36966,26.467038340687353,26.96218807125975,36713.92307692308,1.1944643955797505
KCB,2025-11-26,25.62,32450,26.433821150856478,26.948832966073084,36409.357142857145,1.1490522253072408
KCB,2025-11-27,25.32,28050,26.390141890038578,26.93262567287833,35852.066666666666,0.8900743887914226
KCB,2025-11-28,25.32,31116,26.348175541409613,26.91657964628253,35556.0625,0.7542251864450973
KCB,2025-11-29,25.55,15096,26.316874539785708,26.902981838856835,34352.529411764706,0.7474903064533801
KCB,2025-11-30,24.88,36474,26.26052651861764,26.882852666330898,34470.38888888889,0.7323562004896346
KCB,2025-12-01,24.26,94964,26.182074498279697,26.856754629849995,37654.26315789474,0.8242256605811618
KCB,2025-12-02,25.0,32601,26.135718635602064,26.83827945940373,37401.6,0.8153281716416659
KCB,2025-12-03,25.08,21669,26.094317904794142,26.820784141399717,36920.9,0.755740667189459
KCB,2025-12-04,25.74,16273,26.080423084998294,26.810030070341014,36141.8,0.6640122177149556
KCB,2025-12-05,24.88,18674,26.033347669900323,26.790825791034138,36094.9,0.680162492705622
KCB,2025-12-06,24.93,31396,25.9900791338258,26.77231011152136,35886.65,0.6778383547460601
KCB,2025-12-07,25.48,19904,25.970076030538518,26.759451304441544,35591.7,0.5797076754804964
KCB,2025-12-08,25.9,21097,25.967327950909556,26.750899550168498,33689.75,0.6444659813356414
KCB,2025-12-09,25.9,26371,25.964687639109183,26.74243288797777,33981.5,0.6977751141235398
KCB,2025-12-10,25.38,36805,25.941758712085296,26.728876341828737,35162.7,0.6837726632039806
KCB,2025-12-11,26.04,30196,25.945611311611362,26.72202185086527,34911.35,0.7524421776915746
KCB,2025-12-12,25.88,27150,25.943038318999154,26.713643523990992,34849.65,0.7864526001658967
KCB,2025-12-13,26.04,35611,25.94684073786193,26.70694060335427,31178.15,0.8312750863768119
KCB,2025-12-14,26.87,14303,25.983043061867345,26.708563084912935,30358.3,0.9897452219614955
KCB,2025-12-15,27.47,32681,26.04135509865686,26.716139571630222,30144.05,1.1079806029364963
KCB,2025-12-16,27.87,13494,26.113066663415417,26.72762076992246,29196.25,1.3416131425175546
KCB,2025-12-17,27.69,27823,26.174907186418736,26.73719668265955,29184.9,1.4485823403256368
KCB,2025-12-18,27.79,31665,26.238244159500354,26.747672337558463,29212.35,1.576188719386381
KCB,2025-12-19,28.07,25992,26.31007772187289,26.760829826736988,29757.15,1.599411679268418
KCB,2025-12-20,28.59,27409,26.39948643866219,26.779030524978413,29303.9,1.641298107603241
KCB,2025-12-21,28.65,18223,26.487741872440147,26.79764713667017,25466.85,1.6965972732774
KCB,2025-12-22,28.08,26175,26.550183367638574,26.810406866653555,25145.55,1.6746933457196884
KCB,2025-12-23,28.11,28955,26.61135264733902,26.823338141612226,25509.85,1.6190339763215345
KCB,2025-12-24,29.18,22379,26.712083916070824,26.846787513337482,25815.15,1.5444874056313473
KCB,2025-12-25,29.56,21977,26.82376689975432,26.873784652508256,25980.3,1.575451662083113
KCB,2025-12-26,29.99,34310,26.947932903685526,26.904791770393746,26126.0,1.5489438088829832
KCB,2025-12-27,29.66,33751,27.05428847609002,26.932206777653512,26818.35,1.3688789830842132
KCB,2025-12-28,29.31,16615,27.14274775153747,26.95586641170671,26594.25,1.2408075179911244
KCB,2025-12-29,29.74,14088,27.244600780888945,26.983569233480775,25980.1,1.225217013744596
KCB,2025-12-30,30.07,31605,27.35540075026585,27.01427998737649,25720.1,1.2729034151873417
KCB,2025-12-31,30.63,32490,27.48381640711817,27.050257300934934,25834.8,1.3364211783468782
KCB,2026-01-01,31.05,14261,27.623666744093928,27.090055735751505,25190.35,1.4189171792386097
KCB,2026-01-02,31.42,15721,27.77254255805103,27.133139758281345,24195.85,1.5329802906197338
KCB,2026-01-03,31.67,17375,27.925384026362753,27.178282646258644,24349.45,1.680841625920944
KCB,2026-01-04,33.7,29006,28.151839554740683,27.243175356246123,24165.7,2.218906305436911
KCB,2026-01-05,33.74,29327,28.3709831016136,27.30782037757701,24957.35,2.4508610563600715
KCB,2026-01-06,33.48,30711,28.57133670547189,27.369235100188185,25101.75,2.4674635506175875
KCB,2026-01-07,34.18,29643,28.791284285649464,27.437003905161436,25000.65,2.6561503374968423
KCB,2026-01-08,33.64,27719,28.981429999937724,27.498725259338933,25087.0,2.696856228367297
KCB,2026-01-09,34.1,17829,29.182158235234283,27.564409585116657,24608.0,2.776597772870182
KCB,2026-01-10,32.7,17671,29.320112814244702,27.6155099872548,24580.4,2.617893756396576
KCB,2026-01-11,32.06,32154,29.42755937054883,27.659733768476148,24879.35,2.326126455228569
KCB,2026-01-12,31.07,26984,29.491968806997896,27.693666765804746,24780.8,2.1253764049309707
KCB,2026-01-13,32.02,25700,29.59110728515484,27.73671485768729,24946.85,1.886777734599427
KCB,2026-01-14,31.85,58410,29.679691313187988,27.777643068058563,26768.5,1.7307646153784386
KCB,2026-01-15,32.87,12945,29.804801457768853,27.828313286286836,25700.25,1.593360020160562
KCB,2026-01-16,33.75,21568,29.959515126091645,27.88723554214468,25091.1,1.5292487651504545
KCB,2026-01-17,32.89,27587,30.074436101539032,27.937014292969113,25639.7,1.4322822888470539
KCB,2026-01-18,32.42,29461,30.166418999517894,27.981621115924646,26408.35,1.4163952174756216
KCB,2026-01-19,33.07,48258,30.28028492110543,28.03225175158709,27241.0,1.373433973338646
KCB,2026-01-20,34.35,105060,30.439881590866,28.095114918237964,30869.5,1.481009874123954
KCB,2026-01-21,34.26,25369,30.589690155930082,28.156457058355002,31424.9,1.4930281659752789
KCB,2026-01-22,34.17,36981,30.730094463540667,28.216293306530577,32487.9,1.5505296861692806
KCB,2026-01-23,34.12,36801,30.86303193555868,28.275036656714352,33459.2,1.553071044842949
KCB,2026-01-24,34.45,20426,31.003697349850498,28.33647907804058,33030.2,1.6552323381950014
KCB,2026-01-25,33.98,61824,31.12041510083675,28.392633515075,34655.05,1.6258612679553126
KCB,2026-01-26,34.07,30870,31.23608509688237,28.449124723880228,34663.0,1.35759630221215
KCB,2026-01-27,33.67,35800,31.331532740141885,28.501073731602816,34970.85,1.2104074783873993
KCB,2026-01-28,34.59,32102,31.459315769940243,28.561660062631642,35190.0,1.0219470750365172
KCB,2026-01-29,35.14,24737,31.603656327981803,28.627116181411427,35535.4,1.0826187344470273
KCB,2026-01-30,35.4,22352,31.75253255041389,28.694508060203354,35769.45,1.229012602873472
KCB,2026-01-31,34.7,51540,31.868119509221188,28.7542641989078,36738.75,1.1469846397123644
KCB,2026-02-01,34.78,12988,31.982310901016437,28.814221769067924,36038.95,0.8834529689527761
KCB,2026-02-02,35.59,74142,32.12378890489815,28.88164244798267,38461.05,0.8329954718026806
KCB,2026-02-03,36.23,21462,32.28481679098057,28.954760433574883,36613.65,1.073193409132946
KCB,2026-02-04,35.49,26217,32.410510250157806,29.019787692942298,37277.25,1.1078439113286334
KCB,2026-02-05,35.26,23978,32.52225494623005,29.081879357689143,37397.75,1.0966578222584584
KCB,2026-02-06,34.34,24513,32.59353906598573,29.134198966070347,37244.05,1.0757247109953072
KCB,2026-02-07,33.56,28999,32.6314394947706,29.17823678730348,37220.95,1.1845231339846611
KCB,2026-02-08,34.33,17801,32.698049710661955,29.22949811280295,35698.1,1.15191056057327
KCB,2026-02-09,35.3,35091,32.80008697691051,29.28990111665566,32199.65,1.122831976901008
KCB,2026-02-10,34.9,35691,32.882436507227744,29.345722996091922,32715.75,0.9934237749838022
KCB,2026-02-11,35.2,25580,32.97332135008156,29.403974508568623,32145.7,0.9828538285785012
KCB,2026-02-12,36.03,31635,33.09319110105876,29.469905110473416,31887.4,1.063763598975478
KCB,2026-02-13,36.58,25699,33.22992870493881,29.540652323304528,32151.05,1.2191681657930866
KCB,2026-02-14,35.8,35495,33.33071581454905,29.60293438973931,30834.6,1.2265078743872069
KCB,2026-02-15,36.21,35511,33.443628919860856,29.668676336110064,31066.65,1.2665723408101286
KCB,2026-02-16,36.5,27096,33.56348660927808,29.736649705900014,30631.45,1.3471054132862963
KCB,2026-02-17,36.78,23041,33.689624389306395,29.806732793403498,30178.4,1.4211123951187634
KCB,2026-02-18,35.81,29376,33.77277637403948,29.866466795459186,30410.35,1.428498020091852
KCB,2026-02-19,36.02,20668,33.860902790743815,29.927695981574022,30326.15,1.441462169747417
KCB,2026-02-20,34.9,14887,33.901651700910726,29.97717164344891,28493.5,1.3778124084819299
KCB,2026-02-21,35.31,30368,33.95688104597305,30.030234612170812,29362.5,1.0842299262457065
KCB,2026-02-22,36.24,23988,34.04641512260156,30.09202332249747,26854.8,0.9285552407716844
KCB,2026-02-23,36.1,61974,34.12694786289169,30.151804184960184,28880.4,0.9050380964598546
KCB,2026-02-24,35.35,19943,34.1749106917979,30.203527526403366,28566.7,0.8356537382967826
KCB,2026-02-25,36.75,30093,34.27589458623719,30.268666555991395,28872.45,0.8366849814843518
KCB,2026-02-26,37.46,15026,34.400761465208284,30.3402221126482,28398.1,1.0149387601293451
KCB,2026-02-27,37.95,27531,34.53994729010208,30.415941295606924,28324.7,1.2431765409979438
KCB,2026-02-28,38.25,19210,34.68543955323533,30.49389212848646,28395.15,1.4655802305188195
KCB,2026-03-01,39.66,19516,34.88052035506924,30.58509718193436,27616.4,1.957387106760934
KCB,2026-03-02,40.18,13974,35.08834308624299,30.68056885176586,26530.55,2.4121700366503833
KCB,2026-03-03,39.79,15946,35.27272178874327,30.771209957718437,26048.85,2.6716499254534494
KCB,2026-03-04,40.2,32097,35.46594838526314,30.865028764109297,26071.95,2.869590563129096
KCB,2026-03-05,41.26,21674,35.693166095644976,30.96846131372015,25870.7,3.1735968604985967
KCB,2026-03-06,41.56,16414,35.92323801346282,31.073849758359753,24916.65,3.237552494376828
KCB,2026-03-07,40.76,22613,36.11291495411134,31.170229362754185,24271.75,3.103784401321964
KCB,2026-03-08,40.81,35210,36.297114367675604,31.266147478547676,24677.45,3.0217903687990075
KCB,2026-03-09,40.59,29232,36.46546282384519,31.358922130502428,24987.0,2.8026920192815403
KCB,2026-03-10,40.96,28462,36.641719183694406,31.45445524363176,24941.3,2.278416164746811
KCB,2026-03-11,39.29,27999,36.74557333335345,31.53242086309811,25307.85,1.9001181281957802
KCB,2026-03-12,39.46,28955,36.852021437927824,31.611302247544895,26011.25,1.5994190222673152
KCB,2026-03-13,39.08,143864,36.93939314624438,31.685617648066838,31686.05,1.393332484401062
KCB,2026-03-14,40.13,32918,37.06451498364655,31.7696413530612,32132.55,1.1333857790598645
KCB,2026-03-15,40.91,46366,37.2153183176212,31.8605901953193,31352.15,1.1283981644710879
KCB,2026-03-16,39.87,33189,37.31942348163605,31.940285815266375,32014.45,1.1434957607898508
KCB,2026-03-17,39.44,93264,37.402583345101306,32.01490983700502,35173.0,1.1803075125471034
KCB,2026-03-18,39.83,24098,37.497776155097334,32.0926719281791,35626.6,1.1954217265864429
KCB,2026-03-19,39.68,28072,37.58335356077979,32.16816772988876,35653.65,1.1381685331660782
KCB,2026-03-20,40.14,26293,37.6836142054551,32.24748944401922,36007.8,0.9674204541791275
KCB,2026-03-21,40.34,36818,37.787786197398034,32.32801193711356,36872.9,0.9293144850303519
KCB,2026-03-22,41.49,16310,37.93297105240203,32.41917599744079,36989.7,1.0581541698883306
KCB,2026-03-23,42.25,18476,38.10226630524901,32.51699514174486,37116.2,1.3608506248211938
KCB,2026-03-24,41.02,28717,38.21668723445493,32.60160215525983,36947.2,1.3668115319002745
KCB,2026-03-25,41.58,24684,38.348581852711604,32.690939447247295,37097.7,1.4079292720744676
KCB,2026-03-26,42.36,34926,38.50589236829155,32.787149004986134,38023.3,1.5548324173855987
KCB,2026-03-27,42.45,26038,38.66056325580953,32.8832967760808,38194.55,1.5788958880413937
KCB,2026-03-28,41.66,32436,38.77818822616994,32.9706271564183,38055.85,1.5821868993942143
KCB,2026-03-29,42.11,27127,38.90884751141817,33.061566189687774,37950.6,1.6511923763558123
KCB,2026-03-30,41.62,14609,39.01516721685276,33.14672473506402,37257.95,1.5888943647068206
KCB,2026-03-31,43.02,26654,39.17221948285854,33.24496627998876,37190.7,1.573780925382624
KCB,2026-04-01,42.75,18696,39.31252460117781,33.33954372993912,36677.75,1.504593926817023
KCB,2026-04-02,42.75,30619,39.44732755799437,33.433180110735755,31015.5,1.3163723879417804
KCB,2026-04-03,43.33,25893,39.599589222386754,33.53165593052943,30664.25,1.228185978059746
KCB,2026-04-04,41.92,22474,39.690585723469624,33.61512204067342,29469.65,0.9865280026432484
KCB,2026-04-05,40.91,21211,39.7384058911767,33.68770789101497,28870.75,1.0783417901958523
KCB,2026-04-06,40.34,25589,39.76199781701291,33.75389985229841,25487.0,1.2905557198096265
KCB,2026-04-07,41.03,138520,39.811723392816326,33.82629885874321,31208.1,1.2892642611831422
KCB,2026-04-08,42.06,35612,39.89989110290196,33.90822623328308,31585.1,1.2772877019785525
KCB,2026-04-09,41.53,27544,39.963816942003845,33.98406477822554,31647.65,1.282618801129263
KCB,2026-04-10,40.72,23141,39.99347117957232,34.05108900928797,30963.8,1.354396230189278
KCB,2026-04-11,41.15,18093,40.038825250961644,34.12172493954381,31052.95,1.3812464509424227
KCB,2026-04-12,40.72,33875,40.06553798621805,34.187379417757306,31822.9,1.43894922170195
KCB,2026-04-13,40.8,36087,40.09434041813107,34.25317663748112,32191.4,1.4840352343938352
KCB,2026-04-14,39.96,26197,40.08907216643966,34.30996094954599,32267.05,1.500260828970866
KCB,2026-04-15,40.15,33458,40.09146149324595,34.36807079084404,32193.65,1.4649221278479763
KCB,2026-04-16,40.61,35248,40.11179633664808,34.430179539193844,32654.15,1.3281459128926199
KCB,2026-04-17,41.11,36022,40.15094157834815,34.49664541442575,32833.45,0.9127076762014825
KCB,2026-04-18,42.1,29490,40.22737524194234,34.57230068393395,32951.6,0.9486683118632
KCB,2026-04-19,41.65,27177,40.28316444814068,34.642725552750534,33580.0,0.989820787974772
KCB,2026-04-20,41.15,35662,40.317157999193995,34.707474552225655,34030.4,0.9494935029199609
KCB,2026-04-21,41.51,14364,40.36393611687266,34.77516137260152,33813.8,0.9668343608488407
KCB,2026-04-22,42.37,27731,40.44260528876001,34.85073190620748,33669.4,1.0269412734524703
KCB,2026-04-23,40.69,30886,40.45230704214197,34.908834076294966,33919.05,1.0225837911337208
KCB,2026-04-24,40.7,35328,40.46202049146973,34.966457617824375,34561.75,1.0237292444457022
KCB,2026-04-25,41.02,30863,40.48390204082386,35.02669187038334,35044.35,1.0228104461680625
KCB,2026-04-26,40.94,30668,40.50178823530135,35.085530757245195,35298.3,1.0147213118184928
KCB,2026-04-27,39.33,30483,40.45583575548561,35.12776428204872,29896.45,1.2273300894017694
KCB,2026-04-28,38.21,24316,40.36776376507441,35.158433294167644,29331.65,1.6117709187427367
KCB,2026-04-29,39.49,28231,40.333341656640116,35.201533460394835,29366.0,1.6798395724027637
KCB,2026-04-30,39.53,13170,40.30183806226207,35.244602779196875,28867.45,1.7526562258906215
KCB,2026-05-01,40.36,31200,40.30411892256552,35.29550225403074,29522.8,1.7480741758218201
KCB,2026-05-02,41.33,25141,40.34434955305315,35.355547007721974,29086.1,1.6624133456717205
KCB,2026-05-03,41.49,34702,40.389277021560865,35.416586340978476,29016.85,1.6459355534628803
KCB,2026-05-04,42.61,91035,40.47636419718593,35.48816259629212,32258.75,1.827498740998461
KCB,2026-05-05,42.4,24862,40.551800895335504,35.55693709782155,31828.95,1.9291026283090185
KCB,2026-05-06,42.56,22485,40.63055380140078,35.62661931575368,31190.8,1.958041323408456
KCB,2026-05-07,43.82,15721,40.755630122914475,35.70814549171633,30175.75,2.3089039607569894
KCB,2026-05-08,44.53,16345,40.903644627898224,35.795925138564925,29518.5,2.7038297015426798
KCB,2026-05-09,43.75,15418,41.015266407196336,35.875070162061796,28930.55,2.878025808595952
KCB,2026-05-10,44.19,36112,41.13976576377687,35.95780578233978,28953.05,3.0664000620693113
KCB,2026-05-11,43.71,31418,41.2405592632366,36.03494204321203,29805.75,2.9856977758625467
KCB,2026-05-12,42.46,36418,41.28838046859987,36.09887296815519,30240.1,2.4987439976783206
KCB,2026-05-13,43.33,19250,41.368443979635174,36.170824480909864,29658.3,2.2080677807022173
KCB,2026-05-14,43.59,16003,41.455563823571055,36.24464712289086,28692.05,1.8009190648170146
KCB,2026-05-15,42.93,15494,41.51338485009768,36.31116804704121,27923.6,1.4405047192401945
KCB,2026-05-16,43.57,14534,41.59403642460366,36.38339523065274,27116.9,1.2441030132958224
KCB,2026-05-17,43.68,29138,41.67583891775646,36.45599826318355,27049.65,1.0073240718426915
KCB,2026-05-18,43.01,33076,41.72815896019738,36.52121221081357,27487.65,0.9673054366081921
KCB,2026-05-19,43.24,17864,41.787446844111216,36.588065820656226,26969.3,0.8716446656042731
KCB,2026-05-20,44.33,24350,41.88715481100881,36.66509999159497,27528.3,0.8455214919835367
KCB,2026-05-21,45.56,51444,42.031187955675136,36.7536064593403,28540.5,1.1598183355284801
KCB,2026-05-22,46.42,22346,42.20329823192317,36.849789479645366,28400.75,1.567972942480559
KCB,2026-05-23,46.83,21174,42.38473751694579,36.94909505696233,27724.35,1.971401471982755
KCB,2026-05-24,48.04,25657,42.60651251628125,37.05945232007713,24455.45,2.5378946669747493
KCB,2026-05-25,49.19,33695,42.86468849603493,37.18015428704153,24897.1,3.1749475205491695
KCB,2026-05-26,49.52,25621,43.12568110403357,37.30293882149883,25053.9,3.542643360263857
KCB,2026-05-27,48.73,64294,43.3454583156401,37.41664092277745,27482.55,3.6989919921840064
KCB,2026-05-28,49.63,34685,43.59191093071304,37.538166883744836,28399.55,3.9124631796181584
KCB,2026-05-29,48.75,21504,43.79418893343018,37.649727412264795,28703.85,3.8037382566725686
KCB,2026-05-30,47.43,33471,43.93676975957017,37.74704355741639,28571.8,3.6049677263038147
KCB,2026-05-31,47.25,40776,44.06670035723408,37.84160033793961,29039.7,3.355983605671859
KCB,2026-06-01,46.52,37086,44.162908186362166,37.927952573383,29073.1,2.8984249227756282
KCB,2026-06-02,46.02,19092,44.23573531630875,38.00847045822496,29065.2,2.405868169362477
KCB,2026-06-03,45.59,23848,44.288843735277034,38.08390856311825,29457.45,2.1644962360890982
KCB,2026-06-04,46.32,18134,44.36849692212891,38.16585972169419,29589.45,2.063609342022721
KCB,2026-06-05,46.27,19331,44.44306567028072,38.246497933418624,29829.3,2.0791285222630753
KCB,2026-06-06,46.22,14971,44.5127493694854,38.32583626243933,29120.95,2.130842582146796
KCB,2026-06-07,47.46,17585,44.62832782558401,38.4167234638081,28346.4,2.119675099507572
KCB,2026-06-08,47.07,23597,44.72407967556111,38.50282571789956,28633.05,1.9924595491364259
KCB,2026-06-09,46.93,14284,44.81058635495087,38.586678198318474,28129.75,1.75920705945088
KCB,2026-06-10,47.57,24623,44.91879865475672,38.676064484902376,26788.7,1.636831442247334
KCB,2026-06-11,47.28,27160,45.01139478594273,38.761675783560065,27029.4,1.2195103503067424
KCB,2026-06-12,47.88,22771,45.12388910806262,38.8524053777535,27109.25,1.0263704989421059
KCB,2026-06-13,47.38,32905,45.212364045001344,38.93725706553705,27471.65,1.0216107191774308
KCB,2026-06-14,46.47,25076,45.26168310206011,39.01220973155161,27040.7,1.0152669762022135
KCB,2026-06-15,47.25,14614,45.33965631374403,39.09417779392423,26490.35,1.0245138890180918
KCB,2026-06-16,47.34,26671,45.418101164185444,39.17622577607425,24609.2,0.9780655526469157
KCB,2026-06-17,46.49,22878,45.46013641264876,39.24899964894913,24018.85,0.8179894441672463
KCB,2026-06-18,45.69,15188,45.469150670976255,39.313089204680985,23703.05,0.9381344007368844
KCB,2026-06-19,45.55,20946,45.47232123289876,39.37514801856476,23076.8,1.0643718159727595
KCB,2026-06-20,44.85,15101,45.44791647866743,39.42962415768352,21793.05,1.325266560373314
KCB,2026-06-21,45.07,24489,45.43309622460204,39.485747300393136,21163.2,1.4590803215090982
KCB,2026-06-22,45.3,26591,45.427876764813725,39.54360056108574,21538.15,1.5371507912188473
KCB,2026-06-23,46.4,31866,45.46599924462495,39.61182344107494,21939.05,1.52634987995663
KCB,2026-06-24,47.44,66939,45.54341103895339,39.68971574514385,24379.3,1.5108829108601796
KCB,2026-06-25,48.14,16392,45.64523805703365,39.77379817554043,24232.35,1.6268996082009834
KCB,2026-06-26,47.52,33820,45.71875813322841,39.85087481060968,25174.8,1.580470483922152
KCB,2026-06-27,49.0,33158,45.847434284866516,39.941910882145905,25953.45,1.848661269408405
KCB,2026-06-28,48.69,35530,45.95890745016587,40.028956545010125,26550.1,2.0257529125332927
KCB,2026-06-29,48.19,34420,46.04640127564956,40.110160957497584,27556.9,2.098339512278932
KCB,2026-06-30,47.45,33075,46.101444362878986,40.18319418180109,27979.5,2.1033916880615395
KCB,2026-07-01,46.25,18444,46.10727007413863,40.24356040884785,27543.7,2.112512565799104
KCB,2026-07-02,47.16,18209,46.148553600643005,40.312380703287175,27315.6,2.0573818113277436
KCB,2026-07-03,47.95,28020,46.21919855748054,40.38837691519477,27071.35,2.003164015109207
KCB,2026-07-04,48.69,37223,46.31609273169698,40.47098012996895,27678.7,1.8414059741236946
KCB,2026-07-05,47.26,16634,46.35310870300298,40.53853256648667,27779.7,1.553772969117583
KCB,2026-07-06,48.31,26694,46.42984953817934,40.61586060065099,27780.85,1.2431094145261827
KCB,2026-07-07,48.72,32502,46.51965936021153,40.69649880362959,28262.05,1.152850325769374
KCB,2026-07-08,49.22,30711,46.62555507157578,40.7813097608074,29038.2,1.2439286069228839
KCB,2026-07-09,49.6,18470,46.74219997072967,40.869057922391406,28914.4,1.3931390458598054
KCB,2026-07-10,48.09,35916,46.79505487383831,40.94090809231786,29955.15,1.367485660973203
KCB,2026-07-11,47.09,15935,46.80662134937406,41.00209308642415,29527.45,1.3845599233398724
KCB,2026-07-12,48.54,23362,46.874596982731944,41.07709713531546,29366.0,1.373783177863395
KCB,2026-07-13,51.29,33255,47.04775004223265,41.178718059342174,29435.45,1.8962520871504092
KCB,2026-07-14,50.9,16748,47.19881866802744,41.27544723288106,26925.9,2.131443849744998
KCB,2026-07-15,50.24,23138,47.31808068104598,41.36464676290215,27263.2,1.9967820265464535
KCB,2026-07-16,48.88,12469,47.379332419044175,41.439426397102125,26195.65,1.868721135247104
KCB,2026-07-17,50.18,23501,47.489162520258134,41.526397278723,25712.8,1.8836356081780286
KCB,2026-07-18,50.4,26847,47.60331300965978,41.61469183316357,25278.65,1.9472618137860211
KCB,2026-07-19,49.88,23455,47.69259485241822,41.6969337054704,24730.4,1.7722266679626755
KCB,2026-07-20,51.34,13970,47.83563034840182,41.79288461387368,23775.15,1.8688299580456005
KCB,2026-07-21,52.53,33602,48.01972327591548,41.89972158288987,24533.05,2.160488726761251
KCB,2026-07-22,54.53,28290,48.27502824548743,42.025395995000416,25037.1,2.8292185511004924
KEGN,2025-11-13,57.95,206009,57.95,57.95,206009.0,0.27577164466275894
KEGN,2025-11-14,57.69,293617,57.93980392156863,57.94741293532339,249813.0,0.27577164466275894
KEGN,2025-11-15,56.56,116295,57.885693963860064,57.93360783148933,205307.0,1.1084786872105363
KEGN,2025-11-16,58.23,635044,57.899196161355746,57.93655700729541,312741.25,1.0984790621582154
KEGN,2025-11-17,55.71,201900,57.81334533149866,57.914402211202926,290573.0,1.5890940815445749
KEGN,2025-11-18,53.35,240162,57.63831218124381,57.86898527377802,282171.1666666667,2.7676266908671048
KEGN,2025-11-19,52.64,117269,57.44229993884209,57.81695556956133,258613.7142857143,3.37299305407781
KEGN,2025-11-20,52.49,192942,57.248092098103186,57.76395103653088,250404.75,3.6405462207908172
KEGN,2025-11-21,51.21,277119,57.011304172687375,57.698737593381324,253373.0,4.045447286765707
KEGN,2025-11-22,52.03,316338,56.81595891101336,57.642332244193454,259669.5,4.0813122889580535
KEGN,2025-11-23,51.68,239784,56.614548757640286,57.58300555519651,257861.72727272726,4.118822316236438
KEGN,2025-11-24,51.64,216928,56.419468414203415,57.52387117156272,254450.58333333334,4.118255643528528
KEGN,2025-11-25,53.3,307223,56.297136319528775,57.48184260269145,258510.0,3.9633151915653055
KEGN,2025-11-26,53.85,113576,56.201170189351174,57.445704865351246,248157.57142857142,3.8102798525758024
KEGN,2025-11-27,54.0,193292,56.114849789768776,57.41141924480049,244499.86666666667,3.442741767707956
KEGN,2025-11-28,51.25,194866,55.92407136664059,57.35011159062338,241397.75,3.1676577300121185
KEGN,2025-11-29,50.91,302987,55.727441116968414,57.286030878278865,245020.64705882352,3.005282642903375
KEGN,2025-11-30,49.67,228799,55.48989440649906,57.21024947650495,244119.44444444444,2.3178273800557916
KEGN,2025-12-01,50.62,306163,55.298918155263806,57.14467485484819,247384.8947368421,1.928865179093893
KEGN,2025-12-02,49.55,278812,55.073470384469154,57.06910595081985,248956.25,2.0798071550501613
KEGN,2025-12-03,49.64,302421,54.86039311448997,56.9951844985729,253776.85,2.2074907439478495
KEGN,2025-12-04,50.45,277164,54.68743652176487,56.93005828465675,252954.2,2.210230956058875
KEGN,2025-12-05,52.2,254500,54.58988999149958,56.882993028093004,259864.45,2.22993941794219
KEGN,2025-12-06,52.36,223526,54.50244332516627,56.83798812234084,239288.55,2.2477516238760473
KEGN,2025-12-07,52.91,124299,54.43999456731662,56.79890366341208,235408.5,2.317006909028015
KEGN,2025-12-08,51.75,181011,54.334504584284595,56.74866581601494,232450.95,2.3177844432290864
KEGN,2025-12-09,52.01,255918,54.24334754176363,56.701514912373,239383.4,2.209608046640912
KEGN,2025-12-10,49.89,291077,54.07262803032192,56.6337386445882,244290.15,2.0488929267472176
KEGN,2025-12-11,49.95,173888,53.91095634285832,56.567233782452995,239128.6,1.7174836243761005
KEGN,2025-12-12,50.36,168440,53.77170315294231,56.505470262229586,231733.7,1.72671594061111
KEGN,2025-12-13,50.06,300056,53.62614616655242,56.44133622976959,234747.3,1.7572097950262902
KEGN,2025-12-14,48.23,237695,53.4145325913935,56.35963139166243,235785.65,1.9980335112524998
KEGN,2025-12-15,49.56,235512,53.263374450554544,56.2919733678648,232200.1,2.051045565580637
KEGN,2025-12-16,49.83,160329,53.12873231523868,56.227675125398484,234537.75,2.0283043857662895
KEGN,2025-12-17,50.81,418594,53.037801636209714,56.17376791022039,245802.85,1.9804235935501753
KEGN,2025-12-18,50.6,317569,52.94220157204463,56.11830753300427,251938.0,1.9775234261820973
KEGN,2025-12-19,50.37,246829,52.84133092216053,56.06111044312363,249130.1,1.8791489261932577
KEGN,2025-12-20,49.05,186478,52.69265127815424,55.99134815015723,247014.05,1.81636516636455
KEGN,2025-12-21,48.98,273106,52.547057110383484,55.92158349194671,245361.2,1.5314880449641952
KEGN,2025-12-22,47.16,131066,52.33579996879982,55.83440355670347,237973.9,1.7650718318042242
KEGN,2025-12-23,47.37,141091,52.1410627151214,55.750180635741245,229907.4,1.7282899825366225
KEGN,2025-12-24,48.98,152775,52.01709947139115,55.68281565429109,223687.95,1.7261731557802773
KEGN,2025-12-25,48.42,236623,51.876036747022866,55.610548831860335,222794.1,1.7474640966929627
KEGN,2025-12-26,49.23,174981,51.772270600080795,55.54706078378213,220366.85,1.6830000440736281
KEGN,2025-12-27,50.73,268892,51.731397243214886,55.49912983070967,227596.5,1.762547170283028
KEGN,2025-12-28,50.31,176000,51.67565617485352,55.4474966980658,227345.95,1.754064980564897
KEGN,2025-12-29,48.96,142092,51.569159854271035,55.382944492114895,221654.65,1.7602281944973708
KEGN,2025-12-30,49.76,199584,51.49821240900551,55.326994795675944,217080.0,1.7570961699775083
KEGN,2025-12-31,49.61,200342,51.42416486355432,55.27010927532096,218402.7,1.6453905394989687
KEGN,2026-01-01,47.27,312628,51.26125643753258,55.19050619795458,225612.1,1.7134147512760312
KEGN,2026-01-02,47.46,315249,51.11218755762934,55.11358573827345,226371.75,1.712049451440007
KEGN,2026-01-03,47.05,196181,50.952886084781134,55.033351054310536,224296.05,1.8453574432631763
KEGN,2026-01-04,47.5,224734,50.817478787338736,54.95839233735222,223757.15,1.8961181064550257
KEGN,2026-01-05,46.0,221149,50.62855805058036,54.86925410513977,226798.15,2.0911275482564764
KEGN,2026-01-06,46.86,162268,50.480771460361524,54.78956003444186,213981.85,2.1470191449522353
KEGN,2026-01-07,45.92,267263,50.30191767760225,54.70130570574095,211466.55,2.353945133665592
KEGN,2026-01-08,45.59,268487,50.11713659220608,54.61064594747487,212549.45,2.575321195160324
KEGN,2026-01-09,44.96,305082,49.914895941531334,54.5146196196393,218479.65,2.7876381353444426
KEGN,2026-01-10,45.54,277568,49.74333139480462,54.42531992193145,218702.75,2.5844785273323625
KEGN,2026-01-11,44.34,166806,49.531436045988755,54.324968479922184,220489.75,2.504863291656941
KEGN,2026-01-12,44.27,150700,49.325105220655864,54.224919042311015,220970.2,2.547667242620442
KEGN,2026-01-13,43.03,235989,49.078238349257596,54.11352681303429,225130.9,2.5225605123489028
KEGN,2026-01-14,45.38,239960,48.933209394384754,54.0266260487255,225297.75,2.024723729628103
KEGN,2026-01-15,44.95,125010,48.777005104408886,53.9363113616735,222799.2,1.9448112496342078
KEGN,2026-01-16,43.11,228552,48.55476961011834,53.82858687051258,220782.2,2.0176907156886896
KEGN,2026-01-17,42.57,313098,48.320072762662726,53.716561130507486,227637.1,2.1485019058779056
KEGN,2026-01-18,41.74,151541,48.0620306935387,53.597391368014875,228109.55,2.2285438502098835
KEGN,2026-01-19,42.58,163470,47.84704909771366,53.48776558325851,226303.85,2.2752940879837533
KEGN,2026-01-20,43.58,264551,47.679713838979794,53.389180851086785,229514.3,2.0127867347439237
KEGN,2026-01-21,42.99,240860,47.49580349235314,53.28570641475756,225925.9,1.8965014420719304
KEGN,2026-01-22,42.07,218168,47.28302688480988,53.174107345954006,221071.85,1.8792133978093648
KEGN,2026-01-23,42.46,248285,47.093888575601646,53.067499312660935,223677.05,1.8446873897587133
KEGN,2026-01-24,42.79,203797,46.92510863146041,52.965235637908094,222630.2,1.6278305862660263
KEGN,2026-01-25,41.84,176040,46.72569260669726,52.85453677583936,220374.75,1.6532635058516902
KEGN,2026-01-26,41.18,205961,46.508214465258156,52.738372230806135,222559.4,1.7358831317959125
KEGN,2026-01-27,41.2,113435,46.30004919211078,52.62356255686777,214868.0,1.8585544719688962
KEGN,2026-01-28,41.22,136911,46.10083157673389,52.510094272719826,208289.2,1.5627253244128811
KEGN,2026-01-29,40.72,177251,45.88981857372472,52.39277990184699,201897.65,1.2865016133296723
KEGN,2026-01-30,41.01,129395,45.69845313946101,52.27951841028633,194489.0,1.2897263637716199
KEGN,2026-01-31,42.25,577826,45.56321968301156,52.17972220719891,215040.0,1.2713446308262148
KEGN,2026-02-01,42.99,131223,45.46230910720719,52.08828218523673,214066.15,1.3290480357457524
KEGN,2026-02-02,44.24,236995,45.414375416728475,52.010189825184625,214116.45,1.5831586176982246
KEGN,2026-02-03,43.41,298022,45.335772459209714,51.924615797073336,217019.55,1.5584400220087866
KEGN,2026-02-04,44.0,213707,45.283389225515215,51.845763898594996,221454.4,1.6969426288814895
KEGN,2026-02-05,43.9,136113,45.229138667651874,51.7667015712458,216832.45,1.8191308228245622
KEGN,2026-02-06,45.03,252684,45.22132930813611,51.69966971481549,213811.75,2.109241048860632
KEGN,2026-02-07,45.73,243302,45.24127717840529,51.64027001616061,218399.8,2.4650514338304266
KEGN,2026-02-08,43.79,278411,45.184364347879594,51.56215787669633,224146.85,2.462262678919708
KEGN,2026-02-09,43.33,168016,45.111644177374515,51.48024585802274,219320.1,2.3498598274773856
KEGN,2026-02-10,42.81,158432,45.021383621399046,51.39397475495784,215198.7,2.2141889158212953
KEGN,2026-02-11,43.14,116065,44.94760387154027,51.31184565291846,210093.55,2.0485887999863173
KEGN,2026-02-12,42.94,181650,44.868874307950456,51.22854370612325,206761.8,1.7314491247014332
KEGN,2026-02-13,42.3,171602,44.768134139011224,51.13970247521655,205152.05,1.472139618020598
KEGN,2026-02-14,41.86,232103,44.65408966297157,51.047367127204446,207955.2,1.5390524860919577
KEGN,2026-02-15,42.54,287158,44.5711841859923,50.96271670802828,212015.05,1.576673365380314
KEGN,2026-02-16,43.98,301318,44.54800049242398,50.8932369397892,221409.2,1.5589393055031184
KEGN,2026-02-17,43.92,146628,44.523373022132844,50.82385149760224,221895.05,1.568193692132684
KEGN,2026-02-18,44.24,173336,44.512260354598226,50.7583405374271,221699.3,1.5838007648180197
KEGN,2026-02-19,44.94,182146,44.529034458339474,50.70044660173131,224336.85,1.6772415295217384
KEGN,2026-02-20,46.24,274242,44.59613114624773,50.656064048480246,209157.65,1.9086391216529282
KEGN,2026-02-21,46.71,223587,44.679027964041936,50.6167997295899,213775.85,2.118221185101251
KEGN,2026-02-22,47.18,277227,44.77710529878539,50.58260271735518,215787.45,2.5220284712688796
KEGN,2026-02-23,47.51,246123,44.88427764000949,50.55202955598846,213192.5,2.86108680745288
KEGN,2026-02-24,46.8,126416,44.959404007067945,50.51469592856569,208827.95,2.9454429320451494
KEGN,2026-02-25,47.04,160579,45.04099600679077,50.48012183972424,210051.25,3.0263412247781707
KEGN,2026-02-26,47.72,225237,45.146054986916624,50.45265794082152,208678.9,3.104035126401545
KEGN,2026-02-27,49.07,236734,45.299935183508126,50.43890015036558,208350.5,3.1898067606565457
KEGN,2026-02-28,49.75,288862,45.474447529252906,50.432045422501254,208873.05,3.1147700248481893
KEGN,2026-03-01,49.61,253860,45.636626057517496,50.423865866058456,213165.25,2.9378725622988027
KEGN,2026-03-02,49.89,300292,45.803425035654065,50.418553767888724,220258.25,2.9235376733459293
KEGN,2026-03-03,51.95,214689,46.04446719111861,50.43379203885501,225189.45,3.1350715723467357
KEGN,2026-03-04,52.86,143067,46.31174298754534,50.457933411602724,223260.3,3.356364484817671
KEGN,2026-03-05,53.81,110065,46.605792282151405,50.49128730800469,220183.45,3.6549318629869445
KEGN,2026-03-06,50.2,107514,46.74674160441998,50.48838892683051,213954.0,3.4758816574652798
KEGN,2026-03-07,50.95,146040,46.91157526699175,50.492982071837176,206898.1,3.3436762521394243
KEGN,2026-03-08,52.2,268817,47.11896447220776,50.509967324853726,205273.05,3.321515773403352
KEGN,2026-03-09,51.63,268071,47.295867826238826,50.52111192858653,211345.2,3.2053967198879367
KEGN,2026-03-10,53.1,193397,47.52348085266084,50.54677250641154,212348.25,3.022048919248304
KEGN,2026-03-11,52.53,194054,47.71981493687022,50.566506113312926,212943.65,2.650288938218641
KEGN,2026-03-12,52.62,114184,47.91197905699296,50.58693888830484,204940.75,2.272780556068723
KEGN,2026-03-13,53.55,177271,48.133077917503044,50.61642208344609,202624.95,2.1713361524216492
KEGN,2026-03-14,53.61,319809,48.34785917564018,50.646208928386926,204754.05,2.103011086957976
KEGN,2026-03-15,52.91,1186908,48.52676665894841,50.668734212681585,251793.3,1.8442088225899722
KEGN,2026-03-16,52.81,258831,48.69473659389161,50.69004033991859,258414.05,1.5374081318037376
KEGN,2026-03-17,51.74,212650,48.81415868824881,50.7004876997204,261017.6,1.5521888125772927
KEGN,2026-03-18,52.39,145419,48.95438775929788,50.71729876738487,257026.7,1.542933777858642
KEGN,2026-03-19,53.9,264831,49.14833333736463,50.748967436366115,258431.55,1.5572000443173561
KEGN,2026-03-20,54.38,312677,49.353496735899355,50.78509711361621,259622.3,1.4120536832555615
KEGN,2026-03-21,54.52,293469,49.55610470704056,50.82226032641605,261602.75,1.3541369762876436
KEGN,2026-03-22,53.83,242669,49.723708444019366,50.85218808436216,258721.6,1.3467506683263069
KEGN,2026-03-23,52.39,108762,49.82826889719508,50.867489695463036,253425.25,1.2319041813744704
KEGN,2026-03-24,53.06,267043,49.95500345024625,50.88930571839375,259624.05,1.2323617101384545
KEGN,2026-03-25,53.53,108303,50.09519939337385,50.91558128338486,259535.95,1.2088642385531723
KEGN,2026-03-26,54.1,135460,50.25225039755527,50.94726704175915,260933.25,1.2248027425841899
KEGN,2026-03-27,53.34,202506,50.37333861725899,50.97107532990085,263756.55,1.2213747096279162
KEGN,2026-03-28,52.27,188520,50.447717495013535,50.983999953483924,259741.7,1.2832822464975562
KEGN,2026-03-29,50.75,231106,50.45957171089536,50.981671595737815,257893.45,1.6227239766502464
KEGN,2026-03-30,51.4,266292,50.496451251644565,50.98583406742202,261538.2,1.7551908884634275
KEGN,2026-03-31,52.5,232174,50.57502179079576,51.00090039510936,263444.2,1.6880649237553547
KEGN,2026-04-01,54.11,227648,50.713648387235146,51.03183670958588,269117.4,1.7165447341027316
KEGN,2026-04-02,52.7,187871,50.791544528912205,51.048435349291495,269647.4,1.692874043593473
KEGN,2026-04-03,52.5,317717,50.85854278268036,51.06287877865178,269542.8,1.6052087262860977
KEGN,2026-04-04,50.59,700996,50.848011693163485,51.05817351717266,245247.2,1.701163184799933
KEGN,2026-04-05,50.0,255432,50.81475633264727,51.047644427449555,245077.25,1.9194294310183169
KEGN,2026-04-06,49.46,292639,50.76162863332777,51.03184697046001,249076.7,2.2467726854312504
KEGN,2026-04-07,47.68,160219,50.640780451628636,50.998495259311156,249816.7,2.834254873297941
KEGN,2026-04-08,46.58,226345,50.48153415940791,50.954530132352836,247892.4,3.404045347123722
KEGN,2026-04-09,44.85,231904,50.26068968256838,50.8937885389961,243853.75,4.040165868779733
KEGN,2026-04-10,43.77,186784,50.00615283227159,50.82290507094639,238519.5,4.6950239616001905
KEGN,2026-04-11,43.06,226256,49.733754681986426,50.74566223441957,237698.85,5.314835407807833
KEGN,2026-04-12,43.16,211613,49.47596038073206,50.67018300820644,242841.4,5.8008109512642845
KEGN,2026-04-13,43.3,239355,49.23376585599747,50.59684785389593,241457.0,6.06099341764955
KEGN,2026-04-14,43.72,168723,49.01753974399757,50.528421507091,244478.0,5.994908554050558
KEGN,2026-04-15,44.77,191194,48.85096955795845,50.471123780652285,247264.7,5.357158351625943
KEGN,2026-04-16,44.32,188411,48.67328447725419,50.4099185689045,246559.95,4.802648994319421
KEGN,2026-04-17,44.74,173963,48.5190380271658,50.3535014687164,245832.1,4.000586220779414
KEGN,2026-04-18,44.41,281750,48.35789928100244,50.294362150619726,248364.3,3.4223495399544435
KEGN,2026-04-19,44.0,208048,48.18700126998274,50.23173168145934,245452.1,2.7713315520573523
KEGN,2026-04-20,43.08,167512,47.98672671037557,50.160570172191086,242219.0,2.0070948334171295
KEGN,2026-04-21,42.34,159707,47.765286447223595,50.08275355356233,238821.95,1.589721621908979
KEGN,2026-04-22,42.28,295142,47.55017717478346,50.00511421472091,244185.5,1.291984162798899
KEGN,2026-04-23,43.38,150439,47.38664081498803,49.93919268024608,235821.6,1.196385180449883
KEGN,2026-04-24,44.26,276456,47.26402744969438,49.88268330034314,214594.6,1.224584701973607
KEGN,2026-04-25,44.15,155346,47.14190872617696,49.825641675464105,209590.3,1.2146962379745565
KEGN,2026-04-26,45.16,212940,47.064186815346496,49.77921738018586,205605.35,1.3187336270532262
KEGN,2026-04-27,46.74,281074,47.05147360690154,49.74897641122879,211648.1,1.7277480499702182
KEGN,2026-04-28,45.79,252552,47.00200405368972,49.70958361111706,212958.45,1.8450020101838582
KEGN,2026-04-29,45.69,174899,46.950552914329336,49.66958775429003,210108.2,1.92548195764874
KEGN,2026-04-30,45.64,385497,46.899158682394855,49.62949235374983,220043.85,1.9980186614315247
KEGN,2026-05-01,46.06,141234,46.86625049877153,49.59397501689661,215792.75,2.1036878920725846
KEGN,2026-05-02,45.58,140897,46.81580930274127,49.55403496697724,212256.95,2.147005613498867
KEGN,2026-05-03,44.56,268218,46.727346192829856,49.504343076758566,213700.1,2.132413409859704
KEGN,2026-05-04,44.53,287931,46.641175753895354,49.45484712574604,219660.5,2.027572846620234
KEGN,2026-05-05,43.9,136511,46.5336786655073,49.3995750150421,216926.35,1.7927298234202076
KEGN,2026-05-06,43.1,624384,46.39902460019329,49.33689267658397,238725.0,1.6112446557426856
KEGN,2026-05-07,43.15,125098,46.27161187077395,49.27533155542393,236281.75,1.6508438152041611
KEGN,2026-05-08,42.93,186455,46.1405682679985,49.21219392800678,231517.0,1.8151260059793222
KEGN,2026-05-09,42.31,119832,45.99034990454758,49.14351538145946,227106.2,2.0598028818525185
KEGN,2026-05-10,42.29,195200,45.84523814358493,49.07532119855937,228490.6,2.250055219102638
KEGN,2026-05-11,41.57,167155,45.67758174579729,49.00064138563839,228863.0,2.2926862933163075
KEGN,2026-05-12,41.59,215114,45.517284422432695,48.92690366040816,224861.6,2.3671198941765974
KEGN,2026-05-13,41.96,253494,45.377783072533376,48.85758123592649,230014.35,2.3176086873052073
KEGN,2026-05-14,41.47,232488,45.224536677532065,48.78407296492225,227815.95,2.257094310230472
KEGN,2026-05-15,41.98,197023,45.09729994507983,48.71637074636582,229899.8,1.9366891426258575
KEGN,2026-05-16,41.59,214023,44.95975877076298,48.64546158471044,229953.95,1.6246320377986503
KEGN,2026-05-17,42.58,219931,44.86643489739973,48.58510873312128,226896.8,1.3971708560870189
KEGN,2026-05-18,41.8,152446,44.746182548482096,48.51759521338874,221891.5,1.108218796582574
KEGN,2026-05-19,42.08,228274,44.64162637011025,48.45353953962368,224560.25,0.8679855419872651
KEGN,2026-05-20,41.85,253102,44.53215082618436,48.387832678532895,217940.5,0.7763563989829545
KEGN,2026-05-21,40.59,183587,44.37755667613792,48.310242303622125,220058.15,0.8424373488949836
KEGN,2026-05-22,40.61,252485,44.22980935550506,48.23362297721793,225637.55,0.8642837503383505
KEGN,2026-05-23,40.21,156266,44.072169772936235,48.1537859326685,220039.95,1.0181930908868373
KEGN,2026-05-24,39.01,195762,43.87365331125246,48.06280298806484,215431.5,1.40131281657242
KEGN,2026-05-25,39.02,186913,43.683313965713154,47.972824848880116,217951.6,1.677468166776785
KEGN,2026-05-26,39.3,318812,43.51141930039107,47.88652808421464,202673.0,1.8224998304164948
KEGN,2026-05-27,39.03,205720,43.3356773670424,47.798403426660265,206704.1,1.931626883635254
KEGN,2026-05-28,38.59,259865,43.14957237225643,47.70677752191738,210374.6,2.0953700924122813
KEGN,2026-05-29,37.78,207276,42.93900090667775,47.60800361622667,214746.8,2.280932429348311
KEGN,2026-05-30,38.9,198986,42.78060871425901,47.52135681407516,214936.1,2.2701909986452056
KEGN,2026-05-31,38.74,110567,42.62215347056257,47.433980129358,212106.7,2.0548372639502945
KEGN,2026-06-01,38.83,255823,42.4734415697562,47.348368386777324,214142.15,1.8991080902522641
KEGN,2026-06-02,38.8,205286,42.3293850376089,47.2633099948691,211731.75,1.5909871495050436
KEGN,2026-06-03,39.46,140413,42.21686013417326,47.185665119298264,207128.0,1.1841708394159847
KEGN,2026-06-04,39.7,119740,42.1181597367547,47.1111808892555,203263.85,1.0501789486444237
KEGN,2026-06-05,39.82,240643,42.02803582550942,47.038631825680824,204594.85,0.8953098947807934
KEGN,2026-06-06,39.4,262117,41.92497559705807,46.96262553885813,206704.15,0.7691500232346402
KEGN,2026-06-07,40.33,194656,41.86242753442834,46.89662926483964,208814.65,0.929401615361976
KEGN,2026-06-08,40.83,219910,41.821940180137034,46.836264794542736,208396.45,1.1518483116136073
KEGN,2026-06-09,43.46,192940,41.88617782013166,46.80267011997017,205388.35,2.0442561249500226
KEGN,2026-06-10,44.04,254514,41.970641435028455,46.775180865045094,208934.7,2.7045968194989856
KEGN,2026-06-11,43.76,290391,42.04081235914499,46.745179065392904,210830.0,3.042357227545783
KEGN,2026-06-12,44.67,113220,42.14391775682557,46.72453051747855,208677.7,3.306781992036548
KEGN,2026-06-13,43.99,167771,42.21631313891085,46.697321258598166,207278.15,3.436400273638011
KEGN,2026-06-14,45.38,262774,42.34037929032611,46.68421358438326,211071.2,3.660561511151415
KEGN,2026-06-15,45.4,231187,42.46036441619568,46.67143533976253,206689.95,3.7451216620740526
KEGN,2026-06-16,46.08,248555,42.6023109096782,46.66555041100868,208831.7,3.780520633951931
KEGN,2026-06-17,45.78,153599,42.7269261681222,46.65673896413297,203518.4,3.7222033531495637
KEGN,2026-06-18,45.9,268830,42.85136043603897,46.64920922319633,206596.1,3.5850017242167995
KEGN,2026-06-19,46.52,218028,42.99522865423353,46.64792355928393,207548.2,3.3997702734284845
KEGN,2026-06-20,47.11,239108,43.156592236420444,46.65252133481345,213975.25,2.9871311211871703
KEGN,2026-06-21,45.84,136609,43.26182391342356,46.644436545412326,208014.55,2.4113734629920076
KEGN,2026-06-22,47.09,741180,43.41194846583832,46.648870012622154,234809.25,1.8079234946859508
KEGN,2026-06-23,46.64,167705,43.538538722079956,46.6487817537901,236173.85,1.6744866361083925
KEGN,2026-06-24,47.56,482487,43.69624308591996,46.65784860201109,254311.2,1.7064074465456618
KEGN,2026-06-25,47.58,254092,43.848547278628985,46.66702423781198,254983.65,1.584427826838969
KEGN,2026-06-26,47.8,120005,44.00350620887883,46.67829762848052,247878.05,1.5889394918596926
KEGN,2026-06-27,49.15,237242,44.205329494805156,46.70289168192848,250007.35,1.6179814194317945
KEGN,2026-06-28,49.29,318251,44.40472833814613,46.72863405325257,254924.4,1.8125701199017386
KEGN,2026-06-29,49.69,110910,44.611993893512945,46.75810038108091,250822.9,1.9735224337978685
KEGN,2026-06-30,48.49,241881,44.76407256435557,46.77533321310996,250191.25,1.9546364997497645
KEGN,2026-07-01,47.74,119901,44.88077560104752,46.78493188760638,241666.75,1.8160915344603719
KEGN,2026-07-02,46.72,245588,44.95290204806527,46.784285799172494,248285.15,1.7098872143256856
KEGN,2026-07-03,44.26,148178,44.925729418729375,46.75916852753894,247305.5,2.152972772294608
KEGN,2026-07-04,43.38,317992,44.865112578779204,46.72554496010074,250066.4,2.714987022614878
KEGN,2026-07-05,42.4,271694,44.76844149725845,46.68250471174153,252091.75,3.3059042461353223
KEGN,2026-07-06,42.53,244716,44.68065947775813,46.64118625689833,251899.8,3.7556747721954924
KEGN,2026-07-07,43.06,266487,44.61710420412055,46.60555256279984,257544.2,4.023527186000324
KEGN,2026-07-08,43.87,177451,44.58780600003739,46.57833313431428,252975.25,4.1109558124976076
KEGN,2026-07-09,43.35,308309,44.53926458827122,46.54621041655991,257489.3,4.2032261451738115
KEGN,2026-07-10,43.61,116636,44.50282283971157,46.51699439251454,251365.7,4.200329068741456
KEGN,2026-07-11,42.53,113910,44.42545723815425,46.47732280651937,250230.75,4.050955931140717
KEGN,2026-07-12,41.94,164255,44.32798832685408,46.43217531590724,221384.5,3.787462707900433
KEGN,2026-07-13,41.16,176292,44.20375349050687,46.37971586002757,221813.85,3.291554878242768
KEGN,2026-07-14,42.43,317057,44.13419453009484,46.34041520470391,213542.35,2.6784063245819687
KEGN,2026-07-15,42.15,264260,44.05638297989505,46.29871953102526,214050.75,1.997176062663225
KEGN,2026-07-16,42.15,270999,43.98162286303642,46.25743873967178,221600.45,1.2718185906302808
KEGN,2026-07-17,42.75,313441,43.93332392723107,46.222538851714845,225410.4,1.098475779642778
KEGN,2026-07-18,41.57,282217,43.84064455753574,46.176244932792315,223608.7,1.1336622556521776
KEGN,2026-07-19,41.83,522564,43.761795751357866,46.13299871455558,244191.4,1.1679827284024487
KEGN,2026-07-20,41.89,224312,43.68839199640266,46.09077982187344,243312.95,1.1925847471442668
KEGN,2026-07-21,41.0,257004,43.58296485928883,46.04012529628266,250168.1,1.2918123928194993
KEGN,2026-07-22,38.74,315911,43.39304466872848,45.96748723363308,253684.25,1.7646893696707284
KPLC,2025-11-13,15.31,390994,15.31,15.31,390994.0,0.07424621202458778
KPLC,2025-11-14,15.38,226412,15.312745098039217,15.310696517412936,308703.0,0.07424621202458778
KPLC,2025-11-15,15.28,359709,15.311460976547483,15.310391079428728,325705.0,0.0769740215917045
KPLC,2025-11-16,15.46,1020354,15.317286036290719,15.311879725404562,499367.25,0.12023414656411065
KPLC,2025-11-17,15.7,393863,15.332294427024417,15.31574161868412,478266.4,0.2522498761149332
KPLC,2025-11-18,16.04,372930,15.36004758674895,15.32294816974199,460710.3333333333,0.438494583774986
KPLC,2025-11-19,15.93,366959,15.382398661778403,15.328988486460975,447317.28571428574,0.4605315252122094
KPLC,2025-11-20,15.83,504249,15.399951655434153,15.33397367565042,454433.75,0.4456170481157861
KPLC,2025-11-21,15.93,584115,15.420737865024972,15.339904285842954,468842.77777777775,0.4453790520444336
KPLC,2025-11-22,15.67,2078904,15.430512850710269,15.343188820312179,629848.9,0.42000297617992954
KPLC,2025-11-23,15.65,623572,15.439120189898102,15.346241667871261,629278.2727272727,0.3984521187157744
KPLC,2025-11-24,15.62,547046,15.446213515784452,15.348965631375032,622425.5833333334,0.38017340541102684
KPLC,2025-11-25,15.92,606126,15.464793377910553,15.354647565391202,621171.7692307692,0.38092624967611055
KPLC,2025-11-26,15.77,358540,15.476762265051317,15.358780425437061,602412.3571428572,0.36813776237695445
KPLC,2025-11-27,15.27,354826,15.468653940931658,15.35789703811928,585906.6,0.3753344662277376
KPLC,2025-11-28,15.58,267664,15.473020453051985,15.360107017839487,566016.4375,0.35620423361318315
KPLC,2025-11-29,15.47,557043,15.472902003912694,15.361200480348547,565488.5882352941,0.32521505986782673
KPLC,2025-11-30,15.54,582109,15.475533297876902,15.362979580046572,566411.9444444445,0.31633547361642966
KPLC,2025-12-01,15.32,393994,15.469433952862122,15.362551922533672,557337.3157894737,0.3527077363097477
KPLC,2025-12-02,15.48,496408,15.469848307651844,15.363720560120404,554290.85,0.3244919951941109
KPLC,2025-12-03,15.7,505356,15.478873864214517,15.367066624198808,560008.95,0.30136707747299746
KPLC,2025-12-04,15.67,297467,15.486369006794341,15.370080886644592,563561.7,0.2891064768300001
KPLC,2025-12-05,15.61,526101,15.4912172810377,15.37246814150385,571881.3,0.25492969295797874
KPLC,2025-12-06,15.66,501824,15.497836211193084,15.375329155021225,545954.8,0.25442242281444105
KPLC,2025-12-07,15.34,472464,15.49164655585218,15.374977621140417,549884.85,0.2715454852312078
KPLC,2025-12-08,15.42,334845,15.488836886995232,15.375425605009667,547980.6,0.27668688416355014
KPLC,2025-12-09,15.5,492465,15.489274656132674,15.376665151228476,554255.9,0.227227980110412
KPLC,2025-12-10,15.47,502863,15.488518787264727,15.377593856191377,554186.6,0.20126147499878075
KPLC,2025-12-11,15.08,530164,15.472498442666112,15.374632723293951,551489.05,0.24814476455454024
KPLC,2025-12-12,14.89,607683,15.449655366483128,15.369810507141773,477928.0,0.34096118982523327
KPLC,2025-12-13,14.95,430633,15.43006103838575,15.365633288165238,468281.05,0.39266156470376834
KPLC,2025-12-14,14.5,264999,15.39358805648827,15.357020021616332,454178.7,0.5276202274322079
KPLC,2025-12-15,15.02,557443,15.378937544469123,15.353666588565423,451744.55,0.541907117664859
KPLC,2025-12-16,14.79,233885,15.355841954489941,15.348057965793627,445511.8,0.5733432893760428
KPLC,2025-12-17,15.54,341931,15.36306383862759,15.349967836780756,444867.05,0.5552561036669065
KPLC,2025-12-18,14.99,229275,15.348433884171607,15.34638606726055,442947.6,0.5317455187430471
KPLC,2025-12-19,14.8,358096,15.326926673027623,15.340949389974377,433000.25,0.5219570368829851
KPLC,2025-12-20,15.13,307867,15.31920405839909,15.33885039106916,419288.15,0.47122473115570457
KPLC,2025-12-21,15.41,405277,15.322764683559909,15.33955834737693,419852.3,0.4781433012011515
KPLC,2025-12-22,15.05,462619,15.312068029302658,15.33667716979109,418162.85,0.4587608728537756
KPLC,2025-12-23,15.26,489831,15.310026145800594,15.335914212877746,417386.6,0.42991437941338273
KPLC,2025-12-24,15.47,580434,15.316299630279003,15.337248399814287,431534.95,0.42991437941338273
KPLC,2025-12-25,15.53,541868,15.32468003693473,15.339166326184296,432323.3,0.4690856490598121
KPLC,2025-12-26,15.21,479810,15.320182780584348,15.337881089107837,431222.6,0.46237516877889856
KPLC,2025-12-27,14.97,374168,15.306450122522218,15.334220580758506,426307.8,0.46118650728909294
KPLC,2025-12-28,14.68,312054,15.28188345105076,15.327710923238522,425168.25,0.423454688988552
KPLC,2025-12-29,15.0,440719,15.270829198068377,15.324450118032168,422580.95,0.4244461484888874
KPLC,2025-12-30,15.01,503210,15.260600602065695,15.321321261136326,422598.3,0.4024753422247357
KPLC,2025-12-31,15.28,481642,15.261361362769001,15.3209101043091,420172.2,0.3707145239153385
KPLC,2026-01-01,15.36,404456,15.265229544621198,15.321299058495079,410010.85,0.3765298464594036
KPLC,2026-01-02,15.79,571236,15.285808778165464,15.325962749455327,417041.0,0.42175799659558555
KPLC,2026-01-03,15.61,605106,15.298522159413876,15.32878899075428,434046.35,0.4462328581988073
KPLC,2026-01-04,15.1,484509,15.290736976691763,15.326512483383592,430399.65,0.44541621478749316
KPLC,2026-01-05,15.39,357069,15.294629644272478,15.327144199966842,436558.85,0.4415301814133597
KPLC,2026-01-06,15.26,418459,15.29327161900689,15.326476098474636,440385.25,0.4415301814133597
KPLC,2026-01-07,15.33,543300,15.294711947673287,15.326511162171407,456086.5,0.4335795299494918
KPLC,2026-01-08,15.63,630902,15.307860498744924,15.329530951602537,469726.8,0.4463644349533486
KPLC,2026-01-09,15.72,335205,15.324022832127477,15.333416215765697,471093.7,0.48214963365202435
KPLC,2026-01-10,15.77,243526,15.341512132828361,15.337760333021759,463006.15,0.4953033536005199
KPLC,2026-01-11,16.34,327919,15.380668519776268,15.347732867021543,456271.15,0.5495143960157691
KPLC,2026-01-12,16.34,611607,15.418289362137983,15.3576061718273,462359.95,0.6100865773545026
KPLC,2026-01-13,16.38,394935,15.45600350479924,15.367779244744442,453085.0,0.6402926871944737
KPLC,2026-01-14,16.19,235231,15.484787681081622,15.375960545791763,437753.15,0.6496246803152705
KPLC,2026-01-15,16.39,596663,15.520286203392146,15.386050490609756,443595.8,0.6788589327315653
KPLC,2026-01-16,16.42,445170,15.555569097376768,15.396338545429561,447145.9,0.722380166114486
KPLC,2026-01-17,16.4,548637,15.588684034734541,15.406325226569566,458975.05,0.7463846929634177
KPLC,2026-01-18,16.6,498551,15.628343484352795,15.418202587499223,461866.65,0.7078752451084469
KPLC,2026-01-19,16.46,461406,15.660957465358567,15.428568730907193,459776.45,0.674478736458047
KPLC,2026-01-20,16.67,474570,15.700527760834703,15.440921280848416,459422.85,0.6085882600984376
KPLC,2026-01-21,16.85,612755,15.745605103547067,15.454941964621069,469837.8,0.5384731160450492
KPLC,2026-01-22,16.56,622189,15.777542158309927,15.465937566963149,472385.45,0.46280276695247435
KPLC,2026-01-23,16.54,481199,15.807442465827185,15.476624755351576,466190.1,0.3735979283773855
KPLC,2026-01-24,16.21,571707,15.823229035794746,15.483922021467482,470550.0,0.2671391475912583
KPLC,2026-01-25,16.4,338208,15.845847504979266,15.493037225233975,469606.95,0.2637860959102357
KPLC,2026-01-26,16.68,449979,15.8785593675291,15.50484780010727,471182.95,0.27256338107540257
KPLC,2026-01-27,16.47,619847,15.901753117822077,15.514451304583813,475010.3,0.26909187940255197
KPLC,2026-01-28,16.99,479038,15.944429466142779,15.52913338115512,467417.1,0.3042799101751845
KPLC,2026-01-29,16.94,596586,15.98347144786267,15.543171854974473,480486.15,0.33400109396405175
KPLC,2026-01-30,16.76,482987,16.013923547946487,15.555279597711046,492459.2,0.33274024618089537
KPLC,2026-01-31,16.51,541738,16.033377526458388,15.564779303206459,503150.15,0.32356105798088414
KPLC,2026-02-01,16.49,601022,16.051284290126688,15.573985479293958,502620.9,0.3275502226401315
KPLC,2026-02-02,16.3,356190,16.06103784737662,15.581209504375611,500683.65,0.34593578296270205
KPLC,2026-02-03,16.29,242780,16.070016755322637,15.588262146123117,501061.1,0.36522479153474974
KPLC,2026-02-04,16.1,394622,16.071192568839397,15.593354065067167,490959.05,0.3889525240103487
KPLC,2026-02-05,15.88,575941,16.063694821041775,15.596206263424708,497497.6,0.46423101960165947
KPLC,2026-02-06,16.1,606397,16.06511855354994,15.601219136425458,500385.6,0.4855364089288901
KPLC,2026-02-07,15.83,523345,16.05589821811661,15.603495562928687,501625.3,0.5374297807441716
KPLC,2026-02-08,15.71,493237,16.042333582112036,15.60455530857119,503216.85,0.6064118255754609
KPLC,2026-02-09,15.95,457950,16.03871265732333,15.607992569182422,502385.85,0.6104907051699187
KPLC,2026-02-10,16.66,369302,16.063076866840063,15.618460304812448,490213.2,0.6237930103649627
KPLC,2026-02-11,17.03,399544,16.100995421081628,15.632505475908843,479080.95,0.6313652788874113
KPLC,2026-02-12,16.78,502757,16.127623051627445,15.643923331869951,480158.85,0.6071860197973323
KPLC,2026-02-13,16.75,336092,16.15202999077931,15.654929069861295,468378.1,0.6059254115776692
KPLC,2026-02-14,16.59,488998,16.169205285258556,15.664233258220884,475917.6,0.611255688303577
KPLC,2026-02-15,16.31,284410,16.174726646620964,15.67065879794008,467639.15,0.6067613539599441
KPLC,2026-02-16,16.0,499461,16.16787462126328,15.673935824826248,461619.85,0.6190452592234252
KPLC,2026-02-17,16.1,949580,16.165212871409818,15.678175269355341,485146.95,0.6234123791724542
KPLC,2026-02-18,16.04,424432,16.160302562727082,15.681775515431408,476539.25,0.6267113931704417
KPLC,2026-02-19,16.32,271829,16.16656520732602,15.688126007815175,465981.35,0.6041733295072502
KPLC,2026-02-20,16.16,432106,16.166307748215196,15.692821271419003,460499.75,0.6012442455916788
KPLC,2026-02-21,16.05,628412,16.161746660049896,15.696375288618816,461869.25,0.5773367472976088
KPLC,2026-02-22,15.89,263988,16.151089928283234,15.698301902662411,457259.15,0.5483162288434927
KPLC,2026-02-23,15.58,408311,16.128694244821148,15.697124769302587,465535.7,0.6094367783561728
KPLC,2026-02-24,15.11,219444,16.088745450906593,15.691282731797088,456776.8,0.7527780965446149
KPLC,2026-02-25,15.03,518396,16.047226021459277,15.684702804117515,453899.55,0.794018936442042
KPLC,2026-02-26,15.02,223281,16.00694264806872,15.67808884586759,434743.75,0.8270376933089774
KPLC,2026-02-27,15.07,356916,15.970199799124849,15.672038210585328,426422.3,0.8110623375454018
KPLC,2026-02-28,15.22,416484,15.94078019915917,15.667540317942688,422584.65,0.7662868943128331
KPLC,2026-03-01,15.48,214624,15.922710387427438,15.66567424512734,410418.35,0.7243660547807913
KPLC,2026-03-02,15.27,565667,15.897113901645971,15.661737187961894,420236.6,0.7220574997651114
KPLC,2026-03-03,15.3,491663,15.873697670208875,15.6581378129573,424842.55,0.6961148067494607
KPLC,2026-03-04,15.03,248621,15.84061148706343,15.651887685465189,412135.75,0.6879050255491995
KPLC,2026-03-05,15.04,451854,15.809214958158982,15.645799250783943,417923.85,0.5986065550028133
KPLC,2026-03-06,14.83,217746,15.770814371564514,15.637681845303506,404361.25,0.5302974491881149
KPLC,2026-03-07,14.68,322858,15.728037337385514,15.628152672713421,406283.65,0.4665858282940887
KPLC,2026-03-08,14.17,597444,15.666937833958631,15.613643690895378,411182.8,0.521260227980979
KPLC,2026-03-09,14.23,383558,15.610587330666137,15.599876091980997,382881.7,0.5668158605581582
KPLC,2026-03-10,13.91,260198,15.543897631424327,15.5830614044986,374670.0,0.701133305504728
KPLC,2026-03-11,14.22,313248,15.491980077250826,15.56949860445384,376740.95,0.7444284812769747
KPLC,2026-03-12,14.22,538426,15.442098505593933,15.556070757643354,382056.95,0.7755311012532469
KPLC,2026-03-13,14.33,505889,15.398486799492211,15.543871048612077,375930.8,0.7814069622542599
KPLC,2026-03-14,14.51,297484,15.36364417990428,15.533583774496535,377605.6,0.7523928860277382
KPLC,2026-03-15,14.21,592608,15.31840323167274,15.5204137866906,386820.45,0.6813211350098365
KPLC,2026-03-16,14.41,1985688,15.28277957552871,15.509364893290694,475132.65,0.6115882988194397
KPLC,2026-03-17,14.39,610242,15.247768611782487,15.498226934153475,479724.95,0.5071023045233202
KPLC,2026-03-18,13.58,308797,15.182365921124351,15.47914009898777,484000.75,0.5473910398879178
KPLC,2026-03-19,13.84,600789,15.129724120295945,15.46283024725655,496194.4,0.4892915095511223
KPLC,2026-03-20,13.92,232854,15.082283958715713,15.447478702507729,487012.9,0.4364271775666847
KPLC,2026-03-21,14.24,312206,15.049253215236666,15.435463989049941,491892.0,0.38277543412185855
KPLC,2026-03-22,14.32,582437,15.020655049933268,15.42436484488029,492730.5,0.3884261353687545
KPLC,2026-03-23,14.52,612986,15.001021518563338,15.415366189707353,498796.65,0.41324632783930304
KPLC,2026-03-24,14.65,554791,14.987255968815756,15.407750605730165,514105.15,0.43334566057432466
KPLC,2026-03-25,14.45,606488,14.96618710729357,15.39822074895673,521836.85,0.4412458946671054
KPLC,2026-03-26,14.35,1234462,14.942022907007548,15.387790691753182,572672.65,0.4424643774077853
KPLC,2026-03-27,14.3,332973,14.91684553810529,15.37696690377554,573178.4,0.44187304252966114
KPLC,2026-03-28,14.28,270547,14.891871203277633,15.366051810205635,556833.55,0.4291084547456522
KPLC,2026-03-29,14.39,293414,14.872189979619687,15.356339851895132,552326.35,0.4324660947138602
KPLC,2026-03-30,14.37,226497,14.85249625492872,15.346525525010605,550641.3,0.4303569946652168
KPLC,2026-03-31,14.51,288210,14.83906502924524,15.338201887945823,549389.4,0.4393633005728219
KPLC,2026-04-01,14.49,267328,14.825376204568958,15.329762068165268,535834.5,0.3318548024215395
KPLC,2026-04-02,14.51,415944,14.813008510272136,15.321605231666112,531337.25,0.26165680903506283
KPLC,2026-04-03,14.15,611535,14.787008176535974,15.309947468166946,547039.8,0.20113858597831277
KPLC,2026-04-04,14.3,373337,14.767909816671818,15.299898239627973,536076.25,0.19446354781473937
KPLC,2026-04-05,14.31,631110,14.749952568959197,15.290048505900332,468347.35,0.1952091017517304
KPLC,2026-04-06,14.1,324013,14.724464232921582,15.278207227234658,454035.9,0.22091343837094535
KPLC,2026-04-07,14.07,501813,14.698798968885441,15.266185264774613,463686.7,0.2153249524903329
KPLC,2026-04-08,14.21,618970,14.679630381870325,15.255675958657454,464595.75,0.2131088562578165
KPLC,2026-04-09,14.22,488762,14.661605661012665,15.245370725237978,477391.15,0.21524742981993233
KPLC,2026-04-10,13.91,382305,14.632130929208246,15.232083454340088,480896.1,0.266218946494535
KPLC,2026-04-11,13.99,592553,14.606949324141256,15.219724414993422,481401.9,0.2892603774010536
KPLC,2026-04-12,14.13,568214,14.588245429076894,15.208881385988512,479163.3,0.28658106844546455
KPLC,2026-04-13,13.94,464214,14.56282403970133,15.196255700555792,474634.45,0.30255232950359107
KPLC,2026-04-14,13.76,525679,14.531340744026767,15.181964599057725,470594.0,0.3196884214564675
KPLC,2026-04-15,13.76,537420,14.501092087398266,15.167815697574564,435741.9,0.31898189689948764
KPLC,2026-04-16,13.95,393904,14.47948063299049,15.155698128444469,438788.45,0.2685492158224059
KPLC,2026-04-17,14.1,597858,14.464599039539884,15.145193669454972,455154.0,0.26629555793511134
KPLC,2026-04-18,14.26,481073,14.456575547793221,15.136385772246467,464536.95,0.2603043970451275
KPLC,2026-04-19,14.55,508229,14.460239251801331,15.130551087945507,478623.55,0.3139365880537477
KPLC,2026-04-20,14.65,445442,14.467680849769907,15.125769485080378,486485.15,0.39152491394789013
KPLC,2026-04-21,14.57,270461,14.471693365465207,15.120239440452714,486641.8,0.4324832461979312
KPLC,2026-04-22,14.5,373994,14.47280342956461,15.114067903731794,484544.3,0.45529983479085545
KPLC,2026-04-23,14.59,478975,14.477399373503253,15.108853297724512,477916.3,0.4863403366749071
KPLC,2026-04-24,14.58,340060,14.48142292748352,15.103591075856606,476252.45,0.4936933303132019
KPLC,2026-04-25,14.84,362217,14.49548477346456,15.100968279081913,462807.8,0.5356509852712961
KPLC,2026-04-26,14.76,279050,14.505857919603203,15.09757555988707,460559.65,0.5603105742002101
KPLC,2026-04-27,14.78,541985,14.516608589422686,15.094415604067299,462568.25,0.5567780398995741
KPLC,2026-04-28,14.93,274414,14.532820017288465,15.092779627907426,445340.45,0.5189962840495717
KPLC,2026-04-29,15.06,631035,14.553493742100681,15.09245346245561,452454.1,0.46233105022279697
KPLC,2026-04-30,15.05,464563,14.572964575743791,15.092031039943615,456567.0,0.41027999016498373
KPLC,2026-05-01,15.24,370916,14.599122827675407,15.093503367904376,445485.15,0.39594580048685935
KPLC,2026-05-02,14.42,520500,14.592098403060685,15.086801841855577,443099.45,0.36647339228496423
KPLC,2026-05-03,14.38,248884,14.583780818626934,15.07976898770776,432332.95,0.3883306410950463
KPLC,2026-05-04,14.48,502927,14.57971098260235,15.073801137083803,431195.35,0.4008733597403975
KPLC,2026-05-05,14.52,240587,14.577369375441474,15.068290678008342,416353.7,0.40474809015438284
KPLC,2026-05-06,13.97,580791,14.553550968561417,15.057362412555523,425698.05,0.49998241727337156
KPLC,2026-05-07,14.32,428391,14.544392107049205,15.050025473127112,417224.7,0.5202346522548271
KPLC,2026-05-08,14.27,292376,14.533631632262964,15.04226402563331,407789.85,0.5434732622800276
KPLC,2026-05-09,14.56,221108,14.534665685899709,15.037465378612083,393433.8,0.5375815808266371
KPLC,2026-05-10,13.99,559657,14.513306247236976,15.027042837531367,399144.55,0.5900071009072627
KPLC,2026-05-11,14.0,336345,14.493176590482586,15.016823505814639,402438.75,0.6236939100285579
KPLC,2026-05-12,13.96,466318,14.472267704581308,15.006307849040365,407054.95,0.6327608266449383
KPLC,2026-05-13,13.93,364833,14.45100230440165,14.995598318204143,401347.85,0.6039563926112137
KPLC,2026-05-14,14.16,283517,14.439590449327074,14.987283907077735,398520.7,0.5297096447039994
KPLC,2026-05-15,14.17,317928,14.42901827484366,14.979151728897858,396306.25,0.34122214896631314
KPLC,2026-05-16,14.18,557303,14.419252852300772,14.971199970401361,410218.9,0.3307128913176071
KPLC,2026-05-17,14.19,571861,14.41026254436741,14.963426836367518,411712.7,0.32211355584215734
KPLC,2026-05-18,14.38,623981,14.409075777921629,14.957621594214608,429191.05,0.3089089271530713
KPLC,2026-05-19,14.85,434202,14.426366923885487,14.956550732580633,419349.4,0.3887315594016779
KPLC,2026-05-20,15.11,501997,14.453176064125271,14.958077590962915,421221.1,0.5153161037783678
KPLC,2026-05-21,15.11,232831,14.478933865532124,14.95958925672448,414316.85,0.6114417298574877
KPLC,2026-05-22,14.98,504489,14.498583517864198,14.959792348697372,413516.3,0.6602406529291767
KPLC,2026-05-23,15.42,324529,14.5347174975558,14.964371529307348,417298.55,0.7765633823541447
KPLC,2026-05-24,16.0,528683,14.59217955647518,14.974676290209763,418586.35,0.9622047142308277
KPLC,2026-05-25,15.84,338111,14.64111369151537,14.98328647637683,423462.55,1.0421029562517716
KPLC,2026-05-26,15.79,601818,14.686168056553983,14.991313476611886,424513.9,1.0647602655419797
KPLC,2026-05-27,15.81,412489,14.730239897473435,14.999459611172963,423718.8,1.045597323894989
KPLC,2026-05-28,15.87,296916,14.77493637208232,15.008121704594128,423945.8,1.0326789550368098
KPLC,2026-05-29,16.07,559069,14.82572318102027,15.018687657782246,440843.85,1.0103747536717411
KPLC,2026-05-30,16.6,567507,14.895302664117516,15.034422108948593,441236.35,1.0294415962064494
KPLC,2026-05-31,17.02,426235,14.978624128269772,15.054179102889403,445730.85,1.0640355097148495
KPLC,2026-06-01,16.78,287688,15.049266319318017,15.071351450124336,436799.35,1.008783472013029
KPLC,2026-06-02,16.72,577089,15.1147852871879,15.087755913307179,447412.15,0.9810156768583371
KPLC,2026-06-03,16.84,600882,15.182440766121708,15.105191177851387,463280.4,0.9736848695932289
KPLC,2026-06-04,16.64,251501,15.239599951763994,15.120462907425004,459959.05,0.9059610281990267
KPLC,2026-06-05,16.81,233734,15.301184267381092,15.137274221778986,443780.6,0.7779217346717936
KPLC,2026-06-06,17.07,621397,15.370549590228894,15.156505324049842,446257.4,0.7346315515165123
KPLC,2026-06-07,17.22,459392,15.443077057278742,15.17703760938268,438027.95,0.7759669614582578
KPLC,2026-06-08,17.02,347795,15.504917172679576,15.19537554361768,433707.6,0.7443014277728117
KPLC,2026-06-09,17.41,529255,15.579626303162732,15.21741160786029,435070.5,0.7260494488654513
KPLC,2026-06-10,17.32,288061,15.647876252058312,15.23833288539402,437832.0,0.6522342202169364
KPLC,2026-06-11,17.44,368765,15.718155614722692,15.260240020862737,431045.8,0.5556611743313998
KPLC,2026-06-12,17.37,423666,15.782933825910039,15.281232657471069,436002.65,0.4419220009742205
KPLC,2026-06-13,17.1,404111,15.834583479795919,15.29932984495892,429774.05,0.40376796731362125
KPLC,2026-06-14,17.16,242321,15.886560598235295,15.317843975854853,424984.55,0.40560699324226956
KPLC,2026-06-15,16.79,291147,15.92198959438293,15.332492294503064,409451.0,0.40441196626897696
KPLC,2026-06-16,16.78,230204,15.955637061269876,15.346895356249304,400336.75,0.3961845848524732
KPLC,2026-06-17,16.83,285226,15.989925803965175,15.361652616386127,399752.25,0.3972052089562514
KPLC,2026-06-18,16.82,484512,16.022477733221443,15.376163535626066,396024.4,0.36915555552615653
KPLC,2026-06-19,17.12,426847,16.06551782211472,15.393515142236753,388991.4,0.35013439335003
KPLC,2026-06-20,17.71,541459,16.130007319286694,15.416564742811511,394752.6,0.4254236737627576
KPLC,2026-06-21,17.8,363155,16.195497228334276,15.440280516514878,398525.95,0.4992462725542759
KPLC,2026-06-22,17.83,554674,16.259595376242736,15.46405881983314,397405.2,0.5539186078981457
KPLC,2026-06-23,17.94,260267,16.325493596782238,15.488695050481567,380374.45,0.617726801344167
KPLC,2026-06-24,17.74,567544,16.380964436124113,15.511096094755384,396176.6,0.6440630173590656
KPLC,2026-06-25,17.62,431838,16.42955406608003,15.532080213215531,406081.8,0.6540059355512433
KPLC,2026-06-26,17.17,1080636,16.45859116152787,15.54837792253677,429043.75,0.6567599666896177
KPLC,2026-06-27,16.64,452475,16.465705233624817,15.55923983375531,428697.9,0.7068064884308203
KPLC,2026-06-28,16.77,504602,16.47763836171796,15.571287198593566,436538.25,0.735193403574418
KPLC,2026-06-29,16.23,323620,16.467927053415295,15.577841554826467,426256.5,0.8251723096780075
KPLC,2026-06-30,15.62,446748,16.43467501210489,15.57826104184312,434190.85,1.0351564621345415
KPLC,2026-07-01,15.36,507319,16.392530893983132,15.57608929018299,441118.55,1.253880843752576
KPLC,2026-07-02,15.42,465150,16.354392427552423,15.57453616291749,443192.75,1.4097005468780006
KPLC,2026-07-03,15.64,342402,16.326377038236643,15.575187544380999,440107.3,1.4967017309499493
KPLC,2026-07-04,15.56,436338,16.296323036737167,15.575036424536412,449808.15,1.5235432602765404
KPLC,2026-07-05,15.34,511219,16.258820172551395,15.572697753645503,460811.75,1.5261360387564458
KPLC,2026-07-06,15.2,378318,16.217297812843498,15.568989318285846,468217.45,1.490678039176645
KPLC,2026-07-07,14.79,375306,16.161325349594733,15.561238180790465,472721.45,1.4256479151676937
KPLC,2026-07-08,14.56,615756,16.098528277061607,15.551275611827377,479283.65,1.3523422903724076
KPLC,2026-07-09,14.72,491414,16.04446834462782,15.543004212704716,482512.0,1.1853536125617579
KPLC,2026-07-10,14.8,226609,15.995665664446337,15.535611135961387,466769.5,1.0276705361005811
KPLC,2026-07-11,14.72,292534,15.945639559958247,15.52749560227023,463238.45,0.9350331280492035
KPLC,2026-07-12,14.54,246252,15.890516439959885,15.51766977538197,447817.35,0.7536570182111566
KPLC,2026-07-13,14.22,388635,15.82500599133401,15.504757638313492,454235.75,0.6969569846565649
KPLC,2026-07-14,14.36,541492,15.767554775987577,15.493367015046692,452933.15,0.6969569846565662
KPLC,2026-07-15,14.31,320590,15.710395765164535,15.481592218877074,447370.75,0.7156116265126189
KPLC,2026-07-16,14.28,544014,15.654301813589456,15.46963607739571,420539.65,0.7098773303718482
KPLC,2026-07-17,14.14,520707,15.59491742874281,15.456405867670382,423951.25,0.6507265592743968
KPLC,2026-07-18,14.02,313276,15.533155960948974,15.442113271972168,414384.95,0.5798697276966128
KPLC,2026-07-19,14.0,388973,15.473032197774506,15.427763886181403,417652.6,0.5180044125570904
KPLC,2026-07-20,14.29,360689,15.426638778253938,15.416442852488055,413349.65,0.4162524131204738
KPLC,2026-07-21,14.87,441781,15.404809806557706,15.411005610174742,410072.75,0.42988130868937013
KPLC,2026-07-22,14.84,629562,15.382660402378972,15.405323962312307,418293.35,0.45968829023140206
LKL,2025-11-13,56.19,155867,56.19,56.19,155867.0,0.7212489168102745
LKL,2025-11-14,56.87,165455,56.21666666666666,56.19676616915423,160661.0,0.7212489168102745
LKL,2025-11-15,59.2,191324,56.33366013071895,56.22664909284424,170882.0,2.367862960561697
LKL,2025-11-16,62.61,319067,56.57979110598487,56.29016502226868,207928.25,4.346194456073036
LKL,2025-11-17,63.74,241575,56.86058361163252,56.3642927334899,214657.6,5.051587126834495
LKL,2025-11-18,65.68,113384,57.20644307784301,56.45698633813179,197778.66666666666,5.807451032940357
LKL,2025-11-19,66.29,118288,57.56266099635898,56.554827270090684,186422.85714285713,6.17216389468533
LKL,2025-11-20,68.68,224435,57.99863507493314,56.675475754965404,191174.375,6.863408019552471
LKL,2025-11-21,68.34,221552,58.40417879748478,56.79154067282645,194549.66666666666,7.0722494653398655
LKL,2025-11-22,68.63,317191,58.80519139366185,56.90933628802221,206813.8,7.170997315576125
LKL,2025-11-23,69.28,306824,59.21596820175355,57.03242746923592,215905.63636363635,7.268196068551609
LKL,2025-11-24,68.47,187641,59.57887140952792,57.14623416108432,213550.25,7.1794218240240415
LKL,2025-11-25,69.2,259567,59.95617056993859,57.266172129630746,217090.0,7.146659184542102
LKL,2025-11-26,70.2,247361,60.35788937111747,57.39486693431104,219252.2142857143,7.19227195148903
LKL,2025-11-27,69.84,144402,60.72973684675993,57.518699104118895,214262.2,6.237424414305622
LKL,2025-11-28,69.82,241452,61.08621775473012,57.64110010805801,215961.5625,4.894945082698824
LKL,2025-11-29,69.24,269935,61.4059739212113,57.75651204728132,219136.4705882353,3.5441819682651574
LKL,2025-11-30,71.68,131070,61.808876904693214,57.89505421596509,214243.88888888888,3.0502253789904517
LKL,2025-12-01,72.36,111069,62.2226464378425,58.03898402476146,208813.63157894736,2.6501629900114554
LKL,2025-12-02,73.25,145646,62.65509167557417,58.190337417549905,205655.25,2.6857665122347916
LKL,2025-12-03,73.49,280342,63.07999004123793,58.3425728661315,211879.0,2.6718107207421333
LKL,2025-12-04,72.57,125741,63.45214729452272,58.48413930527447,209893.3,2.7485553897946655
LKL,2025-12-05,73.91,239341,63.86225916532575,58.63763045646577,212294.15,2.909092415396725
LKL,2025-12-06,73.84,204728,64.2535431196267,58.7888978151079,206577.2,2.9692466993395
LKL,2025-12-07,74.93,111005,64.67222770317075,58.94950579704713,200048.7,3.1847851722536387
LKL,2025-12-08,74.8,124132,65.06939524422287,59.10722215727552,200586.1,3.108309074432245
LKL,2025-12-09,76.31,160274,65.5102032738612,59.278394076108604,202685.4,3.2704967361394677
LKL,2025-12-10,76.76,344631,65.95137177292547,59.45234040370951,208695.2,3.491184423847969
LKL,2025-12-11,77.39,160623,66.39994542888918,59.63082457879698,205648.75,3.5974443194951773
LKL,2025-12-12,76.8,217790,66.80779070618765,59.80166214517712,200678.7,3.4128049314310323
LKL,2025-12-13,76.0,156305,67.16826950202343,59.962839636269884,193152.75,2.7623892996565678
LKL,2025-12-14,79.54,318110,67.65343540390488,60.15763725182939,199676.2,3.110507736547339
LKL,2025-12-15,77.92,244167,68.05604578022235,60.33437717967189,198906.2,3.048681596694208
LKL,2025-12-16,78.63,233428,68.47071065158617,60.51642317788411,198209.55,3.1125880763388842
LKL,2025-12-17,76.52,273414,68.78636905740632,60.67566274825342,204660.15,2.935006131000573
LKL,2025-12-18,72.33,115078,68.92533497672373,60.79162630299717,198341.45,2.986614368246316
LKL,2025-12-19,71.64,174461,69.03179242861692,60.89957031988278,193567.75,3.388887727186086
LKL,2025-12-20,70.49,202947,69.0889770392594,60.99499748087897,197161.6,3.9678805204007572
LKL,2025-12-21,69.6,282907,69.10901715536689,61.08061939649212,205753.5,4.665265928253033
LKL,2025-12-22,69.29,118933,69.11611452182309,61.162304775631505,204417.85,5.260215493016134
LKL,2025-12-23,69.78,139841,69.14214924645748,61.24805298681925,197392.8,5.606766381635826
LKL,2025-12-24,70.64,219359,69.20088849169444,61.34150519590563,202073.7,5.711449424880427
LKL,2025-12-25,70.68,722300,69.25889286456916,61.43442554221503,226221.65,5.663683469223924
LKL,2025-12-26,69.95,238081,69.28599510517431,61.5191576263721,227889.3,5.651484354759182
LKL,2025-12-27,72.89,300146,69.42732863046159,61.63230033655745,237346.35,5.508336339655479
LKL,2025-12-28,70.71,153197,69.4776294684827,61.72262570634295,238799.6,4.735424267634882
LKL,2025-12-29,69.87,300943,69.49301654815005,61.803694107274865,245833.05,4.117483561487617
LKL,2025-12-30,70.97,286182,69.55093746783044,61.894901131083074,242910.6,2.8037096697211363
LKL,2025-12-31,69.11,815229,69.53364580242531,61.966693159629514,275640.9,1.6660358375760707
LKL,2026-01-01,68.98,246602,69.5119342023302,62.036477307294895,277081.5,1.5924457656332909
LKL,2026-01-02,72.09,134101,69.61303482184667,62.13651235896361,275971.3,1.665145152568018
LKL,2026-01-03,74.75,188574,69.81448443667622,62.26201969867542,269494.5,2.424857450211467
LKL,2026-01-04,76.35,271830,70.07077916464971,62.40219860714631,270877.65,3.273234613522951
LKL,2026-01-05,75.62,209775,70.28839566799678,62.53371901901551,269695.0,3.6172397990368554
LKL,2026-01-06,74.09,554474,70.43747819082044,62.64870688947307,283748.0,3.654536094490516
LKL,2026-01-07,74.09,237338,70.58071434020003,62.76255060201563,289861.0,3.7088104376790794
LKL,2026-01-08,73.47,265763,70.69401966019218,62.869092387070204,294426.1,3.6855340168028436
LKL,2026-01-09,73.46,292747,70.80248947743955,62.97447455237299,298916.1,3.55579887393368
LKL,2026-01-10,70.9,617184,70.80631341950075,63.05333550210062,315629.95,3.6170215723637806
LKL,2026-01-11,68.63,174233,70.7209677952066,63.1088247010847,318394.95,3.878039183928886
LKL,2026-01-12,69.25,145773,70.66328278362988,63.16993092296446,318691.55,3.9528775858595875
LKL,2026-01-13,66.28,224598,70.49138934113459,63.200876883929986,318953.5,4.61177942642771
LKL,2026-01-14,65.92,255713,70.31211917089402,63.22793283533367,295624.15,5.101159532050385
LKL,2026-01-15,65.44,321903,70.12105567399621,63.24994345388756,299815.25,5.601418040633463
LKL,2026-01-16,66.98,204044,69.997877020114,63.287058444396145,295010.15,5.869025802773943
LKL,2026-01-17,66.54,225272,69.86227399971737,63.319426022063844,298613.9,5.905144990822606
LKL,2026-01-18,67.61,270813,69.77394952914022,63.36211830045127,297107.4,5.427074526122514
LKL,2026-01-19,66.4,266946,69.64163778289944,63.39234597905375,296145.6,4.978619562414142
LKL,2026-01-20,69.48,239788,69.63529904631514,63.452919650903965,267373.55,4.519789043141898
LKL,2026-01-21,70.17,224981,69.65626771116553,63.519756271292984,266292.5,3.9800909240539153
LKL,2026-01-22,71.25,287974,69.71876701661002,63.596674119339816,273986.15,3.591366880649856
LKL,2026-01-23,69.45,266115,69.7082271336057,63.65491616790361,277863.2,2.9204355764241896
LKL,2026-01-24,70.23,244896,69.72868881464078,63.72033988762596,276516.5,2.8225189679036626
LKL,2026-01-25,73.82,164457,69.88913239053721,63.820834018097344,274250.6,3.635695286981613
LKL,2026-01-26,74.06,210718,70.05269582620242,63.9227162666735,257062.8,4.266935568807166
LKL,2026-01-27,70.46,107723,70.06866853890037,63.98776386601008,250582.05,4.16222489438385
LKL,2026-01-28,69.31,269102,70.03891683149251,64.04072143948262,250749.0,3.924931510566451
LKL,2026-01-29,70.17,302224,70.04405734790457,64.10170928585593,251222.85,3.5445414038682572
LKL,2026-01-30,70.03,237556,70.0435060793593,64.16069725316085,232241.45,3.343250293871615
LKL,2026-01-31,69.65,144104,70.02807446840404,64.2153171809901,230735.0,3.0141960138468518
LKL,2026-02-01,70.16,418038,70.0332480186627,64.27446825381607,244348.25,2.8087389137679635
LKL,2026-02-02,69.35,138330,70.00645397871514,64.32497105726068,240034.85,2.2963094196012928
LKL,2026-02-03,70.01,289890,70.00659303837338,64.38153850942724,241743.7,2.2634750342712886
LKL,2026-02-04,69.05,112089,69.96907958588815,64.42799086256727,231253.0,2.34176708425993
LKL,2026-02-05,69.84,121512,69.96401764134352,64.48184169975566,227126.4,2.331808623374595
LKL,2026-02-06,71.74,249323,70.03366400834966,64.55406218035512,228328.95,2.3510937365919604
LKL,2026-02-07,71.54,180034,70.09273600802223,64.62357399945607,223790.0,2.377499870003853
LKL,2026-02-08,69.96,249161,70.0875306743743,64.67667276563064,222900.75,1.9544989310380139
LKL,2026-02-09,72.53,198602,70.18331378518316,64.75481532517661,220841.45,1.4992250745555071
LKL,2026-02-10,71.92,196782,70.25141912694068,64.82611069507536,219431.5,1.6387664551441286
LKL,2026-02-11,72.72,158323,70.34822622000183,64.90465685731341,212948.95,1.8156003230246553
LKL,2026-02-12,74.21,170332,70.49966832902138,64.99724733634511,208159.8,2.300263034409927
LKL,2026-02-13,72.43,268108,70.57536761023623,65.07120507429192,209320.4,2.3425685923554886
LKL,2026-02-14,71.21,199858,70.60025515493285,65.13228761086614,211090.45,2.259851236230029
LKL,2026-02-15,69.63,113984,70.56220593317079,65.17704096797196,206253.75,2.3110968567584873
LKL,2026-02-16,67.56,222871,70.4444723671641,65.20075200311652,212011.15,2.6406800915965034
LKL,2026-02-17,69.12,123966,70.39253227433414,65.23974949562282,204754.35,2.7227176145886802
LKL,2026-02-18,67.73,265903,70.2881192439681,65.26452810760668,202938.3,2.9268747162111093
LKL,2026-02-19,68.39,167128,70.21368319518504,65.29562733041656,199416.9,3.0692090338402904
LKL,2026-02-20,67.15,267807,70.09353875615818,65.31407879976565,205602.05,3.3547867228848105
LKL,2026-02-21,66.29,135183,69.94438037356375,65.32378945847445,191459.3,3.698304278039771
LKL,2026-02-22,65.36,263012,69.76460075107106,65.32414976237024,197693.4,4.15193171313663
LKL,2026-02-23,63.42,152353,69.51579287848004,65.30520299856558,190816.55,4.664077414866558
LKL,2026-02-24,60.95,239834,69.17987943226514,65.26186764534602,197203.8,5.505923246532179
LKL,2026-02-25,62.21,242667,68.90655082707828,65.23150080310377,203261.55,5.655051811346303
LKL,2026-02-26,62.05,301711,68.63766648091836,65.19984407869478,205880.95,5.262910029443985
LKL,2026-02-27,63.05,231161,68.41854230519607,65.17845259532469,208437.3,4.812912405620517
LKL,2026-02-28,62.58,258126,68.18957986185505,65.15259734561997,208885.55,4.426664661737157
LKL,2026-03-01,65.95,420648,68.10175320060584,65.16053170038992,219987.85,4.046410649989896
LKL,2026-03-02,64.76,110657,67.97070405548405,65.1565463103363,215681.6,3.9086463221208163
LKL,2026-03-03,65.0,302565,67.85420585722977,65.15498863560659,222893.7,3.468276422973498
LKL,2026-03-04,66.0,133059,67.7814919020443,65.16339670888414,221030.05,3.264431694141305
LKL,2026-03-05,66.18,311719,67.71868829804255,65.17351216451713,223210.6,2.9110739917965454
LKL,2026-03-06,67.54,182760,67.7116809138056,65.19705930715875,222355.7,2.97931439860151
LKL,2026-03-07,66.32,559305,67.65710519169556,65.20823284639101,244621.75,2.982663023003301
LKL,2026-03-08,66.0,226877,67.59212067437417,65.21611112652643,244822.05,3.029591352597945
LKL,2026-03-09,64.36,293074,67.46537084400657,65.20759260785452,253277.45,2.998670515851541
LKL,2026-03-10,63.9,123554,67.32555237953572,65.19458173613458,246160.0,2.6017670453447117
LKL,2026-03-11,63.84,311337,67.18886405092648,65.1811033108994,253370.45,2.4056659595195695
LKL,2026-03-12,62.95,259299,67.02263408814505,65.15890327795513,252945.05,2.247961989090476
LKL,2026-03-13,65.07,131393,66.94606020233545,65.15801866822424,252755.55,2.1033367329288777
LKL,2026-03-14,65.65,179198,66.89523431204779,65.16291400485883,248564.85,1.8256144532370893
LKL,2026-03-15,65.46,175014,66.83895061353611,65.16587008441249,249697.9,1.8035983949675969
LKL,2026-03-16,67.31,131540,66.85742313849548,65.18720471043824,244283.2,1.9736073125563407
LKL,2026-03-17,68.51,136877,66.92223007424076,65.22026735013537,238993.7,2.321826352225801
LKL,2026-03-18,72.37,143733,67.13586811054505,65.29140896854199,231094.8,3.561669567757546
LKL,2026-03-19,72.83,216189,67.35916740032759,65.3664198245764,230346.2,4.468441123191478
LKL,2026-03-20,73.15,220772,67.58625887482455,65.44386838353584,228478.5,5.18561620105225
LKL,2026-03-21,74.49,228556,67.85699382090986,65.53387964340116,218873.9,5.979263031603401
LKL,2026-03-22,75.78,146108,68.16769994558007,65.63583108973548,220646.45,6.769812407110906
LKL,2026-03-23,76.99,111615,68.51367249673379,65.74880789481273,211098.95,7.376119322769697
LKL,2026-03-24,76.22,161848,68.81588141843051,65.8529988610335,212538.4,7.506702499605446
LKL,2026-03-25,73.46,140653,68.99800371574696,65.92869041465507,203985.1,7.110802917524035
LKL,2026-03-26,70.87,268083,69.07141533473728,65.97785767421074,208251.25,6.269885245282498
LKL,2026-03-27,72.88,116178,69.22077159612013,66.04653570730318,186094.9,5.681510751822708
LKL,2026-03-28,73.33,115972,69.38191780803699,66.11900798882256,180549.65,5.026243613538589
LKL,2026-03-29,73.3,299343,69.53556809007476,66.1904606456502,180863.1,4.037045980324325
LKL,2026-03-30,73.37,162937,69.68593796889536,66.26189884818105,182832.25,3.215632767186984
LKL,2026-03-31,74.28,213776,69.86609726423279,66.34168094919418,177954.2,2.4354131810921524
LKL,2026-04-01,74.85,610026,70.06154443034131,66.42634084024698,195490.55,2.3842684965700283
LKL,2026-04-02,73.64,269351,70.20187602130832,66.4981185433291,202388.45,2.337976989001162
LKL,2026-04-03,70.38,119107,70.20886127537467,66.53674422946513,199383.9,2.748832219585005
LKL,2026-04-04,71.28,110312,70.25086671555606,66.58394080429632,196148.8,2.9148231667472833
LKL,2026-04-05,69.54,189731,70.22298958945584,66.61335432863169,199058.35,3.1750131305430793
LKL,2026-04-06,70.32,252693,70.22679391928109,66.65023637511297,204849.15,2.9004425581223225
LKL,2026-04-07,70.08,219720,70.22103729499557,66.68436337635563,208648.5,2.6415776380001725
LKL,2026-04-08,68.78,113479,70.16452602852516,66.70521548206354,203513.0,2.923528370286202
LKL,2026-04-09,69.59,218581,70.14199559603398,66.7339198056251,203403.45,3.045684841516981
LKL,2026-04-10,70.13,204567,70.14152518050324,66.7677116483552,202204.0,3.080921730390334
LKL,2026-04-11,70.55,525938,70.15754380087566,66.80534635832183,221195.5,3.0168952137536023
LKL,2026-04-12,70.66,209963,70.1772479655472,66.84370112092559,226112.9,2.918466710373892
LKL,2026-04-13,68.18,850476,70.0989245159179,66.85699762718504,260544.3,3.0052264912542683
LKL,2026-04-14,65.86,176194,69.93269218196033,66.8470772527852,262321.35,3.240874424128038
LKL,2026-04-15,62.16,115172,69.62788072384424,66.80043966818037,254675.8,4.035388937094742
LKL,2026-04-16,60.95,249955,69.28757167585036,66.74222633814873,261364.65,4.837246798893648
LKL,2026-04-17,61.52,156102,68.98296102189543,66.69026388702288,263371.15,5.489157744795918
LKL,2026-04-18,63.07,161862,68.75108019750738,66.65424136078386,256497.1,5.58166283713669
LKL,2026-04-19,63.55,298852,68.54711626819338,66.62335338704472,263292.85,5.670704212329944
LKL,2026-04-20,66.72,195058,68.47546464983284,66.62431504488507,262356.95,5.465444544219107
LKL,2026-04-21,65.6,117305,68.36270133023156,66.61412285538373,237720.9,5.256761893446949
LKL,2026-04-22,63.04,219754,68.15396794473229,66.57855944388737,235241.05,5.279794888623461
LKL,2026-04-23,63.45,255105,67.96949861356632,66.54742949917207,242040.95,5.092895018585208
LKL,2026-04-24,62.77,219415,67.76559670715196,66.50984313599623,247496.1,4.7501270659696555
LKL,2026-04-25,61.83,126504,67.53282820883227,66.463277532653,244334.75,4.197349438359005
LKL,2026-04-26,60.78,299966,67.26801141632906,66.40672750745247,246698.4,3.3688827345458625
LKL,2026-04-27,62.96,197739,67.0990697921593,66.37243171135842,245599.35,2.7081598310162516
LKL,2026-04-28,63.41,274568,66.95440038854521,66.34295477890709,253653.8,2.4515752112639366
LKL,2026-04-29,64.26,272635,66.8487376282101,66.322228860709,256356.5,2.4735037935050386
LKL,2026-04-30,63.19,168026,66.70525772122149,66.29106240438355,254529.45,2.286765825256435
LKL,2026-05-01,61.3,142961,66.4932868301932,66.24140009190212,235380.6,2.3178348472488697
LKL,2026-05-02,62.26,165639,66.32727558195033,66.20178417058966,233164.4,2.353058449323854
LKL,2026-05-03,63.24,242626,66.20620595128561,66.17231368133007,202771.9,2.3488771282756744
LKL,2026-05-04,61.93,174120,66.03851160025481,66.13010160489893,202668.2,1.835598533999821
LKL,2026-05-05,63.32,292497,65.9319033022056,66.10214039489993,211534.45,1.4287264751027966
LKL,2026-05-06,63.52,261849,65.83731885898185,66.07644745564721,212129.15,1.4613323741341768
LKL,2026-05-07,64.17,295041,65.77193380568845,66.05747782922286,219076.1,1.5486293124092252
LKL,2026-05-08,65.23,137178,65.75068149958302,66.04924421898184,217841.9,1.8333301531774846
LKL,2026-05-09,67.7,225544,65.82712536234447,66.06566964963874,214176.5,2.5707096178994573
LKL,2026-05-10,68.64,318870,65.93743417166431,66.09128487700552,220367.1,3.0778449048387904
LKL,2026-05-11,67.76,223711,66.00890734140296,66.10788900758259,225687.4,3.3987113952720374
LKL,2026-05-12,65.88,143629,66.00385215154402,66.10562145526833,221881.15,3.4332608726661844
LKL,2026-05-13,63.62,180677,65.91036775344426,66.08088890347463,218159.75,3.4491714246299603
LKL,2026-05-14,61.14,233129,65.72329450821115,66.03172582980822,218845.45,3.6659145936168045
LKL,2026-05-15,60.44,233419,65.51610648828131,65.97608676682506,224191.2,3.8000594450238063
LKL,2026-05-16,59.28,188111,65.27155329266243,65.90945903780192,218598.45,4.22759123022679
LKL,2026-05-17,59.94,260748,65.06247277138155,65.85006143543573,221748.9,4.525511339574319
LKL,2026-05-18,59.78,220690,64.85531697642541,65.78966281418762,219055.0,4.751986513467413
LKL,2026-05-19,60.52,256442,64.68530454597736,65.73722835832505,218245.35,4.910615547458935
LKL,2026-05-20,61.04,203394,64.54235142652728,65.69048976769496,220013.75,5.000081318020094
LKL,2026-05-21,63.97,254979,64.51990627254582,65.67337046652386,225614.65,4.9941735282997115
LKL,2026-05-22,63.49,203785,64.47951779126952,65.65164538725497,227521.95,4.920537192597636
LKL,2026-05-23,63.73,429720,64.45012493670993,65.63252453763054,236876.65,4.517033832379109
LKL,2026-05-24,64.15,268722,64.43835533134876,65.61777304969392,241606.75,3.8170975251470702
LKL,2026-05-25,65.55,191133,64.48194923992332,65.6170986909905,236538.55,3.3640854650980367
LKL,2026-05-26,65.05,162756,64.50422574031849,65.61145591794582,231583.9,3.2258328850388645
LKL,2026-05-27,63.61,272724,64.46915806422757,65.59154093368765,230468.05,3.2251079077271
LKL,2026-05-28,62.94,271495,64.40919108131668,65.56515744181017,237183.9,3.19718061323203
LKL,2026-05-29,65.94,294344,64.46922280361798,65.56888721850858,240623.9,3.3714968999176333
LKL,2026-05-30,66.52,118848,64.54964543877021,65.57835102727964,230622.8,3.3177069277201277
LKL,2026-05-31,67.4,319652,64.66142404901453,65.59647688770472,235419.85,3.3569478754460764
LKL,2026-06-01,65.89,243324,64.70960349807278,65.59939751568777,240404.6,2.948317456478563
LKL,2026-06-02,67.73,244507,64.82805041971699,65.6205975404073,243596.1,2.7720864568364796
LKL,2026-06-03,67.06,133102,64.9155778542379,65.63491995294058,238594.75,2.3878510328212394
LKL,2026-06-04,66.85,121544,64.99143754622857,65.64701030166754,233001.0,2.4067130530623357
LKL,2026-06-05,67.7,551066,65.09765568167059,65.6674380598599,251148.75,2.413515515354641
LKL,2026-06-06,69.55,150416,65.27225741964429,65.70607051697573,245632.15,2.6933241644751047
LKL,2026-06-07,71.54,189206,65.51805124632492,65.76411956655807,244057.95,3.3081748769501362
LKL,2026-06-08,71.41,250851,65.74910806019453,65.82029748131869,243778.4,3.7680569110107607
LKL,2026-06-09,73.51,207715,66.05345676371631,65.89681193424089,243994.45,4.443130903459335
LKL,2026-06-10,73.57,153450,66.3482231651392,65.97316206424844,238918.0,4.649774675505014
LKL,2026-06-11,71.42,169738,66.54711637434943,66.02735945664398,237215.65,4.141030837979803
LKL,2026-06-12,71.18,168491,66.72879808515926,66.07862951180175,224154.2,3.9998669105607334
LKL,2026-06-13,71.92,168086,66.93237463083929,66.13675260123657,219122.4,3.916379540952602
LKL,2026-06-14,68.5,185397,66.99385013551226,66.16026750072675,218835.6,3.825105202173298
LKL,2026-06-15,67.13,257002,66.99918934588432,66.16991658032151,223547.9,3.6305559355420804
LKL,2026-06-16,66.79,223405,66.99098584212416,66.17608656459691,221081.95,3.7469923653131714
LKL,2026-06-17,66.92,306617,66.9882020836095,66.18348868833228,222838.05,3.7655153208915575
LKL,2026-06-18,67.79,146311,67.01964513915422,66.19947387551305,215436.4,3.652788957814369
LKL,2026-06-19,69.85,277438,67.13063944742268,66.23579751854278,223365.9,3.5257507968260615
LKL,2026-06-20,68.26,218292,67.17492809654335,66.25593883676623,218297.9,3.5963527197170615
LKL,2026-06-21,66.77,272290,67.15904856334558,66.26105387321633,219746.2,3.7447195789906145
LKL,2026-06-22,66.84,234684,67.14653685497909,66.26681453119429,219255.05,3.819188701172772
LKL,2026-06-23,69.61,190769,67.24314325282305,66.30008005824708,222138.4,3.372131931543781
LKL,2026-06-24,70.19,282477,67.35870626251626,66.3387857293093,230185.05,2.811832558166611
LKL,2026-06-25,69.9,206090,67.4583648404568,66.37422069717687,212936.25,2.6264169645030724
LKL,2026-06-26,69.89,234439,67.55372308200751,66.40920357581193,217137.4,2.4603477374167957
LKL,2026-06-27,70.2,301529,67.65749864741898,66.44692294321679,222753.55,2.1331643419790858
LKL,2026-06-28,69.62,265477,67.7344594847751,66.47849584925444,223484.85,2.18219140788802
LKL,2026-06-29,69.47,139844,67.80251989713686,66.50826205970962,220091.3,2.1185596651843466
LKL,2026-06-30,69.2,145377,67.85732303842562,66.53504552180208,219687.65,1.9520457358745498
LKL,2026-07-01,68.47,133363,67.88134958593834,66.5542988001921,217868.9,1.771355878515835
LKL,2026-07-02,69.84,763557,67.95815940609762,66.5869923444688,247622.2,1.717971946770688
LKL,2026-07-03,69.59,579696,68.02215315487811,66.61687301765816,268202.7,1.7027495944265092
LKL,2026-07-04,70.43,123508,68.11657852135349,66.65481457967151,265108.25,1.7323481808750762
LKL,2026-07-05,69.61,128890,68.1751440695357,66.68421940972453,258702.65,1.3500897406073695
LKL,2026-07-06,69.95,259714,68.24474626288725,66.71671473898101,260518.1,0.7241270796438297
LKL,2026-07-07,70.95,146601,68.3508346447348,66.75883698038419,252517.3,0.8749628720542959
LKL,2026-07-08,72.51,262334,68.5139391684707,66.81606248306694,258318.45,1.3919334426588743
LKL,2026-07-09,70.62,174147,68.59652978931499,66.85391260761354,253153.9,1.415081881295287
LKL,2026-07-10,69.03,141747,68.61352862110655,66.87556521848306,249326.65,1.4702072908345118
LKL,2026-07-11,68.97,281217,68.62750789086708,66.89640536556284,249773.0,1.5178900190366513
LKL,2026-07-12,66.37,195124,68.53897816965662,66.89116750122888,247795.0,2.071041603680814
LKL,2026-07-13,65.44,218808,68.4174496139838,66.87672802360471,249196.95,2.6723566584367227
LKL,2026-07-14,64.93,167277,68.28068688402365,66.85735759550916,243436.95,3.209662801946456
LKL,2026-07-15,61.03,221080,67.99634622190507,66.7993739378424,244186.45,4.549023216612078
LKL,2026-07-16,57.36,245387,67.57923460535977,66.7054498190579,244733.85,6.32609206356533
LKL,2026-07-17,56.23,192158,67.13416658162018,66.601216487525,239265.3,7.722118447950457
LKL,2026-07-18,55.98,158080,66.69674828430175,66.49553274138047,233895.45,8.625502374284764
LKL,2026-07-19,58.23,197742,66.36471893981933,66.41328863450106,236790.35,8.920727530326802
LKL,2026-07-20,58.47,284285,66.05512211864995,66.33425093664533,243735.75,8.967062531261913
LKL,2026-07-21,60.42,206652,65.83413693752642,66.27540266861901,247400.2,8.539721771788662
LKL,2026-07-22,60.6,250742,65.62887666546656,66.21893100027455,221759.45,7.587768859403735
NBV,2025-11-13,122.74,551791,122.74,122.74,551791.0,1.6440232662587273
NBV,2025-11-14,121.19,353220,122.6792156862745,122.72457711442786,452505.5,1.6440232662587273
NBV,2025-11-15,121.2,772036,122.62120722798923,122.70940719289126,559015.6666666666,1.3380302687159256
NBV,2025-11-16,119.33,344032,122.49214027787201,122.67578125067344,505269.75,2.0927911983759966
NBV,2025-11-17,122.83,439910,122.50538967873977,122.67731576559211,492197.8,2.1467143498844945
NBV,2025-11-18,124.22,708048,122.57262929918136,122.69266585747677,528172.8333333334,2.5587980576825458
NBV,2025-11-19,123.83,525690,122.62193795411542,122.70398261511382,527818.1428571428,2.575045075888399
NBV,2025-11-20,124.35,388833,122.68970509316972,122.72036089755049,510445.0,2.644627893755283
NBV,2025-11-21,126.46,628254,122.83755979539836,122.75757123687835,523534.8888888889,3.1807703469442608
NBV,2025-11-22,126.54,599142,122.98275352891216,122.7952073439741,531095.6,3.4590782731820218
NBV,2025-11-23,127.49,566559,123.15950829248423,122.84192169876043,534319.5454545454,3.7964528300650597
NBV,2025-11-24,127.73,605164,123.33874326140644,122.89055929379764,540223.25,4.027381918025193
NBV,2025-11-25,123.57,640680,123.34781215311598,122.89731989783945,547950.6923076923,3.8599287558191957
NBV,2025-11-26,124.93,457587,123.40985873534673,122.91754557049778,541496.1428571428,3.728831626957395
NBV,2025-11-27,122.5,670403,123.37417800062725,122.91339088820428,550089.9333333333,3.7444028008702217
NBV,2025-11-28,124.52,610263,123.41911219668108,122.92937704852065,553850.75,3.5425463462578057
NBV,2025-11-29,122.72,513162,123.39169603210536,122.92729369480402,551457.2941176471,3.3639529827763024
NBV,2025-11-30,124.25,392582,123.42535501123848,122.94045495157215,542630.8888888889,2.5772950936980212
NBV,2025-12-01,123.62,638229,123.43298814805266,122.94721659384507,547662.3684210526,2.4957251638364513
NBV,2025-12-02,123.06,373026,123.41836116185452,122.94833881679189,538930.55,2.5815331344330477
NBV,2025-12-03,124.71,2042349,123.46901366531121,122.965867783789,613458.45,2.555143729425386
NBV,2025-12-04,124.3,547870,123.50160136471078,122.979142731214,623190.95,2.5565645948171185
NBV,2025-12-05,124.85,739526,123.55447974256526,122.9977582264258,621565.45,2.448598191699794
NBV,2025-12-06,126.76,374454,123.68018641932741,123.03519346795392,623086.55,2.4797235145860728
NBV,2025-12-07,128.63,592600,123.87429675582439,123.0908631846907,630721.05,2.735166813925595
NBV,2025-12-08,126.72,470531,123.98589296147834,123.12697399877338,618845.2,2.5679735029956587
NBV,2025-12-09,128.78,684399,124.17389715906742,123.18322301371096,626780.65,3.0006734820959267
NBV,2025-12-10,130.58,754928,124.42511687831968,123.2568227847188,645085.4,3.7347884886489746
NBV,2025-12-11,127.33,632278,124.53903386348362,123.29735191123902,645286.6,3.5779304634241713
NBV,2025-12-12,132.2,1624284,124.8394639080529,123.38593547431127,696543.7,4.352967867816334
NBV,2025-12-13,135.96,721640,125.27556336263906,123.51105054421862,704297.75,5.532834718972925
NBV,2025-12-14,134.3,592940,125.629462838614,123.61840327512192,703686.55,6.028776323271881
NBV,2025-12-15,137.64,472442,126.10046429592326,123.75792165049384,695274.65,6.837328497959609
NBV,2025-12-16,138.97,627434,126.60515197059294,123.90928561417053,703767.0,7.401875662571987
NBV,2025-12-17,140.64,677188,127.1555381678246,124.07576038417879,704106.25,8.106770369522964
NBV,2025-12-18,141.15,655170,127.7043405926158,124.2456533156795,706351.6,8.411079403427898
NBV,2025-12-19,142.68,352057,128.2916213536897,124.42907965084687,698296.35,8.650986318664149
NBV,2025-12-20,145.38,464048,128.96175384962342,124.63754651999268,701869.65,9.25096413151827
NBV,2025-12-21,140.93,742431,129.4310968359127,124.79966048496789,707079.75,9.08192411355633
NBV,2025-12-22,139.44,585955,129.8236028423475,124.94533550501797,717726.2,8.23752633439739
NBV,2025-12-23,141.48,578840,130.28071645637309,125.10985952984366,644550.75,7.633895783619609
NBV,2025-12-24,143.44,380016,130.79676679141727,125.29224898725816,636158.05,7.271895508443089
NBV,2025-12-25,143.42,394840,131.29179554469502,125.47262461922575,618923.75,5.591456800186527
NBV,2025-12-26,140.32,475608,131.6458427782364,125.62035969764142,623981.45,4.5180540308052155
NBV,2025-12-27,139.57,726853,131.956594041835,125.75916208870967,630694.1,4.116500434128049
NBV,2025-12-28,139.85,585827,132.26613937352772,125.89936943111059,636458.9,3.1082104361489593
NBV,2025-12-29,142.7,646251,132.67531037848744,126.06653988453239,634551.5,2.7886945279701014
NBV,2025-12-30,141.52,437349,133.0221609518801,126.22030565682562,618672.55,2.5794556031829563
NBV,2025-12-31,141.99,360314,133.37384091455147,126.37721803834975,605074.35,2.548307696371332
NBV,2026-01-01,145.79,499677,133.86074911398083,126.57038004791842,548844.0,3.010410439870996
NBV,2026-01-02,143.87,666812,134.25326875656984,126.74251556982968,546102.6,3.091158430032535
NBV,2026-01-03,147.17,531429,134.75980723670438,126.94577412137367,543027.05,3.476962190106379
NBV,2026-01-04,147.26,442756,135.2500108744807,127.14790572215604,541542.75,3.95451043079337
NBV,2026-01-05,145.81,410230,135.6641280950893,127.3335982025326,530682.55,3.8688486979014316
NBV,2026-01-06,146.87,327130,136.1035740521446,127.52799026021886,513179.65,4.0631575038508885
NBV,2026-01-07,145.94,780108,136.48931624617816,127.7111943372316,519426.55,4.17443870017747
NBV,2026-01-08,142.4,482031,136.7211077659359,127.85735160750791,525925.25,4.207026108941989
NBV,2026-01-09,146.05,702403,137.08694667707567,128.03837298454764,537843.0,4.0467919223303666
NBV,2026-01-10,145.72,739082,137.4254977877786,128.21430957176608,537675.55,3.5922450814603017
NBV,2026-01-11,144.47,770956,137.70175277649315,128.3760577352311,546925.6,2.9841255828980358
NBV,2026-01-12,141.14,335571,137.8365860009444,128.50306213587555,534762.15,3.2317186595535388
NBV,2026-01-13,134.69,623114,137.7131904714956,128.56462370666287,546917.05,5.049077015533845
NBV,2026-01-14,135.94,650739,137.6436535902605,128.6380105354523,559712.0,6.004941371830516
NBV,2026-01-15,139.17,790771,137.70351031221108,128.74280645052244,575470.15,6.207195178019038
NBV,2026-01-16,142.85,572253,137.9053334372224,128.88317653559187,567740.15,6.205061740933125
NBV,2026-01-17,143.4,355922,138.12081055733134,129.02762254021286,556244.9,5.972398428981966
NBV,2026-01-18,145.33,641007,138.40352386880855,129.18983525125552,555982.7,5.779994914253121
NBV,2026-01-19,144.51,391485,138.64299352101213,129.3422747014918,553689.5,5.687186581148179
NBV,2026-01-20,146.5,712402,138.95111142214893,129.51299833630281,571293.9,5.642537824808648
NBV,2026-01-21,148.52,285005,139.32636195461367,129.70212273096647,560560.3,5.981789500798983
NBV,2026-01-22,143.48,766284,139.4892497210994,129.839216037126,565533.9,5.981633255315787
NBV,2026-01-23,138.41,380350,139.44692620262495,129.9244974695924,557979.95,6.086973040576397
NBV,2026-01-24,140.45,780965,139.48626242997298,130.0292288380542,574890.4,5.960482916124077
NBV,2026-01-25,138.83,740901,139.46052664840542,130.11679870036212,591423.95,5.994776160023939
NBV,2026-01-26,142.33,698364,139.57305501513463,130.23832309140332,609985.65,5.995941725061199
NBV,2026-01-27,140.24,751326,139.59920972042346,130.3378422646232,608546.55,5.229791877017998
NBV,2026-01-28,143.36,791092,139.74669169217157,130.4674159734329,623999.6,4.502733784986865
NBV,2026-01-29,143.27,2294172,139.88486064541976,130.59480486921964,703588.05,4.243690727304679
NBV,2026-01-30,141.53,365195,139.94937591422683,130.70361278096868,684893.7,4.282581767276286
NBV,2026-01-31,139.14,634431,139.91763568229638,130.78755693240183,678067.45,4.5247577192135875
NBV,2026-02-01,137.91,421889,139.83890487122594,130.85842701267643,682383.35,4.713613438578932
NBV,2026-02-02,136.29,693544,139.69973213117785,130.91247251503788,685904.85,5.1022543498486455
NBV,2026-02-03,137.35,351497,139.60758577309244,130.97652751488826,670942.75,4.846075519382675
NBV,2026-02-04,137.59,342294,139.52846476238295,131.04233321125753,648518.9,3.667631208466552
NBV,2026-02-05,136.62,587779,139.41440732072087,131.09783238328484,649295.2,3.5751276777321968
NBV,2026-02-06,135.7,566517,139.26874428853574,131.14362509588898,659824.95,3.8737301535079363
NBV,2026-02-07,136.16,604703,139.14683274780887,131.19353927403935,658009.75,4.037242421954007
NBV,2026-02-08,140.76,789421,139.21009420867912,131.28872793797927,677906.55,4.095012528660791
NBV,2026-02-09,136.24,654671,139.09361992598582,131.33799432665612,675020.0,4.006072519683781
NBV,2026-02-10,138.42,551504,139.06720345830013,131.40846204479885,688344.95,3.953095879556363
NBV,2026-02-11,140.89,668519,139.1386856756217,131.50280570604465,683456.7,3.540339607010234
NBV,2026-02-12,143.7,511273,139.31756074716594,131.62417082339746,690002.85,3.6449596389026166
NBV,2026-02-13,149.07,1411304,139.7000093453163,131.79776116346315,721519.8,5.519184274414437
NBV,2026-02-14,147.13,713013,139.99138152785292,131.95032075387647,720125.4,6.414064827384339
NBV,2026-02-15,145.77,496383,140.21799401695674,132.08783000010655,710026.35,6.825083594464437
NBV,2026-02-16,147.18,596823,140.49101385942905,132.23800084587666,702301.2,7.155479802835767
NBV,2026-02-17,144.96,475921,140.66626821788282,132.3645879021366,686542.65,7.152652441615565
NBV,2026-02-18,140.73,684002,140.66876750345605,132.44782583345864,606034.15,6.968359387613761
NBV,2026-02-19,145.7,482197,140.86607073861464,132.57968826297648,611884.25,6.778424127615966
NBV,2026-02-20,150.38,532241,141.23916600376702,132.7568057926981,606774.75,6.853245290844637
NBV,2026-02-21,151.31,783539,141.63410067028596,132.9414146902832,624857.25,6.788028043937066
NBV,2026-02-22,152.45,387071,142.05825358517671,133.1355299669968,609533.6,7.288726062206749
NBV,2026-02-23,152.16,291283,142.45440050340508,133.32482817628042,606522.9,6.63601496704608
NBV,2026-02-24,147.38,746793,142.64756126797744,133.46468063223784,626747.85,5.668635912139566
NBV,2026-02-25,146.47,567325,142.79746082609597,133.59408679510116,625725.15,5.022354437254453
NBV,2026-02-26,144.11,366647,142.8489329505628,133.69872274738873,615731.65,4.971713614412957
NBV,2026-02-27,144.36,699842,142.9081904819133,133.80480510811125,620488.6,5.069540708437822
NBV,2026-02-28,144.5,495244,142.97061438458334,133.9112249577818,605779.75,5.1797147657904645
NBV,2026-03-01,146.3,337249,143.1011785263644,134.0344963512367,589908.65,5.162945707551417
NBV,2026-03-02,144.67,713569,143.16270093709522,134.14032225818957,598011.9,5.245141708139468
NBV,2026-03-03,145.82,806598,143.26690874348364,134.25653795711307,604915.85,5.203524587418689
NBV,2026-03-04,146.53,1330676,143.39487310648428,134.3786619575398,645886.0,4.486972351054072
NBV,2026-03-05,145.45,297261,143.4754663179947,134.48882452512646,590183.85,4.503449364800442
NBV,2026-03-06,148.49,514821,143.67211469768117,134.62813970398093,580274.25,4.338850812557301
NBV,2026-03-07,147.82,534405,143.83477686639958,134.7594019954836,582175.35,3.968490055950565
NBV,2026-03-08,149.92,586460,144.07341306771724,134.91025371692157,581657.2,3.4513012357345563
NBV,2026-03-09,149.12,321407,144.2713184376107,135.05164422720097,573931.5,2.7685135060117783
NBV,2026-03-10,150.64,453108,144.5210706557436,135.20675224484074,562386.8,3.2203348573415838
NBV,2026-03-11,151.11,598428,144.7794600417929,135.36499351603635,568198.35,3.662699193848458
NBV,2026-03-12,153.41,466747,145.11791258917356,135.5445458193594,564923.65,4.22123360959994
NBV,2026-03-13,150.99,583378,145.34819052685305,135.69823193060958,554915.6,4.142738135369513
NBV,2026-03-14,154.78,981942,145.7180654081529,135.8881002696085,584659.15,4.581225317760652
NBV,2026-03-15,155.92,579127,146.11814127449986,136.08742265498552,599051.35,5.205362315983651
NBV,2026-03-16,151.13,549280,146.31468475393126,136.23710004150308,589175.7,4.768154448071361
NBV,2026-03-17,149.38,624599,146.43489319495356,136.36787516546823,592039.4,4.4183271068448855
NBV,2026-03-18,150.21,638416,146.58293659907304,136.50560775088647,605627.85,4.105007545736409
NBV,2026-03-19,145.61,712224,146.54478222263882,136.59619871853937,606246.95,4.070637437595618
NBV,2026-03-20,144.62,655220,146.46930056684909,136.67603753726038,614245.75,4.6707728141413645
NBV,2026-03-21,144.82,336655,146.40462211324717,136.75707198962598,614216.05,5.086457779954153
NBV,2026-03-22,144.88,1577674,146.3448330107669,136.8378971439581,657421.3,5.504623830607043
NBV,2026-03-23,145.88,512375,146.32660426524663,136.92786831665504,642710.15,5.718756877135425
NBV,2026-03-24,148.33,714830,146.4051688038644,137.0413223632555,611917.85,5.715934746607598
NBV,2026-03-25,147.0,1335224,146.42849551743834,137.1404136830241,663816.0,5.735856422636685
NBV,2026-03-26,146.39,793344,146.42698588930352,137.23244936777013,677742.15,5.501858027816194
NBV,2026-03-27,145.56,460235,146.39298644266418,137.31531056809084,674033.65,5.518609140051788
NBV,2026-03-28,145.28,712659,146.34933991550088,137.39456120920437,680343.6,4.8221692288256035
NBV,2026-03-29,147.12,455825,146.3795618795989,137.4913317444362,687064.5,3.1705820911478426
NBV,2026-03-30,145.83,783503,146.35801043334013,137.57430356787464,703584.25,2.5991392541842746
NBV,2026-03-31,148.96,596452,146.46004923987581,137.68759407963708,703485.45,2.522743061619494
NBV,2026-04-01,147.33,632898,146.49416495595912,137.78353841715315,711793.0,1.9905677651054252
NBV,2026-04-02,146.0,508454,146.47478593807836,137.86529425379842,708046.8,1.9746756584432372
NBV,2026-04-03,143.98,546119,146.37695119540862,137.92613709704423,686255.65,2.0818723082111945
NBV,2026-04-04,138.12,801850,146.05314918774553,137.92806608115325,697391.8,3.852526999998667
NBV,2026-04-05,136.82,464032,145.69106490587316,137.91704054800746,693129.4,5.26704172865881
NBV,2026-04-06,140.13,802740,145.47298392917227,137.93906004504223,702036.45,5.627916935995616
NBV,2026-04-07,140.13,510334,145.2634551476361,137.960860442604,695632.35,5.691146355582877
NBV,2026-04-08,145.14,567936,145.25861376929743,138.0322946670557,688417.95,5.579918135699112
NBV,2026-04-09,143.08,576969,145.17317793520735,138.0825205907666,684505.4,5.497504328889506
NBV,2026-04-10,148.08,528518,145.2871709573561,138.18199799782363,694098.55,5.723719877035757
NBV,2026-04-11,149.12,596624,145.43747797863625,138.2908338386413,645046.05,6.068954867752609
NBV,2026-04-12,148.19,468799,145.54542001868973,138.38933300442596,642867.25,6.170107273276627
NBV,2026-04-13,153.06,322185,145.8401094297215,138.53530979045158,623235.0,7.083320021534902
NBV,2026-04-14,153.65,1004944,146.14637964816382,138.68570471790977,606721.0,7.768726162075945
NBV,2026-04-15,154.42,439837,146.47083534823582,138.8422648699704,589045.65,8.58220020971107
NBV,2026-04-16,155.95,618948,146.84256729536384,139.0124910901697,596981.3,9.516775912237309
NBV,2026-04-17,157.1,352441,147.24481955829074,139.19246630320285,578970.4,10.351587850010606
NBV,2026-04-18,159.04,436998,147.70737565404406,139.3899542006834,578029.05,10.516912419558437
NBV,2026-04-19,159.13,782099,148.15532170682667,139.58637256684577,577958.85,9.883786923848897
NBV,2026-04-20,164.28,324449,148.78766203204916,139.83208030249904,564358.7,10.256606159816426
NBV,2026-04-21,163.24,437632,149.3544203837335,140.06499492635476,554595.4,9.732488416085172
NBV,2026-04-22,162.23,542022,149.8593450745675,140.28554224052039,556273.8,9.503261014913942
NBV,2026-04-23,163.12,355163,150.3793707579178,140.5127507754406,546726.0,8.478474465270397
NBV,2026-04-24,164.97,783999,150.951552296823,140.75610648911783,545833.45,8.28654602684044
NBV,2026-04-25,162.62,298833,151.40913848126132,140.9736576683306,537573.5,7.613288447774111
NBV,2026-04-26,167.9,533704,152.05583893297657,141.2415814726258,524121.7,7.005746042349061
NBV,2026-04-27,165.94,445985,152.60031583756572,141.4873368808584,520904.25,6.676394748714202
NBV,2026-04-28,163.58,423346,153.03089168707294,141.70716437458123,513674.75,5.937837601738065
NBV,2026-04-29,165.48,819265,153.5190920130701,141.94371000269487,525789.55,5.20792037337202
NBV,2026-04-30,163.43,535280,153.90775507138108,142.1575039330163,526127.65,4.385507789461451
NBV,2026-05-01,162.92,586366,154.26117644113083,142.36409593368282,525614.75,3.575135285229165
NBV,2026-05-02,160.52,575622,154.50662050226293,142.54475169553672,530955.9,3.2999565431701443
NBV,2026-05-03,161.23,724870,154.77028244335065,142.73067456423786,551090.15,2.898813038635854
NBV,2026-05-04,161.84,622211,155.0475262691016,142.92081710588724,531953.5,2.974820430447
NBV,2026-05-05,162.18,552068,155.32723112129372,143.11245076652517,537565.05,3.0209368316232057
NBV,2026-05-06,164.0,509218,155.66733970477242,143.32028707730603,532078.55,2.9827765892397857
NBV,2026-05-07,161.17,370749,155.88313030458525,143.49789616111394,532993.95,3.130458222260282
NBV,2026-05-08,162.77,572319,156.15320362597407,143.68965838836655,539760.0,3.064604647968485
NBV,2026-05-09,161.29,410472,156.3546466210339,143.86478616559674,521178.65,3.1573346710909775
NBV,2026-05-10,163.56,588256,156.63720949864043,144.06075844255597,534369.0,2.4240558658285796
NBV,2026-05-11,167.49,574883,157.0628091261447,144.29388522422207,541231.55,2.8141932265717067
NBV,2026-05-12,161.34,671390,157.23054210159,144.4634983065681,547699.95,2.8716637594348304
NBV,2026-05-13,162.57,500770,157.43993260741001,144.64366250252266,554980.3,2.6285455647017137
NBV,2026-05-14,157.42,548033,157.4391509365312,144.77079023881598,543182.0,3.3127291958857406
NBV,2026-05-15,151.83,789278,157.21918423313784,144.84103113196207,567704.25,5.2762722152112795
NBV,2026-05-16,153.13,555971,157.05882406713243,144.9235084341316,568817.6,6.228630676953807
NBV,2026-05-17,153.59,424120,156.9227917507743,145.00974218105566,567724.35,6.867066531442159
NBV,2026-05-18,150.01,382989,156.65170187819493,145.0594959901994,565706.5,7.958406891285067
NBV,2026-05-19,150.15,552428,156.39673317708923,145.11014777139144,552364.65,8.67418460556553
NBV,2026-05-20,148.07,762712,156.07019462112495,145.13959903734775,563736.25,9.285298442717497
NBV,2026-05-21,150.02,333923,155.83293208696318,145.18816024095625,551114.1,9.584581969938199
NBV,2026-05-22,146.14,804459,155.4528171031607,145.1976312833348,562555.95,10.056759228564752
NBV,2026-05-23,144.74,409659,155.03270662852697,145.19307773822698,546795.4,10.574915711611922
NBV,2026-05-24,144.26,484221,154.61024754505533,145.18379338262272,539895.9,10.47676361402609
NBV,2026-05-25,149.03,553837,154.39141430799435,145.22206409523346,539984.35,8.44821689360096
NBV,2026-05-26,148.08,773159,154.1439078645436,145.2505012684152,553181.4,7.408845396544367
NBV,2026-05-27,146.0,601199,153.82453892867915,145.25795896723696,564703.9,5.533763709873284
NBV,2026-05-28,145.2,320814,153.48632171578976,145.2573822610953,552128.65,4.578210592063501
NBV,2026-05-29,146.16,481881,153.19901498183722,145.2663635321292,555699.1,4.445927881250729
NBV,2026-05-30,145.58,763239,152.90023008058873,145.26948429300353,564448.25,4.000244583869509
NBV,2026-05-31,149.23,608596,152.75629948919308,145.30889240949108,566133.9,3.1756407374598963
NBV,2026-06-01,147.34,541740,152.5438955876561,145.3291024352673,559651.4,2.959184436205497
NBV,2026-06-02,145.81,479547,152.27982125088528,145.33388748566264,558590.25,2.6956017289887466
NBV,2026-06-03,144.93,296700,151.99159296653684,145.32986870471078,546023.6,2.7397386977368208
NBV,2026-06-04,147.26,291193,151.80604030118246,145.34907399123108,521119.35,2.3390594052113083
NBV,2026-06-05,149.6,614964,151.71952891682238,145.3913717624626,524069.0,2.6589693740012534
NBV,2026-06-06,148.75,531740,151.60307680243722,145.42479094890578,529450.0,2.644105745297663
NBV,2026-06-07,148.06,327750,151.46413261410635,145.4510119344888,526688.05,2.4042050215658883
NBV,2026-06-08,144.22,577796,151.1800489821806,145.43876305951875,527956.45,2.545369745806209
NBV,2026-06-09,142.96,711879,150.8576941201343,145.4140987504688,525414.8,2.9244669844034226
NBV,2026-06-10,143.75,762358,150.57896101738393,145.39754055394673,546836.55,3.124277432948383
NBV,2026-06-11,143.8,418345,150.31311940885905,145.3816446280368,527530.85,3.260626688400172
NBV,2026-06-12,145.33,819817,150.1177029614528,145.38113075114092,548038.75,3.28134638006149
NBV,2026-06-13,148.69,429460,150.0617146100233,145.41405482326888,545300.7,3.4158551010599227
NBV,2026-06-14,151.85,704119,150.13184344884593,145.47809407875877,552814.8,3.9152833988633624
NBV,2026-06-15,150.12,410102,150.13137899987157,145.52428219737808,534661.95,4.1577701817950175
NBV,2026-06-16,146.42,511871,149.98583472536683,145.53319481232955,530195.55,4.139911609186422
NBV,2026-06-17,146.56,275643,149.85148826554854,145.54341177937104,527937.0,4.060664378191829
NBV,2026-06-18,147.82,735180,149.77182205905643,145.56606439848179,540601.95,4.074127915178792
NBV,2026-06-19,153.76,749139,149.9282211939954,145.64759609600935,539896.95,4.8094672690534175
NBV,2026-06-20,151.45,625701,149.9878987942309,145.70533145823813,540752.2,5.066075233278609
NBV,2026-06-21,152.52,393006,150.08719688073163,145.77313910541986,533315.5,5.454328014835067
NBV,2026-06-22,152.63,323373,150.18691465011472,145.84136657700773,525506.8,5.539348555343869
NBV,2026-06-23,156.89,770043,150.44978074226708,145.9513032279828,549173.95,5.9681021266825525
NBV,2026-06-24,160.77,425812,150.8544952229625,146.09875294710736,555904.9,6.992212632636882
NBV,2026-06-25,159.61,347645,151.19784835147377,146.23319321629037,542538.95,7.1948700818369105
NBV,2026-06-26,160.98,644512,151.58146214161206,146.37992761214818,548177.55,7.508697676475538
NBV,2026-06-27,164.51,336700,152.0884636262547,146.56032634237556,548625.05,8.588107745182434
NBV,2026-06-28,163.35,321743,152.53009250365648,146.72738777180467,535822.4,9.29960658065437
NBV,2026-06-29,162.76,585407,152.93126534665035,146.8869162516872,529498.8,9.57203006044311
NBV,2026-06-30,165.67,806303,153.43082356835035,147.0738126073918,531696.05,9.446271896746174
NBV,2026-07-01,166.32,520649,153.93628146763075,147.26531695955705,536811.25,8.94143140690565
NBV,2026-07-02,168.73,1775169,154.51642729242957,147.47889589528285,584578.85,8.537836706793499
NBV,2026-07-03,172.93,659135,155.23852818292252,147.7321407122452,596062.6,9.51692549509149
NBV,2026-07-04,176.96,545637,156.09035060712165,148.02296518277015,588138.5,10.372981473176244
NBV,2026-07-05,174.97,2196552,156.83072901468552,148.29109488244407,677461.0,10.28093319512567
NBV,2026-07-06,178.62,696113,157.6852102297959,148.5928750328675,686673.1,10.239439889868986
NBV,2026-07-07,179.32,764669,158.5336333580392,148.8986175698539,711124.4,10.485228620815409
NBV,2026-07-08,180.33,777447,159.38839283419452,149.21136764378574,713237.75,10.990128412692421
NBV,2026-07-09,185.62,791798,160.41708331128493,149.57364259260382,715370.7,11.795776256779192
NBV,2026-07-10,183.68,453922,161.3293545539796,149.91300933297592,706781.75,11.80053347299382
NBV,2026-07-11,177.91,535332,161.97957594401962,150.19158635453834,713898.05,11.320047476165096
NBV,2026-07-12,175.46,610009,162.5082200246463,150.44301335598573,728229.85,10.330452874554945
NBV,2026-07-13,179.42,305840,163.1714270825033,150.73134158129932,705019.7,9.001936055496394
NBV,2026-07-14,179.71,3200764,163.81999856946396,151.01968644118688,843767.3,7.86370477238594
NBV,2026-07-15,173.05,762179,164.18195940987715,151.2388935412746,864494.0,6.626258547261589
NBV,2026-07-16,175.59,431667,164.62933355066627,151.4811931080281,853851.75,5.509540189924002
NBV,2026-07-17,177.96,785752,165.15210478397347,151.7446638233711,876304.35,5.039676696851028
NBV,2026-07-18,179.83,422360,165.7277085179353,152.02411990473058,881335.2,5.022009812309916
NBV,2026-07-19,178.34,532434,166.22230818389863,152.28596945791736,878686.55,4.7667711443753085
NBV,2026-07-20,182.17,805865,166.84770786296144,152.58332299564952,878664.65,4.937850349232999
NBV,2026-07-21,176.15,782418,167.2125036330414,152.81781729420027,891753.1,5.082672082133316
NBV,2026-07-22,172.06,520643,167.40260152978487,153.0092817987356,829026.8,5.732224519290266
NCBA,2025-11-13,44.45,425692,44.45,44.45,425692.0,0.328804653251747
NCBA,2025-11-14,44.14,387019,44.43784313725491,44.446915422885574,406355.5,0.328804653251747
NCBA,2025-11-15,44.07,420817,44.42341791618609,44.443165020667806,411176.0,0.30335622624235137
NCBA,2025-11-16,43.98,248764,44.40602897829644,44.43855641349698,370573.0,0.30618621784789835
NCBA,2025-11-17,43.83,278249,44.38343960659854,44.4325011258005,352108.2,0.3454236529249256
NCBA,2025-11-18,44.68,497288,44.39506942594762,44.434963801165665,376304.8333333333,0.4735266623961123
NCBA,2025-11-19,45.01,344086,44.41918435042026,44.4406855543879,371702.14285714284,0.6341191866338259
NCBA,2025-11-20,45.18,225848,44.44902025824692,44.44804191703081,353470.375,0.7471553194808791
NCBA,2025-11-21,44.67,178698,44.45768613047253,44.45025045516981,334051.22222222225,0.7102112361825905
NCBA,2025-11-22,43.9,354820,44.43581608614027,44.44477532626265,336128.1,0.7178596659515024
NCBA,2025-11-23,44.76,278149,44.448529180801444,44.447911890180436,330857.2727272727,0.7011714224327501
NCBA,2025-11-24,44.48,466479,44.44976333057394,44.44823117485526,342159.0833333333,0.6689718196266174
NCBA,2025-11-25,44.18,402455,44.439184376433786,44.44556220794128,346797.23076923075,0.6488258626164667
NCBA,2025-11-26,44.43,442380,44.43882420480893,44.44540736010107,353624.5714285714,0.6234232859034023
NCBA,2025-11-27,44.47,342161,44.440046785012505,44.445652062985644,352860.3333333333,0.623688954598295
NCBA,2025-11-28,44.63,436180,44.44749593069829,44.447486370816634,358067.8125,0.6174906014322363
NCBA,2025-11-29,44.34,273277,44.44328040400424,44.44641685468911,353080.1176470588,0.5980765873996459
NCBA,2025-11-30,44.37,308792,44.440406662670746,44.44565648797579,350619.6666666667,0.5624730762787338
NCBA,2025-12-01,44.3,301139,44.434900519036596,44.44420716968747,348015.4210526316,0.49364700205446654
NCBA,2025-12-02,44.57,296586,44.440198537897906,44.445458839640835,345443.95,0.4897612392059741
NCBA,2025-12-03,44.23,407864,44.431955457980344,44.44331497058968,344552.55,0.45336243779122254
NCBA,2025-12-04,43.41,474333,44.39187877335367,44.433033229588794,348918.25,0.5205422996397944
NCBA,2025-12-05,42.95,240092,44.33533450773196,44.41827668004065,339882.0,0.741008742218304
NCBA,2025-12-06,42.91,271296,44.27943903684051,44.40326895188104,341008.6,0.9026643255470908
NCBA,2025-12-07,43.24,190252,44.238676721670295,44.39169413643944,336608.75,0.9287263078781909
NCBA,2025-12-08,43.52,228445,44.210493320820476,44.383020562942534,323166.6,0.9291095967953109
NCBA,2025-12-09,43.98,297994,44.201454367062816,44.37901040808739,320862.0,0.9246547469725681
NCBA,2025-12-10,44.23,260004,44.20257380364859,44.37752771745966,322569.8,0.9101821004853694
NCBA,2025-12-11,44.09,272147,44.19815914468198,44.37466674514663,327242.25,0.88421109371109
NCBA,2025-12-12,44.52,507762,44.21078035469445,44.37611284718497,334889.35,0.8697356551792699
NCBA,2025-12-13,44.25,222944,44.21231838000055,44.374857992984126,332129.1,0.8626515633674021
NCBA,2025-12-14,43.74,393370,44.19379609058877,44.36854099802906,328473.65,0.8396378732773807
NCBA,2025-12-15,43.78,249607,44.17756879291863,44.36268486869544,320831.25,0.8172901484865658
NCBA,2025-12-16,44.15,392042,44.17648766378457,44.360568601345236,318314.35,0.7659318823182999
NCBA,2025-12-17,44.64,482059,44.19466461814596,44.36334901327215,325309.25,0.822631214691384
NCBA,2025-12-18,44.46,276630,44.20506992723827,44.36431071463263,317331.75,0.84065908209434
NCBA,2025-12-19,44.06,530344,44.199380910483825,44.36128274732286,330185.1,0.7372562923836923
NCBA,2025-12-20,43.58,436686,44.17509146301387,44.353508789638056,336579.8,0.608291608785366
NCBA,2025-12-21,43.42,467338,44.14548003309176,44.34422014496504,344889.75,0.5716676011056199
NCBA,2025-12-22,43.14,296995,44.10604944355875,44.33223785496539,344910.2,0.6458293926383439
NCBA,2025-12-23,42.81,364697,44.0552239751839,44.31709120964235,342751.85,0.8039617733244764
NCBA,2025-12-24,42.61,469926,43.99854852517669,44.300105227456854,342531.5,0.9454597259569517
NCBA,2025-12-25,42.83,213300,43.95272309281682,44.28547731474585,341191.9,1.0119867441472086
NCBA,2025-12-26,42.79,289145,43.90712610878479,44.27059694345485,342084.35,1.0110352653059629
NCBA,2025-12-27,43.49,371264,43.890768222165775,44.26282980968913,351134.95,0.9702526010736059
NCBA,2025-12-28,43.01,522744,43.85622829188477,44.25036384143352,365849.9,0.9876301555621961
NCBA,2025-12-29,42.69,360983,43.81049384906576,44.23483783306105,368999.35,1.0268949249135295
NCBA,2025-12-30,42.88,240305,43.77400389420043,44.22135685959776,368014.4,0.9932420690306453
NCBA,2025-12-31,42.58,515165,43.72718021207493,44.205024950547035,380165.3,0.85071148309664
NCBA,2026-01-01,42.02,408646,43.660231968464146,44.18328340875055,375209.5,0.7675772681869258
NCBA,2026-01-02,42.18,212372,43.60218365597536,44.16335024050428,374680.9,0.6805913112632025
NCBA,2026-01-03,42.26,311321,43.54954900279986,44.144411432141055,370578.45,0.6433677916903708
NCBA,2026-01-04,42.63,483462,43.51348825759202,44.12934266167199,382271.2,0.5788839204940144
NCBA,2026-01-05,42.72,379349,43.482371071019784,44.115319351605606,381636.55,0.5483917545728076
NCBA,2026-01-06,42.18,378540,43.43129769568568,44.096062442634405,376460.6,0.5795338454498613
NCBA,2026-01-07,42.42,454159,43.39163896252153,44.079385204399244,385337.05,0.5858425884667862
NCBA,2026-01-08,42.02,249534,43.337849199285394,44.0588938093306,371296.55,0.6243199597064297
NCBA,2026-01-09,42.2,265000,43.29322766205852,44.04039735351636,362712.25,0.6318105850526263
NCBA,2026-01-10,42.31,521518,43.25466971452681,44.023179469401775,365421.25,0.47618850732186047
NCBA,2026-01-11,41.68,368186,43.19291796101596,43.99986425080076,368980.8,0.4966393931346129
NCBA,2026-01-12,41.56,496479,43.128881962544746,43.97558699457389,375569.9,0.5614644313687546
NCBA,2026-01-13,42.59,228649,43.1077493365626,43.9618000593045,363506.05,0.5162556707507908
NCBA,2026-01-14,42.53,203840,43.08509249983466,43.94755329254525,363033.05,0.5109057890400706
NCBA,2026-01-15,43.04,220168,43.08332416650781,43.9385229115249,359584.2,0.5933532943096043
NCBA,2026-01-16,42.94,1826912,43.07770361095849,43.92858736016644,432366.6,0.6411493799984934
NCBA,2026-01-17,42.6,306047,43.05897013601894,43.91536758543842,421531.75,0.6461776879431294
NCBA,2026-01-18,42.84,445713,43.05038307186134,43.904667410458934,425768.25,0.6650465777292398
NCBA,2026-01-19,42.37,383419,43.02370138276874,43.88939708796681,432923.95,0.6507417576617932
NCBA,2026-01-20,41.83,219856,42.976889563836636,43.868905574653716,418158.5,0.683401017375141
NCBA,2026-01-21,41.45,181868,42.917011541725394,43.84483686246811,406819.6,0.7716661722005258
NCBA,2026-01-22,41.29,279234,42.853207167540084,43.819415600155,410162.7,0.8646012388365729
NCBA,2026-01-23,41.55,258262,42.80210100410714,43.796834350402214,407509.75,0.9068339441142133
NCBA,2026-01-24,41.23,353755,42.740449984338234,43.771293710099705,401024.4,0.981227365525996
NCBA,2026-01-25,41.11,220477,42.676510769266145,43.744813175670856,393080.8,1.0484759347329975
NCBA,2026-01-26,41.09,181483,42.61429466066747,43.718397124171645,383227.95,1.1032658810982756
NCBA,2026-01-27,41.57,381417,42.573341928876594,43.69702003835899,379590.85,1.0898112045388488
NCBA,2026-01-28,41.45,471619,42.52928930421477,43.67466163001711,390695.1,1.0779857590447361
NCBA,2026-01-29,41.61,462951,42.493238743265174,43.65411773320102,400592.65,0.9580773587110236
NCBA,2026-01-30,41.56,493801,42.456641145490075,43.63328074083086,399206.8,0.8186541656017603
NCBA,2026-01-31,41.52,187949,42.41991012017674,43.612253071767874,390194.95,0.7172966074622799
NCBA,2026-02-01,41.5,183535,42.38383521350314,43.5912356282677,374547.75,0.47983642473812665
NCBA,2026-02-02,42.1,1241152,42.37270442081674,43.576397462812295,425172.9,0.4018897667462551
NCBA,2026-02-03,41.86,492113,42.35259836509844,43.55931888109277,439586.55,0.40643670688469014
NCBA,2026-02-04,41.68,338128,42.32622195862399,43.540619190733636,445484.55,0.4127194720840506
NCBA,2026-02-05,41.63,189567,42.29891913671717,43.52160805450743,363617.3,0.40396999670982114
NCBA,2026-02-06,42.09,186345,42.29072622939493,43.507363198243674,357632.2,0.46180129878597553
NCBA,2026-02-07,41.81,279281,42.27187422039905,43.4904740121915,349310.6,0.4458434407124846
NCBA,2026-02-08,41.61,348278,42.245918368618696,43.47176282799059,347553.55,0.38977169987308047
NCBA,2026-02-09,42.39,501807,42.25156862867287,43.46099901875685,361651.1,0.41493611318123536
NCBA,2026-02-10,42.25,449587,42.25150711382295,43.44894927727668,375037.05,0.4540205010619988
NCBA,2026-02-11,42.36,368957,42.25576173681029,43.43811396108488,379523.2,0.48179053060909066
NCBA,2026-02-12,41.93,210115,42.2429867667393,43.42310785201936,377115.85,0.4705749639571475
NCBA,2026-02-13,41.63,258785,42.21894807000443,43.40526598284504,372367.35,0.4631699187407876
NCBA,2026-02-14,41.14,214607,42.17663638098465,43.38272602281673,372073.85,0.5342875506814294
NCBA,2026-02-15,41.2,519352,42.13833691506368,43.361007355923036,388967.3,0.5804024749835293
NCBA,2026-02-16,41.42,187197,42.11016683996315,43.34169384989396,379256.3,0.5904542858987782
NCBA,2026-02-17,41.26,366916,42.07682696388616,43.320980478253226,374021.15,0.6253517691386252
NCBA,2026-02-18,41.63,197423,42.059304337851415,43.3041548018527,360744.75,0.6265417248412162
NCBA,2026-02-19,41.21,510926,42.025998285386656,43.28331744064023,361601.0,0.6609031657553687
NCBA,2026-02-20,41.25,289702,41.99556698007738,43.2630854263055,366688.65,0.6629426781445508
NCBA,2026-02-21,41.39,322511,41.971819255368466,43.24444776037212,373637.45,0.6666915402868745
NCBA,2026-02-22,41.82,311933,41.96586555907951,43.23027415081618,327176.5,0.6714835142355209
NCBA,2026-02-23,41.18,415207,41.935047301860706,43.20987341299711,323331.2,0.6079998960742923
NCBA,2026-02-24,41.02,259415,41.8991630939446,43.18808362779316,319395.55,0.5602300351709729
NCBA,2026-02-25,41.05,277525,41.86586258045658,43.166809163835026,323793.45,0.4260799143430386
NCBA,2026-02-26,41.22,325808,41.84053463612495,43.14743792837398,330766.6,0.3522096653296533
NCBA,2026-02-27,41.48,284309,41.82639602294358,43.13084650620111,331018.0,0.33369003350642035
NCBA,2026-02-28,41.77,251195,41.824184414200694,43.11730574494538,326163.85,0.37303330434939036
NCBA,2026-03-01,41.06,294247,41.79421639795753,43.096835041015574,315785.85,0.38674678657107875
NCBA,2026-03-02,41.36,351913,41.77718830391998,43.07955310030896,310902.15,0.38534414474608064
NCBA,2026-03-03,40.61,456178,41.73141621357018,43.05498043264419,315263.2,0.4831434671917726
NCBA,2026-03-04,40.92,228636,41.699595969900756,43.033736846249724,316189.25,0.48031926195663743
NCBA,2026-03-05,41.02,230623,41.67294514755171,43.013699663699974,314781.15,0.4882494239627676
NCBA,2026-03-06,40.88,257924,41.641849259412425,42.992468821275104,316947.0,0.5071364339478434
NCBA,2026-03-07,40.83,303364,41.61001203355312,42.970951718575854,306147.6,0.520076600444244
NCBA,2026-03-08,40.91,413071,41.582560581256914,42.95044473630146,317441.3,0.4418338718677404
NCBA,2026-03-09,40.42,314681,41.53696997022723,42.9252661817114,314829.55,0.5150809442416253
NCBA,2026-03-10,40.32,516024,41.4892456576693,42.89934313512721,330759.6,0.590534889776988
NCBA,2026-03-11,40.05,344217,41.432804651486194,42.87099146214087,322424.15,0.6988771410210228
NCBA,2026-03-12,39.85,193536,41.37073388083968,42.84093184560216,317615.85,0.8042315969535239
NCBA,2026-03-13,39.41,495442,41.293842356100875,42.80679322027278,326262.4,0.9287183210102865
NCBA,2026-03-14,39.49,506308,41.22310344017535,42.77379030265813,335981.15,0.9118729216698229
NCBA,2026-03-15,39.91,213914,41.17160918761945,42.74529487676104,325916.5,0.9082016404852779
NCBA,2026-03-16,39.23,183920,41.09546765085006,42.710316818285804,322141.75,0.9306836817010067
NCBA,2026-03-17,38.91,298739,41.00976303709123,42.672502720591424,323202.45,1.0646604086347016
NCBA,2026-03-18,38.92,341703,40.9278115454406,42.63516438506315,323997.2,1.116133743315268
NCBA,2026-03-19,38.62,250273,40.83730913189391,42.595212500634666,322295.4,1.1545498266414131
NCBA,2026-03-20,38.73,474144,40.75466955809415,42.55675267475771,333442.85,1.1407696938932959
NCBA,2026-03-21,38.84,343410,40.67958447738458,42.51977006107853,335901.0,1.072176908992041
NCBA,2026-03-22,39.14,380972,40.61920861552636,42.48614050823198,337353.95,0.9032523651586707
NCBA,2026-03-23,38.61,204920,40.54041612079984,42.447571945961016,324791.05,0.8450161744988802
NCBA,2026-03-24,38.28,370581,40.45177235135671,42.40610356838926,331888.3,0.8087207541801025
NCBA,2026-03-25,38.42,478186,40.372095004244684,42.36644084631574,344266.45,0.7541817485791986
NCBA,2026-03-26,38.68,306521,40.30573833741156,42.32975984286982,346696.3,0.6745043968118685
NCBA,2026-03-27,38.86,248023,40.2490427163366,42.29523486930892,343929.25,0.6438163173990771
NCBA,2026-03-28,38.73,297922,40.18947241373516,42.259759895484954,338171.8,0.5940238090465213
NCBA,2026-03-29,39.1,303113,40.14674800535339,42.228319498514956,337593.4,0.40087490170006124
NCBA,2026-03-30,39.61,472117,40.125699063966984,42.20226656818147,335398.05,0.49162058205810144
NCBA,2026-03-31,39.75,288343,40.11096576734083,42.17786590581151,332604.35,0.6179669120555401
NCBA,2026-04-01,40.28,377026,40.11759456077844,42.15898166794274,341778.85,0.8360501227152415
NCBA,2026-04-02,40.19,324958,40.12043398976753,42.13938981055028,333254.65,0.9498397782760374
NCBA,2026-04-03,40.2,390079,40.12355422546292,42.120092399500024,327443.2,1.0333210223181908
NCBA,2026-04-04,39.75,479299,40.10890504015065,42.09650939054978,340712.45,1.0439898635354259
NCBA,2026-04-05,39.84,192856,40.09835974445847,42.07405656079306,341159.25,1.067839042075212
NCBA,2026-04-06,40.17,394748,40.10116916624442,42.05511072436726,345959.7,1.0746801210766197
NCBA,2026-04-07,40.82,510687,40.129358610705424,42.04282106541834,354408.9,1.091207869924207
NCBA,2026-04-08,41.48,517851,40.18232493969737,42.03722085581219,367787.8,1.2023753962080699
NCBA,2026-04-09,41.3,530402,40.22615533421904,42.029885324908584,370600.7,1.2313882543564239
NCBA,2026-04-10,41.01,296455,40.25689434072025,42.01973721222293,368252.95,1.1859776534595536
NCBA,2026-04-11,41.58,350255,40.308780837162594,42.015361717573946,366717.1,1.1410080852252533
NCBA,2026-04-12,41.61,301928,40.35980903962681,42.01132826764784,371567.5,1.1032619591689983
NCBA,2026-04-13,41.71,342991,40.412757704739484,42.00832997642746,370188.0,1.117291724082514
NCBA,2026-04-14,42.23,440349,40.484022108475195,42.01053564830381,368296.15,1.1949914363571925
NCBA,2026-04-15,42.45,279199,40.561119280691855,42.01490842792268,366930.05,1.3199044670724507
NCBA,2026-04-16,42.57,528169,40.63989891674316,42.02043172714733,380937.35,1.401846897943834
NCBA,2026-04-17,41.71,224043,40.68186366510617,42.0173428542404,377243.4,1.3460735023119696
NCBA,2026-04-18,41.83,1009803,40.72688861941573,42.01547874623801,412577.9,1.1788491431043497
NCBA,2026-04-19,41.49,227385,40.75681455590923,42.01025010199684,400341.3,0.9525042182134225
NCBA,2026-04-20,42.09,265248,40.809096338030436,42.01104363332025,399186.55,0.7551220700386405
NCBA,2026-04-21,41.91,333737,40.85226903065669,42.01003822403348,397022.1,0.6534272494545852
NCBA,2026-04-22,42.16,266936,40.90355259808192,42.01153038100828,394121.0,0.655610716880097
NCBA,2026-04-23,42.46,214092,40.964589751098316,42.015992765276856,385321.65,0.6575764067919168
NCBA,2026-04-24,41.38,395303,40.98088034909446,42.009664479055196,381121.85,0.5818065839254852
NCBA,2026-04-25,41.34,310523,40.99496347265939,42.0030011509054,387005.2,0.6146400715724247
NCBA,2026-04-26,41.03,274245,40.99633745412373,41.993319547413805,380980.05,0.7035237056387895
NCBA,2026-04-27,41.32,434668,41.009030102981626,41.98661985042461,377179.1,0.736699369850814
NCBA,2026-04-28,40.78,508081,41.00004853031568,41.9746136827587,376690.6,0.8321097243793631
NCBA,2026-04-29,40.62,226205,40.985144666381736,41.961134939646676,361480.75,0.8877525178601939
NCBA,2026-04-30,40.86,438584,40.98023703240598,41.95017837308303,368587.2,0.8343530757090247
NCBA,2026-05-01,40.77,463129,40.97199244289987,41.938435304694146,374230.9,0.8771297471905923
NCBA,2026-05-02,40.41,432560,40.949953523570464,41.92322699320465,380762.5,0.9473688259108546
NCBA,2026-05-03,40.34,250780,40.9260337775481,41.90747349078471,376151.95,1.0229174098980465
NCBA,2026-05-04,40.85,359965,40.92305206078151,41.8969513664983,372132.75,0.9654018266054647
NCBA,2026-05-05,41.58,315821,40.94881472506459,41.893797621558015,373963.85,0.9293803323708647
NCBA,2026-05-06,42.0,441032,40.99003767702284,41.89485436164202,369607.0,0.9006289011476329
NCBA,2026-05-07,41.83,452898,41.02297737596312,41.89420904461076,381049.75,0.7639577580232576
NCBA,2026-05-08,41.5,466983,41.041684145533196,41.890286566554934,353908.75,0.7735870672066707
NCBA,2026-05-09,41.85,720588,41.07338280649268,41.88988570519618,378568.9,0.8274972195431369
NCBA,2026-05-10,42.05,241984,41.111681519963554,41.8914788822589,377405.7,0.9048031174342122
NCBA,2026-05-11,41.67,252051,41.133576362317925,41.88927511228618,373321.4,0.9237103424252053
NCBA,2026-05-12,41.54,474317,41.14951454418781,41.88579973803458,383690.45,0.9109071224413003
NCBA,2026-05-13,40.97,472309,41.14247475814123,41.876687302830256,396601.3,0.8774454054586238
NCBA,2026-05-14,41.13,489143,41.14198555193961,41.86925757842398,401293.3,0.8604475100681211
NCBA,2026-05-15,41.66,337651,41.16229984402041,41.867175413464544,402649.7,0.8354695330527397
NCBA,2026-05-16,41.94,449027,41.192797889352946,41.86790003621614,411388.8,0.7471470462976121
NCBA,2026-05-17,42.2,279973,41.23229601133911,41.871204513467724,403654.05,0.6095189284803901
NCBA,2026-05-18,42.66,310433,41.2882844030513,41.879053224776506,393771.65,0.6415349039351717
NCBA,2026-05-19,42.14,281834,41.32168501469635,41.88164971010211,396553.1,0.6541448574326463
NCBA,2026-05-20,41.95,371039,41.346324818041595,41.882329812489154,393175.85,0.6517450160408962
NCBA,2026-05-21,41.97,373976,41.370782668314476,41.883202152663394,388718.2,0.6555579160675009
NCBA,2026-05-22,42.42,354360,41.41192844602764,41.8885434247762,384808.2,0.6852473083686389
NCBA,2026-05-23,42.15,266895,41.44087242853636,41.89114498273863,385613.95,0.6943873297636967
NCBA,2026-05-24,42.43,355850,41.47966174506435,41.89650672420392,385408.2,0.7256176792799449
NCBA,2026-05-25,41.86,410337,41.4945769707481,41.89614347321681,390134.0,0.7184117096870588
NCBA,2026-05-26,41.79,713484,41.50616218758151,41.89508731925446,403756.6,0.7017193366814309
NCBA,2026-05-27,42.53,392869,41.546312690029296,41.901404858366355,400755.15,0.5962226564330367
NCBA,2026-05-28,43.28,426628,41.614300427675204,41.915122222959724,398737.4,0.6377932421877377
NCBA,2026-05-29,43.62,327483,41.69295531286441,41.932086180940225,379082.15,0.8056599233473437
NCBA,2026-05-30,43.91,288896,41.77989824177169,41.95176691545823,381427.75,0.9956240105229558
NCBA,2026-05-31,43.7,404837,41.85519634993751,41.96916226953328,389067.05,1.0956472947557756
NCBA,2026-06-01,43.79,222455,41.93107100288114,41.98728005789613,376473.95,1.1953446787847692
NCBA,2026-06-02,43.32,341153,41.98553880668972,42.000540952842435,369916.15,1.1964425290313339
NCBA,2026-06-03,43.94,1168504,42.06218434368228,42.019839052814156,403884.2,1.2271991361553356
NCBA,2026-06-04,44.18,332891,42.14523593804768,42.04133319159213,403646.2,1.2543929401713971
NCBA,2026-06-05,43.57,418552,42.20110903851641,42.05654380660117,402122.45,1.2365283398147557
NCBA,2026-06-06,43.18,210975,42.239496919358906,42.067722475192205,398672.55,1.1591935430849656
NCBA,2026-06-07,43.21,331931,42.27755586369778,42.07908842071269,399747.45,1.1080715353589485
NCBA,2026-06-08,43.55,527054,42.32745563374885,42.093724356825,412008.45,0.9261803428451424
NCBA,2026-06-09,43.72,232119,42.382065216739086,42.109906204020774,405062.45,0.6182899138613248
NCBA,2026-06-10,44.12,288503,42.450219521965,42.1299071373141,400788.8,0.4848242289400039
NCBA,2026-06-11,43.81,300682,42.503544246593826,42.14662447923137,398104.9,0.4609223910266135
NCBA,2026-06-12,44.32,386228,42.57477780555093,42.168250106303695,404071.55,0.5243378870351297
NCBA,2026-06-13,43.88,521520,42.62596298964697,42.18528244355441,412355.05,0.5227617121524418
NCBA,2026-06-14,44.38,308918,42.694748754758855,42.20712042919068,407284.1,0.5825423863277096
NCBA,2026-06-15,44.42,227296,42.76240566633694,42.2291391313878,382974.7,0.6360385640394068
NCBA,2026-06-16,44.62,251070,42.83525250295118,42.252928791772,375884.75,0.668801207344394
NCBA,2026-06-17,44.88,342996,42.915438679306035,42.279068803794175,371703.15,0.771586064509545
NCBA,2026-06-18,45.25,309692,43.00699010364698,42.30863030823404,370813.6,0.922089495906889
NCBA,2026-06-19,45.27,497773,43.09573558977847,42.338096673326234,381257.45,1.011644632584812
NCBA,2026-06-20,45.49,332905,43.18962831174794,42.3694588954822,377660.85,1.037427873833602
NCBA,2026-06-21,44.62,1190661,43.245721319130375,42.39185233930825,426071.15,0.9157880321234522
NCBA,2026-06-22,44.6,294882,43.29883028700762,42.41382395782259,423757.6,0.8294341378381531
NCBA,2026-06-23,44.28,516285,43.33730753065438,42.43239287366516,391146.65,0.7628233416393244
NCBA,2026-06-24,45.1,472573,43.40643272553068,42.458936228156055,398130.75,0.7645683979639607
NCBA,2026-06-25,44.84,328023,43.46265105001967,42.48262840499032,393604.3,0.6783497469014277
NCBA,2026-06-26,44.72,232095,43.511958851979685,42.50489080892077,394660.3,0.6570949427111877
NCBA,2026-06-27,44.72,505709,43.559333014647144,42.5269316963942,403349.2,0.5434334527637974
NCBA,2026-06-28,45.25,311067,43.62563368073941,42.554026903395254,392549.85,0.5391614368122326
NCBA,2026-06-29,45.15,200852,43.68541275208297,42.579857481470924,390986.5,0.5145814740223162
NCBA,2026-06-30,45.86,220451,43.77069068337383,42.61249571548614,387583.9,0.6212072834500519
NCBA,2026-07-01,45.33,264108,43.83184006833957,42.63953555911315,385755.2,0.631994488083119
NCBA,2026-07-02,45.16,209348,43.88392477154194,42.66461480728118,376911.2,0.6276929894553533
NCBA,2026-07-03,45.69,340791,43.95475125108931,42.69471814253212,367874.75,0.6764261490844728
NCBA,2026-07-04,45.17,355411,44.00240806477209,42.71934781275568,370199.4,0.6527950261408674
NCBA,2026-07-05,44.86,512096,44.03603912105554,42.7406478345193,384439.4,0.6331836747220186
NCBA,2026-07-06,44.34,395378,44.047959155523955,42.756561786414636,391654.8,0.6726653765369655
NCBA,2026-07-07,43.91,210976,44.04254899256223,42.76803878356474,385053.8,0.7556425109772533
NCBA,2026-07-08,43.53,306741,44.0224490320696,42.775620487210865,384906.25,0.9574319618327141
NCBA,2026-07-09,44.48,286212,44.04039220728256,42.792579487338124,374328.2,0.9717810345552398
NCBA,2026-07-10,45.17,274740,44.08469055209501,42.816235412837244,371419.95,0.9765494872761344
NCBA,2026-07-11,46.07,274561,44.162545824561874,42.84861117987369,325614.95,1.0778532923272166
NCBA,2026-07-12,45.73,370698,44.22401461575553,42.87728171539734,329405.75,1.1138630062551245
NCBA,2026-07-13,45.36,403403,44.26856306219649,42.90198537992075,323761.65,1.120868236857488
NCBA,2026-07-14,45.26,258215,44.307442942110356,42.925448211961346,313043.75,1.0702236081440981
NCBA,2026-07-15,46.02,310347,44.37460204241975,42.956239772041336,312159.95,1.1400395814414337
NCBA,2026-07-16,45.88,204261,44.43363725644251,42.98533191361307,310768.25,1.1872362055179797
NCBA,2026-07-17,46.54,463376,44.51623971697418,43.02070174531841,308651.6,1.3029853717986684
NCBA,2026-07-18,46.88,429281,44.60893619866146,43.05910272297694,314562.3,1.4731776319118128
NCBA,2026-07-19,46.6,371467,44.68701713204729,43.094335531703535,323093.05,1.5489122822943349
NCBA,2026-07-20,46.12,355257,44.74321253863367,43.12444164581594,329833.35,1.4992436279819459
NCBA,2026-07-21,45.48,482726,44.77210616456961,43.147880037399865,340764.25,1.3260550433607603
NCBA,2026-07-22,45.87,512301,44.815160824782566,43.17496580817201,355911.9,0.9592038250666748
NMG,2025-11-13,72.04,448348,72.04,72.04,448348.0,0.5409366876077066
NMG,2025-11-14,71.53,1227296,72.02000000000001,72.03492537313434,837822.0,0.5409366876077066
NMG,2025-11-15,71.31,193177,71.9921568627451,72.02771218534197,622940.3333333334,0.5617161204736738
NMG,2025-11-16,71.99,537107,71.99207227989237,72.02733693971668,601482.0,0.5334850044752842
NMG,2025-11-17,72.58,243350,72.0151282689162,72.03283607464488,529855.6,0.7404137356910617
NMG,2025-11-18,72.74,229883,72.04355461131165,72.0398725316136,479860.1666666667,0.8423226816369075
NMG,2025-11-19,72.75,412550,72.07125835204454,72.04693847657266,470244.4285714286,0.8701231439941588
NMG,2025-11-20,73.0,205161,72.10767959314083,72.05642167581075,437109.0,0.9272222341103395
NMG,2025-11-21,72.78,563212,72.13404509929218,72.06362146013105,451120.44444444444,0.9080198235721514
NMG,2025-11-22,72.48,526043,72.14761195814347,72.0677645301795,458612.7,0.8602325267042636
NMG,2025-11-23,71.09,270009,72.10613697939274,72.0580355298792,441466.9090909091,0.9876521746960389
NMG,2025-11-24,71.57,366487,72.08511199980872,72.05317945495504,435218.5833333333,0.9813985845813006
NMG,2025-11-25,71.54,194522,72.06373505863975,72.04807319172166,416703.46153846156,0.9738291786708622
NMG,2025-11-26,70.49,374265,72.00201995830093,72.03256997588363,413672.14285714284,1.1384074692016313
NMG,2025-11-27,70.16,277407,71.92978388150482,72.01393743881016,404587.8,1.35383018924778
NMG,2025-11-28,70.79,672624,71.885086474387,72.00175895683195,421340.0625,1.4159255602988776
NMG,2025-11-29,71.67,380678,71.87665171068555,71.99845787268437,418948.17647058825,1.4014239716629815
NMG,2025-11-30,71.05,352849,71.84423399654102,71.98902048091637,415276.0,1.433236606541178
NMG,2025-12-01,71.03,391045,71.81230325157863,71.97947798856895,414000.6842105263,1.4150045625678804
NMG,2025-12-02,71.57,315707,71.80280116328143,71.97540358072249,409086.0,1.3348958164064173
NMG,2025-12-03,71.43,479279,71.78818150981941,71.96997667942178,410632.55,1.23388808556219
NMG,2025-12-04,71.24,345914,71.76668419570885,71.96271322987529,366563.45,1.0446202448947564
NMG,2025-12-05,71.32,195501,71.74916716842615,71.95631807335911,366679.65,0.843059332705338
NMG,2025-12-06,71.42,548123,71.73625865201728,71.95098157511673,367230.45,0.6619498545132751
NMG,2025-12-07,71.87,217406,71.7415034107617,71.95017578829965,365933.25,0.7173207361156997
NMG,2025-12-08,72.04,523981,71.75320915935929,71.9510695615504,380638.15,0.7785754108175402
NMG,2025-12-09,72.72,284549,71.79112252565892,71.9587206106892,374238.1,0.9720653213704384
NMG,2025-12-10,72.78,315642,71.82990203445662,71.9668925449112,379762.15,1.0543526345687155
NMG,2025-12-11,72.29,239607,71.8479450919289,71.97010754446433,363581.9,0.9209082353969813
NMG,2025-12-12,71.65,283645,71.84018253930425,71.96692239476816,351462.0,0.8416467375147569
NMG,2025-12-13,72.05,196966,71.84841067501782,71.9677490376063,347809.85,0.8514689956477874
NMG,2025-12-14,72.27,465148,71.864943589723,71.97075650986892,352742.9,0.8184117559015114
NMG,2025-12-15,72.32,254494,71.88278893914563,71.97423156947222,355741.5,0.760327521243592
NMG,2025-12-16,72.17,446714,71.89405211800266,71.97617951405459,359363.95,0.749618309468286
NMG,2025-12-17,71.5,411506,71.87859909376726,71.97144140943713,366068.9,0.7413823589739542
NMG,2025-12-18,72.44,259541,71.90061481558031,71.97610368397011,345414.75,0.6899749159319875
NMG,2025-12-19,71.28,191941,71.87627697967521,71.9691772791545,335977.9,0.6975447521977702
NMG,2025-12-20,71.87,337702,71.87603082360951,71.96819044055594,335220.55,0.6479707334660518
NMG,2025-12-21,71.6,253051,71.86520608542875,71.96452685408275,328320.85,0.6723666582132769
NMG,2025-12-22,72.32,203566,71.88304114090215,71.96806390031078,322713.8,0.6795360408169632
NMG,2025-12-23,72.47,369530,71.90605913537658,71.97305828936241,317226.35,0.6459834694921441
NMG,2025-12-24,72.52,545863,71.93013524771476,71.97850049543841,327223.8,0.6036984228190871
NMG,2025-12-25,72.74,406025,71.96189464976517,71.98607760493654,337750.0,0.6586537218255786
NMG,2025-12-26,72.39,562058,71.97868309487242,71.99009673324564,338446.75,0.6404857360019296
NMG,2025-12-27,71.34,423926,71.95363669899507,71.98362810903424,348772.75,0.7162444982815874
NMG,2025-12-28,70.98,438843,71.91545486766194,71.97364175969062,344515.85,0.8361321863001132
NMG,2025-12-29,71.76,269611,71.90935859834185,71.971515971037,343768.95,0.8286467851295116
NMG,2025-12-30,71.52,191671,71.89408963370099,71.96702327480777,337570.4,0.8404421422712469
NMG,2025-12-31,71.49,355243,71.87824298139898,71.96227677456093,343352.2,0.8412941365395421
NMG,2026-01-01,72.46,257860,71.90105698212844,71.9672292444658,342062.95,0.8435159931911301
NMG,2026-01-02,71.97,217594,71.90376062988811,71.9672568141726,343094.35,0.7984749371612765
NMG,2026-01-03,72.74,217981,71.93655433067683,71.97494580109627,330736.0,0.8557558833382903
NMG,2026-01-04,73.34,487198,71.99159141574833,71.98852842994108,342371.2,0.9823782535087883
NMG,2026-01-05,73.37,455679,72.04564665434644,72.00227441571282,342819.45,1.0979984912617682
NMG,2026-01-06,72.39,429535,72.05915070711717,72.00613238172564,343720.9,1.0953200269959438
NMG,2026-01-07,72.55,561048,72.07839969899493,72.01154399981792,358796.25,1.096830849350913
NMG,2026-01-08,73.08,350313,72.1176781421716,72.0221754028048,366714.85,1.1327633235820593
NMG,2026-01-09,72.96,252425,72.15071037189036,72.03150699083659,362451.0,1.168196517883664
NMG,2026-01-10,72.51,526849,72.16480016122799,72.03626811530589,376140.9,1.0968669167072753
NMG,2026-01-11,72.12,492809,72.16304329216022,72.03710126838743,390603.05,0.9301382385737147
NMG,2026-01-12,71.57,426051,72.13978669246768,72.03245349457264,393429.1,0.9571581821800214
NMG,2026-01-13,71.54,419524,72.11626564570425,72.02755345980077,387112.15,0.9538822496271331
NMG,2026-01-14,70.9,264033,72.06856895371585,72.01633402238983,380012.55,1.0764915540467308
NMG,2026-01-15,70.89,366604,72.02235056337406,72.00512671868445,370239.85,1.2322699170033957
NMG,2026-01-16,71.23,411198,71.99127799226136,71.99741401501596,369603.45,1.298494108785008
NMG,2026-01-17,70.45,327834,71.93083571805504,71.9820168606377,364053.0,1.4570233467474032
NMG,2026-01-18,70.22,519724,71.86374412126857,71.9644843545617,376558.65,1.5197377231788334
NMG,2026-01-19,69.31,286291,71.76359729298353,71.93807157491433,381289.65,1.6764611471853743
NMG,2026-01-20,69.77,533966,71.68541700698418,71.91649872342265,390225.8,1.7757278340611535
NMG,2026-01-21,69.88,399552,71.61461634004363,71.89623505453287,397310.4,1.7897071787626375
NMG,2026-01-22,68.34,234092,71.4862000129831,71.86084963110468,398135.3,1.9198715401738633
NMG,2026-01-23,69.41,486381,71.40478040463083,71.8364630676111,411555.3,1.7606846507994713
NMG,2026-01-24,69.76,563393,71.34027921229236,71.81580174355528,415365.05,1.5746620516553838
NMG,2026-01-25,69.29,203583,71.25987610592796,71.790669387898,402760.25,1.437731730008431
NMG,2026-01-26,68.97,203870,71.1700770429504,71.76260302582938,391477.0,1.3802436478655074
NMG,2026-01-27,69.26,263292,71.09517206087392,71.73770150318433,376589.2,1.2340418715181147
NMG,2026-01-28,69.91,1627164,71.04869472515337,71.71951541857553,440431.75,1.1468057046319708
NMG,2026-01-29,68.9,487118,70.96443218691206,71.69146053878872,452166.4,1.0842840854788096
NMG,2026-01-30,68.65,218910,70.87367014036649,71.66119724984556,436769.45,0.8993734082533287
NMG,2026-01-31,68.41,584438,70.777055625058,71.62884702845406,441350.9,0.8731942119991661
NMG,2026-02-01,67.78,370742,70.65952403191847,71.5905500430963,438585.45,0.9669596625566829
NMG,2026-02-02,67.31,366096,70.52817014831382,71.54795750535405,435914.05,1.201811819026764
NMG,2026-02-03,66.86,480338,70.38432033857603,71.50131116201719,446729.3,1.4155448316215522
NMG,2026-02-04,67.7,407176,70.27905287431815,71.46348717035534,448757.9,1.3882462353238947
NMG,2026-02-05,68.19,785568,70.19712923218803,71.43091515871001,467476.4,1.3945967159006436
NMG,2026-02-06,68.56,461452,70.13292808582771,71.40234883872284,474157.3,1.350070053127809
NMG,2026-02-07,67.25,266815,70.01987208246193,71.36103193485495,461511.85,1.3321382464643916
NMG,2026-02-08,67.09,284865,69.90497513805165,71.31853410465739,461440.55,1.3580201328844985
NMG,2026-02-09,66.62,1430964,69.77615258361826,71.27178252152648,506290.45,1.4517996126826893
NMG,2026-02-10,66.08,529380,69.63120542347637,71.2201229939491,512781.85,1.54417840632179
NMG,2026-02-11,66.12,435475,69.49351109314397,71.169375501472,522851.0,1.3910978745956104
NMG,2026-02-12,65.19,327237,69.32474595223637,71.10987922782552,514893.8,1.5482305124823668
NMG,2026-02-13,65.87,274924,69.18926571881534,71.05774112605611,500470.35,1.520907452155856
NMG,2026-02-14,66.08,333366,69.06733372984219,71.0082113636078,506959.5,1.4518196237072658
NMG,2026-02-15,65.2,340010,68.91567358357388,70.95041821571121,513766.5,1.54855746415222
NMG,2026-02-16,65.02,432717,68.76290207049254,70.89140907923647,522237.75,1.6659556954259789
NMG,2026-02-17,64.76,513960,68.60592551870853,70.83040003367192,466577.55,1.8070866678928637
NMG,2026-02-18,65.22,216108,68.47314412581801,70.77457515771498,453027.05,1.7736941102413177
NMG,2026-02-19,65.01,438992,68.33733455225652,70.7172162009218,464031.15,1.6174204890698753
NMG,2026-02-20,65.81,465970,68.2382233933445,70.66838817902207,458107.75,1.1829147740386496
NMG,2026-02-21,66.41,283123,68.16652835831138,70.62601615734027,453726.8,1.0457362409880646
NMG,2026-02-22,66.02,362895,68.0823507756325,70.58018515079958,453566.75,0.8835844984695264
NMG,2026-02-23,65.67,562997,67.98774878443123,70.53132758711003,457699.7,0.7836242932481283
NMG,2026-02-24,65.03,539707,67.87175863602216,70.47658800912885,464326.25,0.7863527750410775
NMG,2026-02-25,64.78,501183,67.75051319931542,70.41990554137632,450107.0,0.7955681672822581
NMG,2026-02-26,64.47,252341,67.62186562287168,70.36070250116363,439651.45,0.881446815759547
NMG,2026-02-27,64.05,385349,67.48179246119044,70.29790944145057,445578.15,1.0009737703919495
NMG,2026-02-28,64.88,432478,67.37976138428101,70.24399989476947,452958.8,0.943131984168782
NMG,2026-03-01,64.15,396063,67.25310407509352,70.18336307989615,401213.75,1.026880478188787
NMG,2026-03-02,64.38,515025,67.14043332705064,70.12561817362854,400496.0,1.0658969292281448
NMG,2026-03-03,63.75,513832,67.00747515736238,70.06217918682627,404413.85,1.1832037087861322
NMG,2026-03-04,63.8,273142,66.88169181785797,69.99986894616133,401709.1,1.2660593119283345
NMG,2026-03-05,64.68,556085,66.7953509622557,69.94693492679654,415767.15,1.2667519250280268
NMG,2026-03-06,64.34,262626,66.69906268922605,69.89114452951499,412230.15,1.2094332179963478
NMG,2026-03-07,64.66,365642,66.6190994465113,69.83909334016658,413511.75,0.9723399893796788
NMG,2026-03-08,64.44,405252,66.53364456625596,69.7853710183739,412138.5,0.761694539451619
NMG,2026-03-09,64.65,237598,66.45977615189298,69.7342727992856,398320.4,0.5799166290986574
NMG,2026-03-10,63.9,479235,66.35939277338737,69.67622033362107,411476.75,0.5549276014571709
NMG,2026-03-11,63.22,477518,66.23627933129374,69.61197933527659,413403.05,0.6841170012727797
NMG,2026-03-12,62.77,284094,66.10034680849792,69.54389993890568,404309.25,0.8930590870535664
NMG,2026-03-13,62.3,395429,65.95131360032153,69.47182133254842,409924.55,1.1539987811150998
NMG,2026-03-14,62.41,384390,65.81243855717166,69.40155445361759,410999.3,1.2469680261513343
NMG,2026-03-15,61.6,389424,65.64724488826297,69.32392704611891,402320.65,1.5188133381182805
NMG,2026-03-16,62.25,534111,65.51401959852717,69.25353971232668,402040.85,1.5770767313246346
NMG,2026-03-17,62.3,539041,65.3879796142712,69.18435026245278,403933.75,1.6405322776002484
NMG,2026-03-18,62.78,209113,65.28570590390763,69.12062538421942,401772.35,1.6462870311744278
NMG,2026-03-19,62.95,431080,65.19410959395046,69.059226126665,404058.9,1.539198672994231
NMG,2026-03-20,62.26,464476,65.07904647261907,68.9915721353549,405658.8,1.4939271298269372
NMG,2026-03-21,62.22,555414,64.9669270031046,68.92419330813745,413626.35,1.347644923806551
NMG,2026-03-22,61.34,264491,64.82469457161031,68.84872869810623,401099.65,1.2907037117134392
NMG,2026-03-23,61.57,389791,64.69705949037069,68.77630353693104,394897.6,1.0231252622236082
NMG,2026-03-24,61.37,539433,64.56658656917969,68.70260897437451,408212.15,0.8824609694710195
NMG,2026-03-25,60.54,349498,64.40868121352558,68.62138898457975,397882.8,1.0112308896045077
NMG,2026-03-26,60.95,387414,64.27304665613242,68.54505675587747,404122.2,1.0485885332628577
NMG,2026-03-27,61.07,394609,64.14743698334291,68.47067808168964,405570.55,1.0861278763288993
NMG,2026-03-28,60.06,528376,63.98714533693732,68.38698974256835,411726.75,1.2628656580698414
NMG,2026-03-29,60.34,221337,63.844120029606444,68.30692019289106,410913.7,1.36995327585451
NMG,2026-03-30,60.16,255100,63.69964473432776,68.22585631037472,399706.95,1.4449455767546362
NMG,2026-03-31,60.04,349419,63.5561292545502,68.14440500380383,393302.0,1.4906299372724021
NMG,2026-04-01,59.77,1615218,63.40765359750902,68.06107759083065,459858.2,1.4474412816204099
NMG,2026-04-02,59.8,224135,63.266176985842,67.97887781380746,451293.5,1.2701849934498304
NMG,2026-04-03,58.52,371965,63.080052398161925,67.8847596266054,450672.25,1.4135259572681806
NMG,2026-04-04,58.39,294371,62.89612877470459,67.79028440644018,445919.6,1.465011157742683
NMG,2026-04-05,58.59,245829,62.72726097961814,67.69873928796814,431505.5,1.5338256147575666
NMG,2026-04-06,57.93,230960,62.53913309806449,67.60153790201821,416101.45,1.6152773806645389
NMG,2026-04-07,57.46,205968,62.33995140794431,67.50062707712252,415944.2,1.7242695539005923
NMG,2026-04-08,57.71,335573,62.158384686064146,67.40320790222577,411168.85,1.8124108541935824
NMG,2026-04-09,58.16,337392,62.001585286610656,67.31123568429318,404814.65,1.7271451067537371
NMG,2026-04-10,56.95,494759,61.803483902822,67.20813881181265,401781.9,1.7212369370338956
NMG,2026-04-11,56.05,362534,61.57785708310349,67.0971125549787,406684.05,1.9660626478238536
NMG,2026-04-12,56.85,509163,61.39245092298178,66.99515123602369,412652.65,1.9170629149257432
NMG,2026-04-13,56.52,399582,61.201374416198185,66.89092087546624,405660.1,1.8647064701404499
NMG,2026-04-14,56.04,470314,60.998967576347276,66.78295151352131,411700.9,1.815800159649662
NMG,2026-04-15,56.55,428147,60.82449825962778,66.68113110045145,413737.55,1.6525933665510137
NMG,2026-04-16,56.71,1086238,60.6631453867012,66.5819158656211,448319.0,1.3583792156133099
NMG,2026-04-17,56.44,565723,60.49753184212469,66.48100127989353,450186.35,1.293807153540714
NMG,2026-04-18,56.61,306005,60.34507961302176,66.38278236168564,454419.75,1.1958746052292764
NMG,2026-04-19,56.57,562181,60.1970372752562,66.28514273619624,469773.8,1.0012923654470964
NMG,2026-04-20,57.83,520446,60.10421228406968,66.20101196270174,478325.15,0.9840813337485443
NMG,2026-04-21,57.93,783510,60.018949057243425,66.1187133362072,436739.75,1.0472672444617066
NMG,2026-04-22,57.42,419421,59.917029486371135,66.0321589746529,446504.05,1.0155135251605265
NMG,2026-04-23,57.4,415124,59.818322447689916,65.94626684555188,448662.0,0.8906082777514239
NMG,2026-04-24,56.81,322671,59.70034901836874,65.85535871773544,450077.0,0.8895971584933037
NMG,2026-04-25,56.47,303453,59.57366866470722,65.76197206382763,452958.2,0.8397563912868093
NMG,2026-04-26,56.71,495958,59.46136793275792,65.6719026900582,466208.1,0.8421438008573308
NMG,2026-04-27,56.89,826772,59.36052997461056,65.58452057373921,497248.3,0.8294192328008851
NMG,2026-04-28,56.3,536821,59.2405091912925,65.49213728444828,507310.7,0.7891861853634898
NMG,2026-04-29,56.37,265034,59.12794020339868,65.40136974927965,503692.8,0.806230545384778
NMG,2026-04-30,56.16,363064,59.0115503915007,65.30941582142613,497108.05,0.8560916974887961
NMG,2026-05-01,56.22,347188,58.902077827128124,65.21897387295422,496340.75,0.8786063045899999
NMG,2026-05-02,56.22,528691,58.79689830449565,65.12943184436762,497317.15,0.9092682119828255
NMG,2026-05-03,56.05,208950,58.68917680235857,65.03908923895102,487785.55,0.9554640435229944
NMG,2026-05-04,55.89,445144,58.579405163050396,64.94805352513062,486527.05,0.8977444262978511
NMG,2026-05-05,56.0,452476,58.47825201940136,64.8590181666716,487743.5,0.7328329232576998
NMG,2026-05-06,56.63,339481,58.405771548052286,64.77713738889379,450405.65,0.6196799954066134
NMG,2026-05-07,57.1,299223,58.35456482067769,64.70074796213864,437080.65,0.5463319242296033
NMG,2026-05-08,57.31,418530,58.313601494376606,64.62720818142084,442706.9,0.6378862759949788
NMG,2026-05-09,57.92,559776,58.298166141655955,64.56046979155596,442586.65,0.8684020470890386
NMG,2026-05-10,58.36,321122,58.30059099884592,64.49877357472457,432620.45,1.1314572923444324
NMG,2026-05-11,58.11,447670,58.29311684202844,64.4352036884089,415828.45,1.2692926558353732
NMG,2026-05-12,56.9,537487,58.23848480900772,64.36022653728045,421731.75,1.2543614022586498
NMG,2026-05-13,56.54,444476,58.17187756159566,64.28241333790453,423199.35,1.2460317782109118
NMG,2026-05-14,56.62,454865,58.111019618003674,64.20617041911942,429809.05,1.2174999717956578
NMG,2026-05-15,56.38,395156,58.04313649572902,64.12829807664062,434394.2,1.2048430771943224
NMG,2026-05-16,55.91,530712,57.95948408413181,64.0465239664253,436131.9,1.239230308798775
NMG,2026-05-17,55.5,296666,57.86303372789135,63.96148392695838,409626.6,1.3168780200853747
NMG,2026-05-18,55.82,252740,57.78291475817012,63.880474136640395,395422.55,1.3255011492665913
NMG,2026-05-19,55.61,457977,57.697702414712474,63.79818086164895,405069.7,1.3742029158206286
NMG,2026-05-20,56.07,198842,57.63387094746884,63.7212835396425,396858.6,1.4017856057968194
NMG,2026-05-21,56.04,303360,57.57136620443085,63.64485285765601,394667.2,1.4170339806093533
NMG,2026-05-22,55.95,467011,57.5077832160218,63.56828715757984,391583.2,1.4121609288656842
NMG,2026-05-23,56.54,539336,57.469830933040555,63.498353952031785,408102.5,1.2832957334785544
NMG,2026-05-24,56.83,408094,57.44473952390171,63.43200217141455,406250.0,1.0066727918712988
NMG,2026-05-25,56.95,341068,57.425337973944785,63.36750463737063,400679.6,0.7215573816051772
NMG,2026-05-26,57.02,317050,57.40944236712342,63.304345387247544,399558.05,0.7412722950363644
NMG,2026-05-27,56.74,218886,57.38318972527544,63.239028517722694,395541.2,0.7580273705542266
NMG,2026-05-28,56.17,896712,57.335613657617586,63.16868992550655,419450.3,0.7448866902573505
NMG,2026-05-29,55.85,246819,57.277354298495325,63.09586714017812,403802.45,0.759304916385924
NMG,2026-05-30,55.9,524436,57.22334040443669,63.02426647211665,413968.15,0.7600087658571466
NMG,2026-05-31,56.64,357005,57.20046431014506,62.96074143259311,409434.9,0.7105570674883915
NMG,2026-06-01,56.48,345683,57.17221080778643,62.89625644321408,399844.7,0.6829196572405876
NMG,2026-06-02,55.81,215893,57.11879077610853,62.82574642885374,388415.55,0.649708408816875
NMG,2026-06-03,55.34,370815,57.04903427508467,62.75126138976067,384213.05,0.7616718164982916
NMG,2026-06-04,54.78,365164,56.96005253880684,62.67194535603171,382713.45,0.9749683004165108
NMG,2026-06-05,55.38,229515,56.89808969414775,62.59938868582245,367653.6,1.0270953522634814
NMG,2026-06-06,55.32,510695,56.83620382378902,62.52695695760531,378355.05,1.0674204425168208
NMG,2026-06-07,55.63,243782,56.7889017130522,62.4583305202162,377907.15,1.0305080497809165
NMG,2026-06-08,54.87,397234,56.713650665481524,62.38282474389565,374870.0,1.0362313506605925
NMG,2026-06-09,54.34,414919,56.62056632565872,62.30279663699121,385673.85,1.0698960743427934
NMG,2026-06-10,54.57,308801,56.54015195994662,62.2258533868719,385945.9,1.0443924044675668
NMG,2026-06-11,55.23,425600,56.48877345171342,62.156242905410494,383875.35,1.0082729222379991
NMG,2026-06-12,55.32,469327,56.442939198705055,62.088220587943724,380374.9,0.9931151040509798
NMG,2026-06-13,56.05,289660,56.42752981836368,62.02813879104877,374453.2,1.0078780342244824
NMG,2026-06-14,55.22,492575,56.38017570783961,61.96039611651097,382028.55,0.8578999403755727
NMG,2026-06-15,54.94,483842,56.323698229100806,61.890541428784495,390368.15,0.7024544879893957
NMG,2026-06-16,55.09,221150,56.275317906390974,61.822874349891116,390481.35,0.6517099233401121
NMG,2026-06-17,54.59,430853,56.20922700810113,61.75090545088723,367188.4,0.6822241623516951
NMG,2026-06-18,55.01,488834,56.16219849797952,61.68383176480875,379289.15,0.6699647358308551
NMG,2026-06-19,55.28,386769,56.12760247845091,61.62011204575593,372405.8,0.6642011644203502
NMG,2026-06-20,55.22,476274,56.09201022439401,61.55642933883299,378369.25,0.6597751864896564
NMG,2026-06-21,55.4,381177,56.06487256853542,61.49517133546152,380143.95,0.6335467275964135
NMG,2026-06-22,55.53,422263,56.0438971736909,61.43581639680021,390462.45,0.6505755060061402
NMG,2026-06-23,56.25,406983,56.051979637467724,61.384216233647976,392270.85,0.6990389792490949
NMG,2026-06-24,56.72,296970,56.07817651442978,61.337806121870386,388861.15,0.8454871311942413
NMG,2026-06-25,57.47,356817,56.132757827589394,61.29932048881695,395226.25,1.1728541898094091
NMG,2026-06-26,57.25,409718,56.1765712461153,61.259028742659574,390177.4,1.342372223646327
NMG,2026-06-27,56.96,282075,56.20729394234608,61.21625233725998,392092.05,1.4284084453744894
NMG,2026-06-28,56.43,305802,56.216027513234465,61.168627935894214,387520.45,1.428565521967195
NMG,2026-06-29,56.53,469993,56.22834015977429,61.122472434044525,390274.15,1.3916953946293322
NMG,2026-06-30,55.87,345836,56.21428760448902,61.070209026740606,392125.9,1.3394408481594822
NMG,2026-07-01,55.81,275598,56.19843318862671,61.01786863841483,384625.8,1.1926738936052055
NMG,2026-07-02,56.44,480697,56.20790639691586,60.97231770668931,385194.3,1.0953984673175599
NMG,2026-07-03,56.57,272207,56.22210614605642,60.92851355040384,384321.65,1.0222742503168984
NMG,2026-07-04,56.68,201843,56.240062767779705,60.88623978373316,369785.05,0.9125695066127366
NMG,2026-07-05,56.6,457969,56.25417795335697,60.84359063165621,368491.4,0.7997682528367505
NMG,2026-07-06,56.47,370031,56.26264156302925,60.800072316913365,375935.45,0.6807765645004282
NMG,2026-07-07,56.32,558623,56.2648909134987,60.75549448291423,382323.95,0.6755510571178205
NMG,2026-07-08,55.82,351802,56.24744421100855,60.706385085074295,375472.35,0.7368394788461095
NMG,2026-07-09,56.08,833232,56.240877771361156,60.66035140263575,397795.5,0.6279253516593822
NMG,2026-07-10,55.53,528877,56.213000211699935,60.60930312997271,400425.65,0.6111070165839401
NMG,2026-07-11,56.44,246863,56.22190216418229,60.567817526689396,393709.95,0.5449328267943967
NMG,2026-07-12,56.09,452191,56.216729530292795,60.52326212841388,395206.35,0.5432332235501491
NMG,2026-07-13,56.38,316275,56.22313229381073,60.48203563957395,390670.95,0.5322149446009582
NMG,2026-07-14,56.35,314126,56.22810749797502,60.44092085709063,391528.75,0.5117520003810004
NMG,2026-07-15,55.15,431136,56.185828772564236,60.388274878413114,395244.7,0.6585786393284259
NMG,2026-07-16,55.12,443220,56.144031565797015,60.33585423285677,396919.8,0.7797495371356229
NMG,2026-07-17,54.96,482228,56.097598955373606,60.28236314596267,406927.45,0.8778517891649837
NMG,2026-07-18,54.93,232520,56.05181076104523,60.22910580122672,403263.35,0.9222014392254105
NMG,2026-07-19,54.06,359307,55.973700535121885,60.167721663901084,397729.05,1.11769828243288
NMG,2026-07-20,54.12,281679,55.901006396489656,60.107545328936894,394521.2,1.226628822926791
NMG,2026-07-21,53.32,542119,55.79979045937242,60.04000756446986,407847.25,1.4578991452039665
NMG,2026-07-22,53.4,1327056,55.70568102959311,59.97393783746021,450165.2,1.6248237858823056
NSE,2025-11-13,34.67,453149,34.67,34.67,453149.0,0.7000357133746897
NSE,2025-11-14,34.01,958109,34.64411764705883,34.6634328358209,705629.0,0.7000357133746897
NSE,2025-11-15,33.92,749475,34.61572087658593,34.656035494170936,720244.3333333334,0.6142678568833034
NSE,2025-11-16,34.12,836397,34.596280842210014,34.65070180766177,749282.5,0.5051237472144867
NSE,2025-11-17,35.17,497399,34.618779632711586,34.655868953854196,698905.8,0.795240529651253
NSE,2025-11-18,34.57,826305,34.616866705938584,34.65501453640291,720139.0,0.7209368904418781
NSE,2025-11-19,35.16,698917,34.63816605080373,34.66003926738398,717107.2857142857,0.7835359413763838
NSE,2025-11-20,35.18,948584,34.6594144409683,34.66521300601698,746041.875,0.8061017305526681
NSE,2025-11-21,34.88,570016,34.66806485504797,34.667350190036714,726483.4444444445,0.7669256808844042
NSE,2025-11-22,34.81,689767,34.67363093916374,34.66876959113088,722811.8,0.7280264418274978
NSE,2025-11-23,35.16,1549108,34.69270423566712,34.67365745589575,797929.6363636364,0.728307190432973
NSE,2025-11-24,34.37,491459,34.68004916760175,34.67063598867291,772390.4166666666,0.7085693011593577
NSE,2025-11-25,34.39,372231,34.6686746904409,34.667843590775675,741608.9230769231,0.6882146635149008
NSE,2025-11-26,33.72,732472,34.631471761404,34.65841231126547,740956.2857142857,0.7584781792191861
NSE,2025-11-27,33.31,791867,34.579649339388155,34.64499527334243,744350.3333333334,0.9113250376105246
NSE,2025-11-28,33.91,660957,34.55338858098077,34.63768188753803,739138.25,0.9211478297080358
NSE,2025-11-29,33.44,434543,34.509726283687414,34.62576465482621,721220.8823529412,0.9889361166714177
NSE,2025-11-30,33.29,455807,34.461893880405555,34.61247346423093,706475.6666666666,1.0868600807669935
NSE,2025-12-01,33.2,542366,34.41240784587985,34.598419001900275,697838.3157894737,1.1261483150422613
NSE,2025-12-02,32.83,395182,34.3503526362375,34.58082279292615,682705.5,1.2479253662700407
NSE,2025-12-03,32.37,351698,34.27269174854191,34.55882455618062,677632.95,1.342335384959467
NSE,2025-12-04,32.28,835842,34.194546974089285,34.53614968497484,671519.6,1.373750781179469
NSE,2025-12-05,31.39,628442,34.08456473981128,34.50484471298504,665467.95,1.559802264518035
NSE,2025-12-06,31.51,753834,33.983601416681424,34.47504526310459,661339.8,1.6258825583068937
NSE,2025-12-07,31.22,373719,33.875224890537055,34.442656753023954,655155.8,1.581538625224466
NSE,2025-12-08,31.55,344602,33.78403960071207,34.413874098765014,631070.65,1.5454156327738962
NSE,2025-12-09,31.56,642035,33.696822361468456,34.38547734156337,628226.55,1.436171077078675
NSE,2025-12-10,31.96,732022,33.62871168062655,34.36134323866225,617398.45,1.3573481336944888
NSE,2025-12-11,31.8,794106,33.55699749707257,34.3358572362875,628602.95,1.3196220425427834
NSE,2025-12-12,31.91,865396,33.49240935993247,34.31171935333937,637384.4,1.1291960210017142
NSE,2025-12-13,32.4,720180,33.44956977719003,34.29269727022157,595938.0,0.994943327669809
NSE,2025-12-14,32.28,395319,33.40370429573159,34.27267043171191,591131.0,0.8570695023556008
NSE,2025-12-15,32.89,487925,33.383559029232316,34.25891251696851,596915.7,0.7894532292028733
NSE,2025-12-16,32.78,918680,33.359890047693796,34.24419696953599,606226.1,0.7805196916227883
NSE,2025-12-17,31.9,402552,33.30263945758816,34.220871626555535,586760.35,0.7637764941178644
NSE,2025-12-18,30.92,936428,33.20920261611411,34.18802713275896,600533.9,0.8541833867745842
NSE,2025-12-19,31.06,747704,33.124920160580224,34.15690248467181,616191.95,0.895021947057292
NSE,2025-12-20,31.5,581208,33.061197801341784,34.13046564402831,622462.0,0.8956660760462909
NSE,2025-12-21,31.18,333138,32.98742533854407,34.101107776923556,612000.6,0.9005719336578548
NSE,2025-12-22,30.99,1239940,32.90909493311097,34.070151480635765,654238.5,0.9574319618324851
NSE,2025-12-23,31.38,323437,32.84913042593015,34.04338380421153,652825.45,0.9677424306538654
NSE,2025-12-24,31.95,532879,32.81387040922701,34.022554114617385,637677.3,0.9674325941251739
NSE,2025-12-25,32.3,819554,32.79371862847301,34.005414272680895,647232.9,0.9896053159308621
NSE,2025-12-26,32.95,540675,32.799847309709364,33.994912638126856,636574.95,1.089300612400345
NSE,2025-12-27,33.2,380855,32.8155395720737,33.98700305963803,636931.75,1.1959381806214222
NSE,2025-12-28,33.63,823387,32.847479196698266,33.983450790387906,660871.0,1.3704192929397514
NSE,2025-12-29,34.23,447078,32.90169569878853,33.9859040163542,651123.15,1.5995554413305153
NSE,2025-12-30,35.26,461228,32.99417822040466,33.99858158833077,637583.45,2.023817420260386
NSE,2025-12-31,35.34,346648,33.086171231369185,34.01192903521306,615210.55,2.3452279406075984
NSE,2026-01-01,36.35,856816,33.21416451641353,34.035193422922376,614781.55,2.6738467782217015
NSE,2026-01-02,35.54,349342,33.30537375106398,34.05016662269429,596239.65,2.7279822878159146
NSE,2026-01-03,34.12,578562,33.33731987847324,34.05086148216997,605401.8,2.634111815194079
NSE,2026-01-04,34.23,352743,33.37232694206253,34.0526439549842,598642.7,2.455187180930731
NSE,2026-01-05,33.94,460081,33.39458863060909,34.05152311961122,575712.75,2.164094105325204
NSE,2026-01-06,34.75,827641,33.447742017644025,34.05847313832156,596967.2,1.8931034828300584
NSE,2026-01-07,34.68,523609,33.49606586008936,34.06465748520394,576326.25,1.6503191499535173
NSE,2026-01-08,34.58,602162,33.53857308126233,34.06978527142082,569049.15,1.4008959064325037
NSE,2026-01-09,34.34,508502,33.57000158787949,34.072473975187776,565413.85,1.238592175384249
NSE,2026-01-10,35.23,692506,33.635099564825396,34.08399164707645,583382.25,1.105969814583221
NSE,2026-01-11,36.15,401569,33.73372311130283,34.10454894412047,541463.7,1.1332390609358587
NSE,2026-01-12,36.03,924388,33.82377318536939,34.12370766109439,571511.25,1.1752670961329459
NSE,2026-01-13,35.58,800627,33.89264482515883,34.13819813212828,584898.65,1.1925759357950265
NSE,2026-01-14,36.07,783038,33.97803130260358,34.15742004126133,583072.85,1.256294098783157
NSE,2026-01-15,35.7,641987,34.04555948681521,34.172769095577145,588138.45,1.1696068654809784
NSE,2026-01-16,35.42,501714,34.099459114783244,34.1851793533326,594181.4,1.1621758676090153
NSE,2026-01-17,35.62,324474,34.15908816910547,34.1994561756875,569235.75,1.106763174881939
NSE,2026-01-18,35.4,1992534,34.20775137816016,34.21140188538216,646508.55,1.0324544664413797
NSE,2026-01-19,35.57,659724,34.26117289274212,34.22492027458234,656433.35,0.8684611247918719
NSE,2026-01-20,35.9,506760,34.32544062243851,34.24158773453674,664438.95,0.8495102823275674
NSE,2026-01-21,36.09,349697,34.3946390294017,34.259979896382156,639083.0,0.8163396594313475
NSE,2026-01-22,36.48,412466,34.476417890993794,34.28206964865696,642239.2,0.7807477396490401
NSE,2026-01-23,35.96,2410220,34.53459758154305,34.298765473048434,733822.1,0.5267936393518787
NSE,2026-01-24,35.19,857147,34.56029963716882,34.307633478291734,759042.3,0.5344726269988458
NSE,2026-01-25,35.24,817092,34.586954553358275,34.316910757114705,776892.85,0.5546156227614255
NSE,2026-01-26,35.4,928804,34.6188386885207,34.32768776450661,781951.0,0.5535613965769941
NSE,2026-01-27,35.48,405997,34.65260972034341,34.3391535578946,776070.4,0.5583423267550169
NSE,2026-01-28,36.06,916772,34.70780149601622,34.3562764080648,791800.9,0.5571465025240471
NSE,2026-01-29,36.32,525354,34.771024966760685,34.37581594629302,792643.5,0.6137070971554395
NSE,2026-01-30,36.46,423799,34.83725928178968,34.39655409608115,779208.15,0.6642132626211381
NSE,2026-01-31,35.98,797156,34.882072643288126,34.41230977671716,798987.5,0.6632074286425422
NSE,2026-02-01,35.86,764381,34.9204227357082,34.426714654560776,790987.15,0.6374995151905548
NSE,2026-02-02,36.58,576060,34.98550419705298,34.44814037939101,779758.8,0.6857189216876716
NSE,2026-02-03,36.48,591691,35.044111875599924,34.46835788805379,770191.45,0.7200961474265275
NSE,2026-02-04,35.72,783832,35.070617292243064,34.48081203842141,777283.7,0.7246868402859131
NSE,2026-02-05,36.74,511842,35.13608328078255,34.50329152062617,777790.1,0.7644042606019672
NSE,2026-02-06,37.66,729232,35.235060407026374,34.534701555246805,798028.0,1.0234828627435562
NSE,2026-02-07,38.07,415166,35.34623450871162,34.56987865419957,719159.6,1.220542405546139
NSE,2026-02-08,37.8,770654,35.442460606409206,34.60201916510306,724706.1,1.2700993406678631
NSE,2026-02-09,37.78,1309960,35.53412881792257,34.63364086495278,764866.1,1.2807113515285882
NSE,2026-02-10,38.64,696488,35.65592768780796,34.67350513495325,782205.65,1.4049358144973287
NSE,2026-02-11,38.53,423351,35.76863640593314,34.71187821818755,782749.9,1.5045359987147893
NSE,2026-02-12,38.63,605760,35.88084674295537,34.75086450457374,692526.9,1.5943857975498634
NSE,2026-02-13,39.21,717689,36.011401772643396,34.79523401199092,685554.0,1.7447651688710537
NSE,2026-02-14,38.12,745837,36.0940918992064,34.82831626062783,681991.25,1.650480948886566
NSE,2026-02-15,38.07,596600,36.171578491394385,34.86057182022357,665381.05,1.4864806970282172
NSE,2026-02-16,38.32,383036,36.25583031526127,34.89499399116662,664233.0,1.4183524821906535
NSE,2026-02-17,37.93,795137,36.32148402838828,34.92519305593114,658151.25,1.2909886321543518
NSE,2026-02-18,37.36,897037,36.362210144922074,34.949419990698,676735.4,0.9144391183118786
NSE,2026-02-19,36.95,448139,36.38526072747415,34.96932625944727,677952.4,0.8644239172948144
NSE,2026-02-20,35.82,321995,36.36309364012222,34.97779067477615,654194.35,1.2476281343167033
NSE,2026-02-21,35.6,941131,36.33316839933312,34.98398181234057,663031.85,1.5589107566672584
NSE,2026-02-22,35.36,895274,36.295004932692606,34.98772328684465,678992.55,1.833162912492075
NSE,2026-02-23,35.05,552402,36.246181209841914,34.98834295563226,677028.1,2.093507526553573
NSE,2026-02-24,34.81,655459,36.18986037808341,34.98656839885981,670609.45,2.2572936728026685
NSE,2026-02-25,34.82,362377,36.13614036325661,34.98491100185623,663136.2,2.3460680514848833
NSE,2026-02-26,35.99,325684,36.1304093686191,34.9949118874099,642958.8,2.2376985147372834
NSE,2026-02-27,35.62,756840,36.110393314947764,35.001131669624726,660042.5,1.9811160690684475
NSE,2026-02-28,35.06,952200,36.06920142024393,35.00171742415583,669119.8,1.9037996997330535
NSE,2026-03-01,34.75,890892,36.017468031214754,34.999212773169205,648166.4,1.8009901123037246
NSE,2026-03-02,34.65,446041,35.96384183391222,34.99573801920732,635644.05,1.5524504292135266
NSE,2026-03-03,35.32,507490,35.93859313454311,34.998964506578396,639851.0,1.2199380726493259
NSE,2026-03-04,35.67,786686,35.92806007044338,35.0056414766622,648897.3,0.9305109815653188
NSE,2026-03-05,35.86,378526,35.92539104807305,35.01414255649641,631939.15,0.6844449102486689
NSE,2026-03-06,36.29,467225,35.9396894383447,35.02683765543674,618008.55,0.7658164679855305
NSE,2026-03-07,35.48,614615,35.92166240154687,35.0313467334921,618909.3,0.7604315756984005
NSE,2026-03-08,36.84,887485,35.95767564070189,35.0493432834076,644131.75,0.9703755503884427
NSE,2026-03-09,36.03,912604,35.96051189008613,35.059101061682156,650005.1,0.9810541118257077
NSE,2026-03-10,36.46,865638,35.980099659102365,35.07304035460074,648435.15,0.9990817212394264
NSE,2026-03-11,36.95,788526,36.01813496658855,35.09171656997785,665454.5,1.0625612458109615
NSE,2026-03-12,37.18,3678492,36.06369830123214,35.11249550958006,833279.35,1.2006900488498389
NSE,2026-03-13,37.08,375807,36.10355326981127,35.132072668688714,805013.15,1.2878707190597258
NSE,2026-03-14,36.66,642574,36.12537471021083,35.147275925716684,792378.15,1.2507826121503134
NSE,2026-03-15,36.16,797880,36.12673256471237,35.15735278217722,804652.05,1.1096596968699697
NSE,2026-03-16,35.13,618788,36.08764501315502,35.15708061519038,802818.5,1.0064056513977058
NSE,2026-03-17,35.76,841605,36.07479618910972,35.16307981304918,826779.9,0.9521361899309506
NSE,2026-03-18,35.97,2391308,36.07068653463483,35.17110886963575,930061.1,0.9275914841884128
NSE,2026-03-19,37.52,917657,36.12752235680601,35.19448092068416,938101.95,1.0319035142094193
NSE,2026-03-20,37.45,393891,36.17938422516656,35.216923896597756,910186.5,1.1133256906256002
NSE,2026-03-21,37.33,508443,36.224506412414925,35.23794952946743,891064.05,1.0730522861405993
NSE,2026-03-22,36.16,528342,36.22197674918297,35.247124161015016,895179.1,1.0822572564927126
NSE,2026-03-23,36.67,451621,36.239546288430695,35.26128212956213,892385.65,1.0581559223688701
NSE,2026-03-24,36.47,552322,36.248583688884395,35.27330917304908,880667.45,1.0579251541902623
NSE,2026-03-25,36.07,960373,36.24158040696736,35.281236444959035,909759.8,1.0672420680747643
NSE,2026-03-26,35.07,878908,36.195636077282366,35.279134589785315,930343.95,1.178848618752407
NSE,2026-03-27,35.01,665411,36.14914054483992,35.276456633668055,932883.75,1.2593507942893982
NSE,2026-03-28,35.01,778304,36.10446836661091,35.27380532388032,927424.7,1.3365927651235645
NSE,2026-03-29,35.09,730888,36.064685293410484,35.271976415184994,918338.9,1.3993970934924704
NSE,2026-03-30,34.78,582810,36.014305477982624,35.26708112747171,904197.5,1.4455268251396292
NSE,2026-03-31,34.82,463842,35.967469969042135,35.26263255903916,887963.3,1.522502638984495
NSE,2026-04-01,34.52,652326,35.9107064408444,35.255243180342255,736655.0,1.627937286167004
NSE,2026-04-02,34.83,729026,35.86832579610541,35.25101190491597,754315.95,1.5042450919660055
NSE,2026-04-03,34.71,575578,35.82290125508167,35.24562870188198,750966.15,1.332026878255901
NSE,2026-04-04,35.01,462823,35.79102277449023,35.24328413768415,734213.3,1.069255158232675
NSE,2026-04-05,34.75,571498,35.7501983519612,35.2383758378067,731848.8,1.0216524672005014
NSE,2026-04-06,34.23,685585,35.69058273031567,35.228342247380766,724047.8,0.8715623996502788
NSE,2026-04-07,33.77,364819,35.61526576049937,35.21383137924762,622723.35,0.7629181433202777
NSE,2026-04-08,34.16,853679,35.55819651498959,35.203345494877,619524.45,0.5923481861431339
NSE,2026-04-09,34.36,578454,35.51120841636254,35.19495399741554,628752.6,0.5833143508168013
NSE,2026-04-10,34.1,710176,35.45586690983852,35.184058932764636,638839.25,0.5990143002206498
NSE,2026-04-11,33.86,371474,35.39328389376642,35.17088421701574,630995.85,0.6330547994617786
NSE,2026-04-12,33.53,865385,35.32021393714813,35.154557010876275,651684.05,0.6876677617499425
NSE,2026-04-13,33.47,723385,35.24765652784821,35.137795249574026,660237.2,0.7555574319452945
NSE,2026-04-14,33.54,466727,35.18068960518749,35.121896789379264,635554.9,0.775402766664006
NSE,2026-04-15,33.6,358899,35.11870177753308,35.10675353774365,609554.45,0.7976717493938028
NSE,2026-04-16,33.01,385519,35.03600759017885,35.085890318462624,595559.85,0.8556460832499514
NSE,2026-04-17,32.95,892991,34.954203370956144,35.06463767847792,601294.2,0.8954086181221204
NSE,2026-04-18,34.13,531884,34.92188167013433,35.055337801080135,591344.0,0.7631733200815485
NSE,2026-04-19,34.92,790790,34.92180787914867,35.05399115629327,601743.0,0.8011798476949019
NSE,2026-04-20,35.27,748461,34.935462472123234,35.0561404980217,615973.95,0.9795205852476268
NSE,2026-04-21,35.1,551401,34.94191492419683,35.05657691097671,610927.7,1.0870124901982163
NSE,2026-04-22,35.76,708745,34.973996691875385,35.063576145693354,609913.65,1.2967806714671835
NSE,2026-04-23,36.35,491360,35.02795760591948,35.076376383049634,605702.75,1.5771316030716518
NSE,2026-04-24,36.16,381511,35.072351425295196,35.08715870759641,601637.15,1.7486582375835742
NSE,2026-04-25,36.24,909579,35.1181415654797,35.09862976523227,618541.2,1.8762559529818044
NSE,2026-04-26,35.87,863023,35.14762620997069,35.10630509095135,627413.1,1.885484204869916
NSE,2026-04-27,35.56,480854,35.16379773114831,35.11081946815582,633214.85,1.826952064547561
NSE,2026-04-28,36.36,564610,35.210707624044446,35.12324912518909,618761.4,1.816042521407794
NSE,2026-04-29,36.17,951428,35.24832693290545,35.133664556779244,637410.1,1.7414690416650125
NSE,2026-04-30,36.14,437444,35.283294504164054,35.143677844771496,623773.5,1.4673703772996618
NSE,2026-05-01,36.55,816810,35.33296922949095,35.1576711000474,646040.3,1.0296217165161212
NSE,2026-05-02,37.06,876174,35.40069592637366,35.17659974581808,646579.75,0.8893747803939122
NSE,2026-05-03,37.25,727615,35.47321765475116,35.197230594118395,646791.25,0.9059009843284772
NSE,2026-05-04,37.99,794236,35.571915001623665,35.225019344425675,663166.7,1.094813697835268
NSE,2026-05-05,38.67,840600,35.69340853097176,35.25929775890901,687251.75,1.3161324146785982
NSE,2026-05-06,37.95,612344,35.781902314070905,35.28607091553678,698593.0,1.3714378433754963
NSE,2026-05-07,38.84,469824,35.901827713519104,35.32143339398915,677434.65,1.5948664641474546
NSE,2026-05-08,39.65,920389,36.048814862008555,35.364503708476825,696859.9,1.8944701193124374
NSE,2026-05-09,39.16,717029,36.17082212232195,35.40226984073079,693171.85,2.0062631328523173
NSE,2026-05-10,38.01,690865,36.242946744975995,35.428217404504615,690292.05,1.909928944078602
NSE,2026-05-11,37.88,559014,36.30714491183968,35.45261325122596,690672.7,1.712961576521201
NSE,2026-05-12,38.07,726679,36.3762764839244,35.47865690046749,691569.4,1.6174296611574326
NSE,2026-05-13,38.02,881290,36.440736229652856,35.50394389648274,711065.9,1.4538244373053233
NSE,2026-05-14,38.59,782702,36.52502108339196,35.53465092238839,731125.45,1.2437477152226384
NSE,2026-05-15,39.07,891127,36.62482417816091,35.56982852515069,730202.85,1.0942404787227458
NSE,2026-05-16,38.36,731380,36.69287028882127,35.59759142539795,723620.7,0.9542787535940966
NSE,2026-05-17,39.1,719615,36.7872675323969,35.632441261961155,735558.75,0.8534442178418596
NSE,2026-05-18,38.22,374013,36.84345311936173,35.658188115075966,726028.9,0.8331972874301091
NSE,2026-05-19,38.69,657672,36.915866722524015,35.68835539751302,711341.1,0.8337668560996787
NSE,2026-05-20,38.31,565308,36.970538615758365,35.71444141345817,717734.3,0.8012662540571545
NSE,2026-05-21,38.04,470996,37.01247827788549,35.73758129989142,700443.6,0.8184850150008185
NSE,2026-05-22,38.81,936250,37.082969325811554,35.768152630240756,703447.4,0.6726543492961595
NSE,2026-05-23,38.96,326308,37.15657837185817,35.79991230556175,683382.05,0.6402241408679591
NSE,2026-05-24,37.92,759196,37.18651647492255,35.82100770550641,681630.05,0.6515505597179674
NSE,2026-05-25,38.88,805555,37.25292759355304,35.85144543977998,679877.8,0.6279755542248191
NSE,2026-05-26,38.89,1765029,37.31712651145292,35.881679813513514,737512.05,0.6160785236099577
NSE,2026-05-27,39.1,690217,37.38704311884692,35.913702899946216,748531.7,0.6038202556221418
NSE,2026-05-28,38.47,721075,37.42951201614704,35.93913869198656,738566.0,0.607396714867191
NSE,2026-05-29,38.87,750791,37.48600174100402,35.968301491071266,740254.1,0.5872800032339657
NSE,2026-05-30,38.52,561085,37.52655069233719,35.99369152598598,733765.1,0.5786617756082876
NSE,2026-05-31,40.07,1879785,37.626293802441616,36.0342518093095,799803.65,0.8030170615245962
NSE,2026-06-01,39.5,934452,37.69977247685567,36.068736865933296,810192.3,0.8348989048497966
NSE,2026-06-02,39.25,861977,37.76056571305741,36.10039122547625,809226.65,0.8535144700297497
NSE,2026-06-03,39.33,734167,37.82211215568261,36.13252663616803,806799.9,0.8443048541930291
NSE,2026-06-04,39.0,882588,37.868303835851925,36.16105870943999,806372.95,0.7582499551640155
NSE,2026-06-05,39.57,933636,37.935037018759694,36.19497852327641,816485.75,0.7911176716079713
NSE,2026-06-06,39.27,439644,37.9873885082201,36.22557575190052,802487.2,0.7965488747659257
NSE,2026-06-07,39.0,639315,38.02709876279971,36.2531819633244,815752.3,0.6333271640345669
NSE,2026-06-08,39.17,917324,38.07191841916051,36.28220502836595,828734.9,0.6246921219717141
NSE,2026-06-09,38.75,722405,38.098509853703234,36.306760202213056,836589.75,0.6369291238371673
NSE,2026-06-10,38.67,384502,38.120921231989385,36.33027502607163,832265.05,0.6636201912559034
NSE,2026-06-11,38.45,634918,38.133826281715294,36.351366816856995,817198.45,0.6669612902096526
NSE,2026-06-12,37.89,470031,38.12426446674607,36.36667659977384,824384.6,0.823222360572035
NSE,2026-06-13,38.3,473625,38.13115605628544,36.38591364853231,810106.05,0.851129178868645
NSE,2026-06-14,39.27,896338,38.17581660309778,36.414611025163836,814645.2,0.7316570084559393
NSE,2026-06-15,38.25,897332,38.178725755917476,36.432873602027875,771260.35,0.7430787787504489
NSE,2026-06-16,37.97,401658,38.17054043215601,36.44816839205745,756832.4,0.8042354399414389
NSE,2026-06-17,38.18,743936,38.170911395600875,36.46540054736036,757975.45,0.799714921734355
NSE,2026-06-18,38.82,555912,38.196365850675356,36.488829397635385,748231.5,0.7910700084331244
NSE,2026-06-19,39.32,559006,38.2404299349626,36.51700024940021,748127.55,0.7477061074229245
NSE,2026-06-20,38.03,703059,38.23217778065034,36.532054973286776,689291.25,0.7392523881646804
NSE,2026-06-21,37.94,337030,38.22071982846797,36.54606437653765,659420.15,0.7560783907556141
NSE,2026-06-22,38.33,673931,38.225005325390796,36.56381497975618,650017.85,0.7003190991682908
NSE,2026-06-23,37.56,582212,38.198926685179394,36.57372726851482,642420.1,0.768526133311635
NSE,2026-06-24,38.75,857155,38.22053740340766,36.59538172355448,641148.45,0.774831778978381
NSE,2026-06-25,39.79,575965,38.28208495621521,36.62716897008628,623264.9,0.9643787500909173
NSE,2026-06-26,39.18,483245,38.317297310873435,36.652570273866516,625444.95,0.9717097908238829
NSE,2026-06-27,38.58,592879,38.3275993771137,36.671748679101675,623123.15,0.9657423979102617
NSE,2026-06-28,38.5,338129,38.33436018585434,36.6899402345335,594163.4,0.9171578770468767
NSE,2026-06-29,38.07,738899,38.323993119742404,36.703672172498344,594988.1,0.9288986743737472
NSE,2026-06-30,38.35,884922,38.32501299739957,36.72005354391627,620009.1,0.9034138550006638
NSE,2026-07-01,37.53,563439,38.293836017109385,36.728112712633525,616435.15,0.9810641928793457
NSE,2026-07-02,37.63,466845,38.267803232124706,36.73708671549289,616275.85,1.025135745500965
NSE,2026-07-03,38.88,943154,38.29181094851197,36.75840923573675,639752.3,0.9702882770908106
NSE,2026-07-04,38.31,364745,38.29252424464876,36.773847949809024,613172.65,0.9599587903245631
NSE,2026-07-05,38.82,848750,38.313209568388025,36.79420767170147,610743.55,0.9540474796398416
NSE,2026-07-06,38.75,457849,38.330338604921835,36.81366829188355,613553.1,0.9598531824548393
NSE,2026-07-07,39.22,490093,38.365227287081765,36.837611890969285,600860.95,0.914525638163161
NSE,2026-07-08,40.38,327211,38.44423798170601,36.872859533845215,589425.9,1.1617252824436453
NSE,2026-07-09,39.65,1741218,38.49152276673715,36.90049277231442,648536.5,1.1404342362685271
NSE,2026-07-10,39.41,336609,38.52754148176707,36.925462993485425,630214.0,1.1606132331331198
NSE,2026-07-11,38.87,881865,38.54097122758012,36.94481162041592,657455.75,1.1603815330306
NSE,2026-07-12,38.86,799683,38.55348215983188,36.9638682212078,663743.35,1.1564243037615225
NSE,2026-07-13,39.39,416593,38.58628678101495,36.98800883592215,655462.4,1.1397944797394999
NSE,2026-07-14,38.28,902033,38.57427553470064,37.000864469395566,657706.3,1.1455539952549756
NSE,2026-07-15,38.23,543579,38.56077453333983,37.013094673680186,656087.0,1.034317739775299
NSE,2026-07-16,38.52,1489980,38.559175532032384,37.028088756529144,706423.75,0.8967144699736108
NSE,2026-07-17,37.46,845242,38.51607060920759,37.03238638084229,719041.9,1.0826118829071076
NSE,2026-07-18,37.55,1132820,38.47818548727788,37.03753676511252,758776.45,1.1881230580624098
NSE,2026-07-19,37.58,350376,38.442962526992474,37.04293440924075,739350.3,1.286853272970347
NSE,2026-07-20,38.3,427091,38.437356153384926,37.05544252457169,716458.75,1.2979375016703993
NSE,2026-07-21,38.3,474917,38.431969637565906,37.067826181043614,712032.65,1.2856109848613717
NSE,2026-07-22,38.85,461777,38.44836298511234,37.08555925386905,711779.25,1.049128955817471
SCBK,2025-11-13,54.33,781734,54.33,54.33,781734.0,0.010606601717803638
SCBK,2025-11-14,54.34,701665,54.33039215686275,54.33009950248756,741699.5,0.010606601717803638
SCBK,2025-11-15,54.04,983990,54.31900422914264,54.32721294027376,822463.0,0.25558755838264124
SCBK,2025-11-16,53.83,663366,54.299827592705675,54.322265547833226,782688.75,0.36956054984264736
SCBK,2025-11-17,53.62,422967,54.27316768710938,54.31527783093936,710744.4,0.47093789399452635
SCBK,2025-11-18,53.63,458264,54.2479454248698,54.30845914605439,668664.3333333334,0.4878806206440237
SCBK,2025-11-19,53.07,645055,54.20175148663961,54.29613616947674,665291.5714285715,0.6751507768110515
SCBK,2025-11-20,51.66,1082421,54.10207495775178,54.26990595883518,717432.75,1.3129438025183802
SCBK,2025-11-21,51.95,611723,54.01767986136936,54.24682231745374,705687.2222222222,1.4698299221338476
SCBK,2025-11-22,51.86,907530,53.93306496484507,54.22307284165818,725871.5,1.5633305792441958
SCBK,2025-11-23,52.01,898709,53.85765065249821,54.20105221636805,741584.0,1.582891916140142
SCBK,2025-11-24,51.67,794263,53.77186043083161,54.17586761720021,745973.9166666666,1.634924414432998
SCBK,2025-11-25,51.92,1088615,53.69923845315194,54.15342117324797,772330.9230769231,1.6286246557235833
SCBK,2025-11-26,51.92,462485,53.629464396165595,54.13119807699675,750199.0714285715,1.615041633525888
SCBK,2025-11-27,52.58,715970,53.5883089296493,54.115763270260466,747917.1333333333,1.4838615349637725
SCBK,2025-11-28,52.48,972078,53.544845834368935,54.09948701881509,761927.1875,1.309863049631981
SCBK,2025-11-29,51.86,3666060,53.47877344870741,54.07720356589156,932758.5294117647,1.1765413084755827
SCBK,2025-11-30,51.22,529308,53.39019409777771,54.04877367966378,910344.6111111111,1.103080414611234
SCBK,2025-12-01,52.19,624750,53.343127662570744,54.03027841916961,895313.3157894737,0.9303296119189042
SCBK,2025-12-02,52.86,636287,53.32418147972483,54.01863385778484,882362.0,0.7515322260643105
SCBK,2025-12-03,51.94,690553,53.26989985306896,53.997950933826786,877802.95,0.6216161141786659
SCBK,2025-12-04,51.83,944354,53.213433192164295,53.976379282743935,889937.4,0.6087192689176505
SCBK,2025-12-05,51.86,555214,53.16035738070687,53.95532078241813,868498.6,0.6115913309097397
SCBK,2025-12-06,50.99,1872384,53.07524532656151,53.92581510299108,928949.5,0.7363099450400121
SCBK,2025-12-07,51.08,663283,52.99700041179439,53.89749853480212,940965.3,0.8139585809048053
SCBK,2025-12-08,50.93,536619,52.91594157211618,53.867971186197124,944883.05,0.8976590434244807
SCBK,2025-12-09,50.47,1035301,52.82002229477829,53.834160527628,964395.35,1.0487871723886757
SCBK,2025-12-10,49.63,1087735,52.694923381257574,53.792328084567025,964661.05,1.3384986258598013
SCBK,2025-12-11,50.63,2190645,52.61394599375728,53.760862133476806,1043607.15,1.310744744683073
SCBK,2025-12-12,50.12,663838,52.516144190080524,53.724634649561615,1031422.55,1.3238123954102297
SCBK,2025-12-13,50.43,2620731,52.434334613998935,53.691852215237624,1117523.65,1.3353138907437463
SCBK,2025-12-14,51.46,1035163,52.39612541344996,53.66964473050889,1129568.65,1.3407688052050597
SCBK,2025-12-15,51.38,397418,52.35627735802055,53.64686219587696,1095008.8,1.2719726502865303
SCBK,2025-12-16,51.67,596593,52.329364520451115,53.62719192527123,1101714.2,1.0614594452197277
SCBK,2025-12-17,51.59,2397624,52.3003698333746,53.60692135885062,1185796.9,1.0179065054542944
SCBK,2025-12-18,51.38,989538,52.26427689873246,53.584762937369526,1186669.9,0.9696229583290106
SCBK,2025-12-19,50.44,865584,52.192736628193934,53.553471763863364,1046646.1,0.9100374343224309
SCBK,2025-12-20,50.74,1112509,52.13576656434319,53.525477019944326,1075806.15,0.909918559935067
SCBK,2025-12-21,50.3,609404,52.06377571868267,53.49338272123841,1075038.85,0.9298358150002421
SCBK,2025-12-22,51.16,553101,52.02833353363629,53.47016498271863,1070879.55,0.9400090600451967
SCBK,2025-12-23,50.71,939565,51.97663417937605,53.44270065453237,1083330.15,0.9296622924600088
SCBK,2025-12-24,50.12,888335,51.90382499587111,53.40963895647733,1080529.2,0.8361092684519353
SCBK,2025-12-25,49.42,713677,51.806420094072244,53.36994105641288,1088452.35,1.0165666197095566
SCBK,2025-12-26,50.5,752963,51.75518793352039,53.34138442898588,1032481.3,0.98478396135877
SCBK,2025-12-27,51.16,489391,51.73184723024508,53.31967911128453,1023786.7,0.9798688659741736
SCBK,2025-12-28,52.18,1538910,51.74942184866684,53.308339020624985,1073901.25,1.0923249350519644
SCBK,2025-12-29,52.47,550596,51.77767981538579,53.29999733882772,1049666.0,1.2494732956264114
SCBK,2025-12-30,52.0,1146371,51.786398253998115,53.28706204192397,1052597.8,1.287060764722443
SCBK,2025-12-31,51.86,985062,51.78928459697858,53.27286241961627,992318.65,1.3123448102914523
SCBK,2026-01-01,52.72,1082146,51.82578324023433,53.267361301013125,1013234.05,1.4739440250603113
SCBK,2026-01-02,52.54,1026130,51.853791740617304,53.2601238751324,933504.0,1.5432954963360017
SCBK,2026-01-03,53.32,840517,51.91129010373035,53.260719657469394,923771.7,1.7238995534339185
SCBK,2026-01-04,53.98,1097570,51.99241598201544,53.26787667580303,958779.3,1.915412617298289
SCBK,2026-01-05,52.94,564596,52.02957613958346,53.26461422131743,957179.45,1.9571218214959973
SCBK,2026-01-06,53.59,528378,52.090769232148816,53.267851890757065,863717.15,2.0063493993040944
SCBK,2026-01-07,53.05,1058535,52.128386125005726,53.265684210252026,867167.0,1.8548434147945159
SCBK,2026-01-08,52.91,603672,52.15903764951531,53.26214506388136,854071.4,1.3997340799257145
SCBK,2026-01-09,52.22,504466,52.16142832992648,53.251775461255676,823669.25,1.1111198687078536
SCBK,2026-01-10,52.23,756110,52.164117415027405,53.24160854124319,831004.55,0.9332465046607643
SCBK,2026-01-11,52.01,974828,52.158073594830256,53.229353729887535,852090.9,0.9524055720261035
SCBK,2026-01-12,51.21,1145883,52.120894238170244,53.20926065794836,862406.8,1.1241832199814699
SCBK,2026-01-13,51.11,600660,52.081251326869456,53.18837249219763,848023.05,1.2569394737453883
SCBK,2026-01-14,51.2,624131,52.04669245130595,53.168587691280244,843545.75,1.3443880608818832
SCBK,2026-01-15,51.05,850354,52.00760647282336,53.147507216740145,848415.3,1.4593344862837778
SCBK,2026-01-16,50.9,417078,51.96417092486951,53.125143960852185,844799.65,1.5724838614451635
SCBK,2026-01-17,51.29,576674,51.937732849384425,53.10688382193823,796687.85,1.5473055719433813
SCBK,2026-01-18,50.8,935709,51.89311587489876,53.08392975405825,815943.5,1.40453450307555
SCBK,2026-01-19,50.31,973304,51.83103289941254,53.0563284629731,807290.15,1.4600374449511073
SCBK,2026-01-20,50.89,1160040,51.79412964845518,53.03477295587884,816039.05,1.2418671691988992
SCBK,2026-01-21,50.67,978202,51.75004613282949,53.011242876715876,810841.85,1.089134902188367
SCBK,2026-01-22,50.37,996701,51.6959266766401,52.98496185306696,809370.4,0.9193469971120474
SCBK,2026-01-23,49.34,654260,51.60353739520323,52.94869357592202,800057.55,1.0596759819931916
SCBK,2026-01-24,49.81,942200,51.533202595391344,52.91746279407205,792289.05,0.9983290985496974
SCBK,2026-01-25,50.07,572042,51.475822101454426,52.889129830946956,792661.35,0.8817321862967943
SCBK,2026-01-26,49.69,828733,51.4057898621817,52.8572976933256,807679.1,0.9225579585116993
SCBK,2026-01-27,50.58,1033849,51.37340594601771,52.83463801478505,806444.8,0.8893247376583429
SCBK,2026-01-28,50.93,739543,51.35601747754643,52.81568639274739,813238.35,0.858481921062582
SCBK,2026-01-29,51.04,4568492,51.34362463528971,52.79801787142652,1016439.65,0.8573384735574694
SCBK,2026-01-30,51.95,966367,51.36740406135678,52.789579882656106,1026952.5,1.0323029838906503
SCBK,2026-01-31,52.55,1157137,51.41378037267612,52.78719600322669,1036067.95,1.281525318851417
SCBK,2026-02-01,52.36,816163,51.45088702472804,52.78294529672693,1019581.95,1.4554307168081384
SCBK,2026-02-02,52.33,882132,51.48536204336616,52.77843837835154,1033655.55,1.5695218702200284
SCBK,2026-02-03,53.4,444766,51.56044588480278,52.784623071104264,1024687.3,1.8623822700456227
SCBK,2026-02-04,53.76,634832,51.64670290892816,52.794328314177854,1013911.2,2.1369916978040826
SCBK,2026-02-05,54.19,786055,51.74644004975451,52.80821559463379,1032360.05,2.3841316063681477
SCBK,2026-02-06,53.92,1159777,51.83167769486218,52.819278126030476,1061515.2,2.3489610750006436
SCBK,2026-02-07,53.54,420897,51.898670726436215,52.826449487960524,1035774.6,2.2487669698337864
SCBK,2026-02-08,53.23,492119,51.95087971755636,52.83046491594102,1011715.35,2.0904960568573916
SCBK,2026-02-09,53.01,3179082,51.99241384627964,52.832251334687875,1112667.45,1.7429535135939467
SCBK,2026-02-10,53.34,874525,52.04526036211181,52.83730356021337,1107483.6,1.5184376459425049
SCBK,2026-02-11,53.66,520643,52.10858348516625,52.84548959444011,1083680.7,1.3086884215180525
SCBK,2026-02-12,53.66,801292,52.16942334849306,52.85359417558996,1091032.3,1.0100320961062859
SCBK,2026-02-13,53.78,910575,52.23258321717961,52.86281214399205,1089451.05,0.8729428722670107
SCBK,2026-02-14,53.6,1154633,52.2862074047412,52.8701473465394,1118580.6,0.8079981367620894
SCBK,2026-02-15,54.4,952464,52.36910123200625,52.88536976100169,1124767.15,0.7604014989204455
SCBK,2026-02-16,54.41,1781715,52.44913647780993,52.900540211140985,1162160.45,0.6236612034617162
SCBK,2026-02-17,54.41,872373,52.52603308652326,52.91555971152765,1168801.95,0.6674699030133051
SCBK,2026-02-18,53.34,570077,52.55795335764,52.91978299798011,968881.2,0.6904128602383044
SCBK,2026-02-19,53.76,936256,52.60509244165412,52.92814336615941,967375.65,0.6639181897172133
SCBK,2026-02-20,53.29,791458,52.63195156158926,52.93174392968021,949091.7,0.6787104976059073
SCBK,2026-02-21,53.82,898203,52.6785416964289,52.94058229853912,953193.7,0.6784554412150472
SCBK,2026-02-22,53.67,892349,52.717422414216,52.94784018611585,953704.55,0.6486991420705708
SCBK,2026-02-23,53.31,816025,52.74066075091342,52.951443766353506,972267.5,0.6008534452238571
SCBK,2026-02-24,53.81,1029326,52.78259562342662,52.95998661444949,991992.2,0.5748076601384684
SCBK,2026-02-25,53.15,576193,52.79700363819421,52.961877294902735,981499.1,0.6272082965433122
SCBK,2026-02-26,53.85,603379,52.838297613166986,52.97071433674451,953679.2,0.6274516749484537
SCBK,2026-02-27,53.54,1154442,52.86581535382711,52.97637887070725,990356.45,0.6332881225428618
SCBK,2026-02-28,53.49,767753,52.89029318308879,52.98148952871017,1004138.15,0.6390064618153523
SCBK,2026-03-01,52.86,884533,52.889105215124516,52.98028067767823,889410.7,0.6583768126783864
SCBK,2026-03-02,53.22,606730,52.90208148119807,52.982665944567,876020.95,0.580095672291234
SCBK,2026-03-03,53.63,916210,52.93062730546481,52.98910707944694,895799.3,0.445665942010567
SCBK,2026-03-04,53.96,440642,52.97099486211325,52.99876770552209,877766.8,0.4796289774857101
SCBK,2026-03-05,53.12,1114808,52.97683820085391,52.999973997009434,887978.45,0.4939324151837643
SCBK,2026-03-06,53.8,649137,53.00911905572239,53.00793445475063,862703.65,0.5022237636663966
SCBK,2026-03-07,54.02,501716,53.048761445694055,53.01800475868347,840166.25,0.5288419080748944
SCBK,2026-03-08,53.88,906629,53.08135903605899,53.02658182576124,796411.95,0.5448727041578556
SCBK,2026-03-09,54.65,405605,53.142874367978244,53.04273524043028,773073.55,0.6900214999039466
SCBK,2026-03-10,55.52,954395,53.23609498099871,53.06738464102302,792289.45,1.0226708326084915
SCBK,2026-03-11,55.65,814239,53.33075792292033,53.09308230628647,786188.6,1.2326169895215395
SCBK,2026-03-12,55.94,1119846,53.43308114162934,53.1214098455274,802608.0,1.467889267315111
SCBK,2026-03-13,55.34,899331,53.50786227333015,53.143485369452506,802664.4,1.527033322894676
SCBK,2026-03-14,54.79,1340906,53.55814218417995,53.15986859960721,825092.25,1.5082897308169585
SCBK,2026-03-15,54.2,678906,53.58331307891799,53.17021816578028,818236.3,1.3746324183992826
SCBK,2026-03-16,53.75,937378,53.58984982092121,53.1759871392551,813638.9,1.3102296690711357
SCBK,2026-03-17,53.77,724206,53.596914533826265,53.18189771498391,821039.55,1.2962586165958057
SCBK,2026-03-18,53.52,693699,53.59389827759779,53.185261916824864,825555.55,1.3367911493285136
SCBK,2026-03-19,54.24,947641,53.61923560004493,53.195756823125116,815215.5,1.2176502434544085
SCBK,2026-03-20,54.13,647548,53.63926557651376,53.20505277513383,809205.25,1.1914869738235374
SCBK,2026-03-21,54.95,454007,53.6906669264544,53.22241543408773,787678.95,1.1810682094547176
SCBK,2026-03-22,54.41,706583,53.718876066593445,53.23423219593761,792671.6,1.144068074129207
SCBK,2026-03-23,54.11,639027,53.73421426006038,53.24294630344072,778812.45,1.1629925401100416
SCBK,2026-03-24,53.81,539328,53.73718624986193,53.248588628779615,783746.75,1.1289573255252434
SCBK,2026-03-25,52.97,395632,53.70710051457323,53.245816602622604,747787.95,1.1559281628122071
SCBK,2026-03-26,52.38,656416,53.655057357138986,53.237201512049246,748151.9,1.1524963945975926
SCBK,2026-03-27,52.84,1221579,53.62309432352569,53.233249258198015,784145.05,1.0936030906047423
SCBK,2026-03-28,53.06,935401,53.60101219319135,53.23152538498211,785583.65,1.0548795566892535
SCBK,2026-03-29,52.89,1051648,53.57312936208581,53.22812712244498,817885.8,1.0829840871255119
SCBK,2026-03-30,53.67,864343,53.576928210631465,53.23252386749529,813383.2,1.0819333656433532
SCBK,2026-03-31,54.63,509374,53.618225143547875,53.24642910264459,798139.95,1.1543870572827897
SCBK,2026-04-01,54.83,523913,53.66574572615384,53.26218602699639,768343.3,1.2381204738200307
SCBK,2026-04-02,54.79,600192,53.70983412904977,53.277388156081,753386.35,1.2919501933889819
SCBK,2026-04-03,54.59,535680,53.74435043771448,53.29044897044836,713125.05,1.3238646908880995
SCBK,2026-04-04,55.37,651530,53.80810140094137,53.31114102049365,711756.25,1.3930467537888953
SCBK,2026-04-05,55.7,1066814,53.88229350286524,53.33491076158327,718228.05,1.5632441964013295
SCBK,2026-04-06,55.35,1117076,53.93985062039994,53.354961400771494,737871.55,1.6580408470690544
SCBK,2026-04-07,55.35,474852,53.99515059607053,53.37481253111208,726929.2,1.730738900833154
SCBK,2026-04-08,55.88,854892,54.06906625896973,53.39973976960847,722291.75,1.7733455762955608
SCBK,2026-04-09,55.92,511320,54.141651895872876,53.42481698583128,715480.35,1.6453319331762992
SCBK,2026-04-10,55.95,1143093,54.212567507799434,53.44994318497724,749934.65,1.5266673464815974
SCBK,2026-04-11,56.0,483066,54.28266289965044,53.475316884629216,738758.8,1.375637514546813
SCBK,2026-04-12,56.66,464270,54.3758918055465,53.50700527383689,730020.95,1.1564114752111132
SCBK,2026-04-13,56.64,393596,54.464680362191736,53.53817935071414,722734.35,1.0213638264271914
SCBK,2026-04-14,56.87,451960,54.55900662249794,53.571331794985646,725550.75,1.0669796644714094
SCBK,2026-04-15,57.68,510828,54.68139851965489,53.61221406568231,718271.35,1.256388564606757
SCBK,2026-04-16,57.27,1142133,54.78291230319783,53.64860994562577,714299.05,1.2668382920647967
SCBK,2026-04-17,55.93,867988,54.82789613444498,53.67131034417676,710928.4,1.0948436212285957
SCBK,2026-04-18,56.06,704846,54.87621393309419,53.69507840045361,693588.3,1.0396538942263942
SCBK,2026-04-19,55.73,547900,54.909695739639524,53.7153263765685,677766.15,1.0370589887531632
SCBK,2026-04-20,55.0,661072,54.91323708318307,53.7281091986922,685351.05,1.0965400129497735
SCBK,2026-04-21,55.92,1068534,54.952717981881776,53.74991905741169,712582.1,1.041600430128484
SCBK,2026-04-22,55.41,1138700,54.97065061004327,53.76643727574591,739507.5,1.086621187164826
SCBK,2026-04-23,54.91,703062,54.96827215474746,53.777816009320574,747876.6,1.2035680128427972
SCBK,2026-04-24,54.94,742163,54.96716344279658,53.78938002912833,752408.25,1.2964164471324444
SCBK,2026-04-25,54.94,1391738,54.96609820974574,53.80082898406238,768654.45,1.3740477221905554
SCBK,2026-04-26,55.49,1109857,54.98664337799101,53.817636655862756,768293.5,1.3563007725848286
SCBK,2026-04-27,55.04,388097,54.98873579454038,53.82979947520741,763955.75,1.359650943004532
SCBK,2026-04-28,54.15,553860,54.95584419475449,53.83298555008097,748904.15,1.4246264692623893
SCBK,2026-04-29,53.72,839231,54.90737971652883,53.83186131575181,765299.7,1.3059370451649013
SCBK,2026-04-30,53.75,742843,54.86199227666496,53.831046775296564,745287.2,1.1503898646369066
SCBK,2026-05-01,53.21,416759,54.79720826581535,53.82486720539311,741971.85,1.3051340401036797
SCBK,2026-05-02,53.81,955773,54.758494216175535,53.82471927300114,766547.0,1.263000743911451
SCBK,2026-05-03,52.96,889504,54.68796503122748,53.816115101130485,791342.4,1.3622670685053193
SCBK,2026-05-04,52.96,953795,54.62020169666954,53.80759654291028,816434.15,1.4778812890065365
SCBK,2026-05-05,53.58,745159,54.579409473270736,53.80533190069227,828150.7,1.3455021224578152
SCBK,2026-05-06,53.34,790793,54.5308051802013,53.80070173252618,810583.7,1.278902560104477
SCBK,2026-05-07,53.15,725367,54.47665595744831,53.794227088421444,803452.65,1.2703674730106813
SCBK,2026-05-08,53.0,845942,54.41874788068563,53.786324331322724,810507.45,1.2415326402085942
SCBK,2026-05-09,52.69,902361,54.35095384614893,53.77541563150857,828230.5,1.208954741061091
SCBK,2026-05-10,52.93,922504,54.2952301659078,53.767003535672664,841302.1,0.9319235247830022
SCBK,2026-05-11,51.81,837143,54.197770159401614,53.74753086367592,829732.55,0.8755892835151684
SCBK,2026-05-12,52.83,518359,54.14413211393489,53.738401203340835,798715.5,0.7880951440301909
SCBK,2026-05-13,52.62,512526,54.084362227113914,53.72727283315834,789188.7,0.7672864989223929
SCBK,2026-05-14,52.17,724256,54.009289198599646,53.71177758108711,788293.35,0.7776539104226348
SCBK,2026-05-15,52.37,1045008,53.945003347674174,53.69842656037978,770956.85,0.79847416302032
SCBK,2026-05-16,52.76,965714,53.89853262815754,53.68908898266456,763749.7,0.6885732382220615
SCBK,2026-05-17,52.96,1115931,53.861727427053324,53.681834365921624,800141.4,0.6885732382220615
SCBK,2026-05-18,53.48,427126,53.846757724031626,53.679826063773156,793804.7,0.7394430076337669
SCBK,2026-05-19,53.25,741254,53.82335546034411,53.67554918751671,788905.85,0.6922252698188897
SCBK,2026-05-20,53.81,961754,53.822831716801204,53.676887006546394,799851.4,0.7750303964262459
SCBK,2026-05-21,54.31,393105,53.84193635535802,53.683186638322056,798668.7,0.9692257162348684
SCBK,2026-05-22,54.02,683066,53.8489192433832,53.68653801505517,785033.35,1.0639913579959719
SCBK,2026-05-23,53.8,860054,53.8470008416819,53.68766699002975,783560.85,1.100321631300453
SCBK,2026-05-24,53.49,753463,53.83300080867477,53.685700154308066,773544.25,1.1099688145307345
SCBK,2026-05-25,53.37,496920,53.81484391421694,53.682558859240324,761132.3,0.9569456906977767
SCBK,2026-05-26,53.91,702858,53.81857552542412,53.68482195516828,756735.55,0.9762836013831516
SCBK,2026-05-27,53.21,857073,53.794709818544746,53.68009735859944,763320.85,0.9319049525886882
SCBK,2026-05-28,53.22,674993,53.772172178601814,53.675519275429295,754773.4,0.7851688416449637
SCBK,2026-05-29,53.19,576359,53.749341897088016,53.670688237862834,738473.3,0.6518389034446621
SCBK,2026-05-30,52.52,433449,53.701132410927706,53.65923860365524,714020.55,0.7030807403652226
SCBK,2026-05-31,52.76,1658240,53.664225257557995,53.65029095585768,755075.4,0.7320252652818564
SCBK,2026-06-01,52.36,409703,53.613079169026314,53.637452239878996,749642.6,0.8526065400217726
SCBK,2026-06-02,52.52,514219,53.57021331926058,53.62633331211901,749727.25,0.9184920303900828
SCBK,2026-06-03,52.19,491535,53.51608730674056,53.61204143836658,738091.2,0.9955048004365912
SCBK,2026-06-04,51.8,864429,53.44878976529976,53.59401117529826,729062.25,1.0215042237410827
SCBK,2026-06-05,51.09,957440,53.35628820587623,53.569095641215696,728648.55,1.1894333885150015
SCBK,2026-06-06,50.56,610288,53.24662984486148,53.539154391054346,703366.4,1.413772571743906
SCBK,2026-06-07,51.17,1595300,53.16519338035711,53.515580715521466,761775.1,1.4618470647298696
SCBK,2026-06-08,51.09,796390,53.08381324779408,53.491445584023744,764531.9,1.4906780391766412
SCBK,2026-06-09,51.73,753418,53.03072253219432,53.473918762292165,754115.1,1.3183660904133028
SCBK,2026-06-10,51.39,718755,52.96638047210827,53.45318325221961,770397.6,1.2536303874554344
SCBK,2026-06-11,51.56,645678,52.91122829673148,53.43434560791892,768528.2,1.1386810979625341
SCBK,2026-06-12,52.35,435176,52.889219343918484,53.42355609938242,747284.3,1.0104389890287657
SCBK,2026-06-13,52.14,549428,52.859838193176586,53.410784396901,737082.55,0.9738854576465388
SCBK,2026-06-14,52.06,999752,52.828471989522605,53.39734375613582,762224.15,0.8866266016589269
SCBK,2026-06-15,52.56,677685,52.817943676207996,53.3890119774678,760965.5,0.9149804087256054
SCBK,2026-06-16,52.77,2083200,52.81606353204298,53.38285265430893,822271.85,0.9569017656013685
SCBK,2026-06-17,52.22,772239,52.79268849157071,53.37128198113172,827134.15,0.9593771588729119
SCBK,2026-06-18,52.85,725692,52.79493600170519,53.36609509574733,834600.8,1.0564207141450561
SCBK,2026-06-19,53.0,615046,52.802977727128514,53.36245235847622,843680.65,1.1031095534049224
SCBK,2026-06-20,51.96,1079176,52.76991977704505,53.348497608640635,814727.45,0.9236032668334989
SCBK,2026-06-21,51.52,869749,52.72090331520015,53.33030360258451,837729.75,0.8745381826810356
SCBK,2026-06-22,51.22,768076,52.662044361662886,53.30930555678765,850422.6,0.8501329081611171
SCBK,2026-06-23,51.4,859466,52.6125524259114,53.29030749154598,868819.15,0.8842635229511597
SCBK,2026-06-24,51.62,435923,52.57362880136586,53.27368751650573,847393.85,0.8580044090411676
SCBK,2026-06-25,51.63,691782,52.5366237503319,53.257332416839006,834110.95,0.8509810111387319
SCBK,2026-06-26,51.86,781884,52.510089485613,53.24342861169633,842690.75,0.848021695891866
SCBK,2026-06-27,52.04,983684,52.49165460382426,53.231454197649605,812109.95,0.8472924719169015
SCBK,2026-06-28,51.42,836361,52.44962893308605,53.2134297777725,814108.5,0.8841244038813113
SCBK,2026-06-29,51.17,657659,52.399447406298364,53.1930971431678,809320.55,0.9083785820634891
SCBK,2026-06-30,50.32,1099800,52.31790044918863,53.1645091118925,828372.8,1.028036175978703
SCBK,2026-07-01,49.65,422329,52.213276902161624,53.12953887197317,817205.35,1.2973372984440534
SCBK,2026-07-02,49.37,457489,52.1017758471749,53.09213052498836,818321.0,1.4352548879577665
SCBK,2026-07-03,49.97,760177,52.01817679434451,53.061064549615345,828858.45,1.3232239288699956
SCBK,2026-07-04,50.28,423141,51.950012998487864,53.033392265539575,800027.9,1.301542881977563
SCBK,2026-07-05,49.97,402613,51.87236542991972,53.002910750459584,786274.3,1.3344729790700982
SCBK,2026-07-06,50.11,655917,51.80325306011895,52.97412556886297,714910.15,1.3554400465458865
SCBK,2026-07-07,50.24,519419,51.741949018545654,52.94692033932205,702269.15,1.3421497947057444
SCBK,2026-07-08,49.48,609873,51.65324513546543,52.9124236195278,696478.2,1.3593854158373637
SCBK,2026-07-09,49.91,852564,51.584882581133456,52.88254875764195,708354.1,1.293170617997822
SCBK,2026-07-10,49.26,1111151,51.49371071520665,52.84650349637189,709952.85,1.2070348397605346
SCBK,2026-07-11,49.15,921537,51.401800491080905,52.80972236705476,712542.25,0.9931742319176444
SCBK,2026-07-12,49.64,1155278,51.3327102757444,52.77818284101442,731902.35,0.7961576684094616
SCBK,2026-07-13,49.28,1088231,51.25221183355834,52.743375051551595,743340.6,0.6110179985120414
SCBK,2026-07-14,49.06,518047,51.16624274204625,52.70672455352621,747446.8,0.6196251303796322
SCBK,2026-07-15,49.19,508607,51.08874302667189,52.67173226941152,738288.05,0.648855395427981
SCBK,2026-07-16,49.21,860798,51.01506682954751,52.63728717220345,742233.75,0.6632372530598168
SCBK,2026-07-17,49.17,841775,50.94271126760447,52.60278680233078,735138.3,0.6687318858593607
SCBK,2026-07-18,49.18,683358,50.873585335541556,52.56872922220809,727488.15,0.6086908352909708
SCBK,2026-07-19,48.13,1101292,50.765993753755616,52.524562762285626,749669.8,0.7800261512946158
SCBK,2026-07-20,49.24,771801,50.706150861451476,52.49188054574547,733269.85,0.7096299918090576
SCBK,2026-07-21,49.43,829146,50.65610572962985,52.461414072653476,753610.7,0.586733484061445
SCBK,2026-07-22,49.96,697468,50.6288074657228,52.43652438038827,765609.65,0.6492439601416552
SCOM,2025-11-13,44.96,826683,44.96,44.96,826683.0,0.4136574669941309
SCOM,2025-11-14,45.35,870300,44.97529411764706,44.96388059701493,848491.5,0.4136574669941309
SCOM,2025-11-15,45.04,1035658,44.97783160322953,44.96463800400981,910880.3333333334,0.3089902911096085
SCOM,2025-11-16,43.83,1034338,44.93281859918132,44.953348073621655,941744.75,0.9974342083566239
SCOM,2025-11-17,43.37,880478,44.871531595291856,44.93759336642144,929491.4,1.2883856177402817
SCOM,2025-11-18,44.12,478143,44.84205976802551,44.92945810904411,854266.6666666666,1.1768549188408937
SCOM,2025-11-19,43.75,700783,44.79923389476961,44.91772220746159,832340.4285714285,1.1442964151452593
SCOM,2025-11-20,43.87,607368,44.76279334987668,44.90729711086993,804218.875,1.0890377059588001
SCOM,2025-11-21,44.72,369876,44.76111517929328,44.90543345802546,755958.5555555555,1.0415313245409399
SCOM,2025-11-22,45.36,1307984,44.784600858536685,44.90995650819437,811161.1,1.095856970594249
SCOM,2025-11-23,45.0,637978,44.79304788369211,44.91085246333672,795417.1818181818,1.070348923567368
SCOM,2025-11-24,44.82,776680,44.79410482942968,44.909948458726404,793855.75,1.0306024826637727
SCOM,2025-11-25,45.19,513661,44.80963013023636,44.91273504122664,772302.3076923077,1.0258134670741916
SCOM,2025-11-26,45.62,592003,44.841409340815325,44.919772503503,759423.7857142857,1.0720610221273974
SCOM,2025-11-27,45.46,659610,44.86566779803825,44.92514790147809,752769.5333333333,1.1155193931454184
SCOM,2025-11-28,46.06,608262,44.912504354977926,44.93643996215991,743737.8125,1.2208259791749925
SCOM,2025-11-29,46.62,795333,44.9794649685082,44.95319180333245,746772.8235294118,1.4358133679112117
SCOM,2025-11-30,46.91,794634,45.05517222464513,44.9726625316575,749431.7777777778,1.5833698328162433
SCOM,2025-12-01,47.05,1465758,45.133400764855125,44.99333255621812,787133.1578947369,1.5899646222479336
SCOM,2025-12-02,46.62,676228,45.19169877407649,45.0095183019274,781587.9,1.577866700382462
SCOM,2025-12-03,46.04,889578,45.22496548881859,45.019771851161956,784732.65,1.3937081930851034
SCOM,2025-12-04,45.69,1011307,45.2432021363159,45.026440787966315,791783.0,1.1586943201174942
SCOM,2025-12-05,47.03,636535,45.3132726407741,45.04637670052387,771826.85,1.1570911923753204
SCOM,2025-12-06,46.67,1016753,45.366477635253545,45.06253215624006,770947.6,1.1582802712699547
SCOM,2025-12-07,45.6,471708,45.37563537504752,45.06788009498394,750509.1,1.0863731372813878
SCOM,2025-12-08,45.52,979903,45.3812967328888,45.07237880050649,775597.1,0.9742427321252706
SCOM,2025-12-09,45.99,781977,45.4051674492461,45.081509359705436,779656.8,0.886879639243964
SCOM,2025-12-10,45.39,935096,45.404572647314886,45.08457891831534,796043.2,0.9174361821683605
SCOM,2025-12-11,45.73,1004641,45.417334504282934,45.09100101863061,827781.45,0.8861405390484425
SCOM,2025-12-12,45.99,586972,45.43979197470321,45.09994628212682,791730.85,0.8886127136976291
SCOM,2025-12-13,46.85,792641,45.49509425020505,45.117359751956414,799464.0,0.9117502188310521
SCOM,2025-12-14,46.46,743109,45.53293369137348,45.13071935641456,797785.45,0.8696851931387857
SCOM,2025-12-15,45.76,2814732,45.54183825249609,45.13698085535571,912839.0,0.7992603036352095
SCOM,2025-12-16,46.48,676217,45.57862890926095,45.15034422992929,917049.7,0.7852129269563478
SCOM,2025-12-17,46.46,394905,45.613192481446795,45.16337563062651,903814.45,0.7989137543021778
SCOM,2025-12-18,46.21,472103,45.63659669786065,45.1737898034561,897006.5,0.7778764415006862
SCOM,2025-12-19,45.86,940323,45.645357611670036,45.18061776561077,904256.0,0.6854565535562429
SCOM,2025-12-20,46.41,653327,45.675343587682974,45.19285042465942,897190.65,0.6531850326004132
SCOM,2025-12-21,47.19,382628,45.73474187836207,45.212722559737436,843034.15,0.7647785717031237
SCOM,2025-12-22,47.49,411230,45.80357553019101,45.23538203675498,829784.25,0.8770684343091684
SCOM,2025-12-23,47.24,641084,45.85990590155607,45.255328484150446,817359.55,0.9402483889733741
SCOM,2025-12-24,47.97,663605,45.94265468973034,45.28234014102458,799974.45,1.028076460576346
SCOM,2025-12-25,47.22,365351,45.992746662682094,45.30162033862632,786415.25,0.9879655669801608
SCOM,2025-12-26,47.5,3115776,46.05185463669456,45.3234947631176,891366.4,0.9895703363325982
SCOM,2025-12-27,47.46,829253,46.10707602349085,45.34475352169355,909243.65,1.0252400549771885
SCOM,2025-12-28,48.83,633151,46.213857355902974,45.37943259112943,891906.05,1.282582173962737
SCOM,2025-12-29,49.18,731663,46.33017667527933,45.41724918226247,889390.35,1.4318035963292837
SCOM,2025-12-30,51.18,612667,46.52036582526838,45.47458998641907,873268.9,2.085068186093501
SCOM,2025-12-31,51.45,555927,46.71368481251275,45.5340468024746,850833.2,2.5307817332434177
SCOM,2026-01-01,51.36,652274,46.895893251237744,45.59201648603207,854098.3,2.753093365093694
SCOM,2026-01-02,52.15,817389,47.10193665314999,45.65727005333524,855335.7,2.9331954081168217
SCOM,2026-01-03,52.57,822063,47.31637050988921,45.72605343588911,859283.4,3.113299744996869
SCOM,2026-01-04,52.8,635223,47.53141480361905,45.79644096389021,750307.95,3.293747573346022
SCOM,2026-01-05,52.54,464002,47.727829909359485,45.86354105380176,739697.2,3.355435417447197
SCOM,2026-01-06,52.65,636159,47.920856187423816,45.9310680084903,751759.9,3.2966176472389987
SCOM,2026-01-07,53.59,898371,48.143175552622886,46.007276287012786,773073.3,3.364416005036343
SCOM,2026-01-08,53.65,564738,48.35912945252003,46.08332328913206,754294.05,3.179658065278015
SCOM,2026-01-09,52.42,674350,48.5183792779114,46.14637479869293,755345.2,2.772322810160435
SCOM,2026-01-10,52.58,949893,48.67765852191488,46.210390969850216,783708.45,2.152581410950302
SCOM,2026-01-11,52.14,903643,48.81343661909469,46.26939205472733,808329.1,1.6876767306721643
SCOM,2026-01-12,52.0,570724,48.938399888934114,46.32641302930716,804811.1,1.1027166752768318
SCOM,2026-01-13,52.01,932735,49.058854795250426,46.38296613349316,818267.6,0.9934063525658585
SCOM,2026-01-14,51.46,741915,49.15301735229943,46.433483883408655,837095.8,0.9917192863187976
SCOM,2026-01-15,50.92,792270,49.22231078946416,46.478125834817526,720920.5,1.08466711356631
SCOM,2026-01-16,51.01,722067,49.29241624870086,46.523219110092974,715561.2,1.2168148838414123
SCOM,2026-01-17,51.45,458989,49.37702737620279,46.572241805514935,706853.1,1.2575525681012278
SCOM,2026-01-18,52.43,872634,49.49675179282229,46.630527956703844,713901.65,1.237108079796763
SCOM,2026-01-19,52.51,809205,49.6149183891822,46.68903016608988,723728.55,1.2357537629466866
SCOM,2026-01-20,50.95,440735,49.667274530782905,46.73142787588003,717968.95,1.3143761316244873
SCOM,2026-01-21,51.24,879755,49.728950039379654,46.77628929005038,729343.0,1.1776257194730317
SCOM,2026-01-22,52.73,758007,49.84663827312948,46.835530192636945,726373.9,0.9845761764598464
SCOM,2026-01-23,52.65,1043229,49.956574027124404,46.89338561360573,737432.2,1.0117100092697924
SCOM,2026-01-24,52.87,705372,50.0708260260607,46.952854413470355,740939.65,1.0531207547928025
SCOM,2026-01-25,53.37,424601,50.20020539758774,47.0167066083612,738969.6,1.2088785557850263
SCOM,2026-01-26,53.73,1006486,50.3386287153294,47.08350554758148,757485.95,1.3998210737308725
SCOM,2026-01-27,53.8,415019,50.47436876570864,47.15033633815281,733318.35,1.5562057619819674
SCOM,2026-01-28,54.62,1047059,50.636942539602416,47.22466134971348,757434.4,1.7866607381946003
SCOM,2026-01-29,55.28,628346,50.819023224323885,47.30481397309942,755134.2,1.985019860392661
SCOM,2026-01-30,55.31,461453,50.99513996062491,47.384467565406894,730712.2,2.075356185502315
SCOM,2026-01-31,55.84,381691,51.18513447197295,47.46860221649737,704614.6,2.2241784815031855
SCOM,2026-02-01,56.2,775437,51.381795865228916,47.55548179643273,714850.25,2.4475505809182416
SCOM,2026-02-02,55.85,585318,51.55701955678857,47.63801431587121,697479.4,2.542705792507679
SCOM,2026-02-03,56.09,474000,51.73478349573804,47.7221136759123,684083.65,2.3415728019458446
SCOM,2026-02-04,56.56,406664,51.924007672375765,47.81005284331616,664803.35,2.11613074753396
SCOM,2026-02-05,56.11,972715,52.088164234243386,47.892639382188634,677335.75,2.0209868658868566
SCOM,2026-02-06,56.98,418655,52.28000093093973,47.983060880873325,675319.05,1.938932561493878
SCOM,2026-02-07,56.89,783667,52.46078520815778,48.071687140765135,670870.7,1.7701037173931007
SCOM,2026-02-08,57.53,477163,52.65957794509277,48.16579970652867,654268.6,1.6986410615674905
SCOM,2026-02-09,58.51,524820,52.88900626097149,48.26872707263286,658472.85,1.7834933386503367
SCOM,2026-02-10,58.92,668901,53.12551581936477,48.37470988783055,647930.15,1.8155022690732414
SCOM,2026-02-11,58.65,514942,53.34216225782105,48.47695158048895,635776.9,1.820572002855556
SCOM,2026-02-12,59.09,981485,53.56756765947513,48.58255405232488,632689.7,1.9204162280636057
SCOM,2026-02-13,59.34,476229,53.79393755518199,48.68959331548583,621232.55,1.9717460327287235
SCOM,2026-02-14,58.24,682217,53.96829294517485,48.7846222377198,634113.35,1.891880278720095
SCOM,2026-02-15,57.55,601377,54.10875204536408,48.87183992689672,613857.9,1.8071933874268882
SCOM,2026-02-16,57.91,695304,54.25782059260471,48.96177186792262,627872.15,1.644583391916036
SCOM,2026-02-17,58.43,638346,54.42143547132609,49.055983093117426,607436.5,1.499194151667694
SCOM,2026-02-18,58.54,960644,54.582947805783895,49.15035142054909,624051.4,1.397800715645241
SCOM,2026-02-19,57.78,397285,54.708322401635506,49.23621857059338,620843.0,1.1318156181134782
SCOM,2026-02-20,57.42,574425,54.81466269961059,49.3176492315825,630479.7,1.0635282354932118
SCOM,2026-02-21,58.57,422158,54.96193082903763,49.40971242330805,612815.75,0.9071256379774055
SCOM,2026-02-22,58.09,749853,55.08460020829106,49.496083443971656,621042.5,0.8486097227450626
SCOM,2026-02-23,57.96,709253,55.19736098443651,49.580301519156016,632805.15,0.8603469304055964
SCOM,2026-02-24,59.04,404116,55.34805271053703,49.674427872199246,632677.75,0.8760162857881258
SCOM,2026-02-25,59.37,594170,55.50577613365323,49.77090122670473,613750.5,0.9647023825057007
SCOM,2026-02-26,59.48,998171,55.66162804998056,49.86750917469772,642726.3,1.025109214229336
SCOM,2026-02-27,59.09,479192,55.79607400880485,49.959275252561426,627502.55,0.9900955248614316
SCOM,2026-02-28,60.44,680959,55.9781887535576,50.0635610709439,637692.35,1.2819405469572458
SCOM,2026-03-01,61.01,479337,56.17551468479064,50.172480861282764,635418.2,1.5402119609373077
SCOM,2026-03-02,59.53,566238,56.30706312852435,50.26559050445408,630285.05,1.515833330815807
SCOM,2026-03-03,60.48,862541,56.47070771171948,50.367226419832654,647665.0,1.6223532968435608
SCOM,2026-03-04,60.66,431656,56.63499368380891,50.46964207734676,620173.55,1.724772799179693
SCOM,2026-03-05,61.66,1004631,56.832052755032095,50.58098892234829,646593.65,1.864300682016174
SCOM,2026-03-06,61.87,951541,57.029619313658294,50.69331739078264,660059.85,1.8644482214125997
SCOM,2026-03-07,61.37,435424,57.199830320965816,50.79955303863555,651762.2,1.8816354019079307
SCOM,2026-03-08,61.14,399991,57.35434677896716,50.90244305815162,636996.55,1.7364638186284025
SCOM,2026-03-09,61.63,565401,57.522019454301784,51.00918491826952,633349.3,1.5189032787931604
SCOM,2026-03-10,61.33,959453,57.67135202472132,51.111879595699676,633289.75,1.4161783041022518
SCOM,2026-03-11,60.72,491979,57.79090684728127,51.20748278380216,638024.45,1.3044708097176922
SCOM,2026-03-12,59.54,535037,57.859498735623184,51.29039340286881,636055.05,1.2945961757400242
SCOM,2026-03-13,61.57,619058,58.00500858912816,51.39267804562633,645900.05,1.1141049356731374
SCOM,2026-03-14,62.21,496551,58.16991021308392,51.500313089948456,633234.95,1.2031524525905932
SCOM,2026-03-15,62.78,359220,58.35069804786494,51.61254878059574,615733.3,1.3876940018808455
SCOM,2026-03-16,63.05,622234,58.534984398929055,51.72635426536593,626639.2,1.3817229748107274
SCOM,2026-03-17,62.53,501051,58.691651677402426,51.8338532278996,621983.25,1.3823647917902644
SCOM,2026-03-18,63.13,903711,58.86570455279841,51.94625269826876,617260.25,1.4520669712550822
SCOM,2026-03-19,63.16,856839,59.034108295825924,52.05783227341036,636142.6,1.556361855505859
SCOM,2026-03-20,62.85,469014,59.18375110775432,52.16521702690876,625545.35,1.6063146767237901
SCOM,2026-03-21,61.45,462062,59.27262361333258,52.25760292713853,624681.6,1.6018075727124383
SCOM,2026-03-22,60.95,1038934,59.3384030794764,52.344094440301326,648316.4,1.6198382092587937
SCOM,2026-03-23,61.07,924868,59.40630884106557,52.430919371243604,651432.75,1.6525035951147105
SCOM,2026-03-24,61.2,989506,59.476649670827705,52.518173904863076,679325.25,1.6608125990038431
SCOM,2026-03-25,61.22,689791,59.54501635040309,52.60475923914305,663583.25,1.6121624359161608
SCOM,2026-03-26,61.98,646020,59.640505905289245,52.69804521686302,648307.2,1.247384351264327
SCOM,2026-03-27,60.2,785541,59.66244685017986,52.77269153311315,665813.05,1.449305441835907
SCOM,2026-03-28,59.38,393339,59.65137050311399,52.83843589596775,665480.45,1.779471191050627
SCOM,2026-03-29,58.45,2350976,59.60425793436442,52.89427235471434,754759.2,2.164278043724599
SCOM,2026-03-30,58.18,514986,59.548404682036406,52.94686665964256,732535.85,2.4159977633074563
SCOM,2026-03-31,58.45,699852,59.50532998862321,53.00162420531776,742929.5,2.555008252497165
SCOM,2026-04-01,57.46,556745,59.42512096946152,53.04598615352356,744014.9,2.68098339756533
SCOM,2026-04-02,57.79,375255,59.36099857850224,53.093190271398946,731824.75,2.597088421527028
SCOM,2026-04-03,56.94,576795,59.26605745777667,53.131466985116376,735836.95,2.572922505591495
SCOM,2026-04-04,56.46,734512,59.156015988844246,53.16458671660776,754601.55,2.732342235776038
SCOM,2026-04-05,56.58,470608,59.05499575398761,53.19857092838281,747020.25,2.8263250320534965
SCOM,2026-04-06,56.85,800536,58.96852533226261,53.23490355596109,761994.5,2.785607140796447
SCOM,2026-04-07,56.51,355589,58.87211257413467,53.26749158027989,734588.4,2.6757253561077023
SCOM,2026-04-08,55.78,1042669,58.75085325750194,53.2924916640582,743879.9,2.5398153919672475
SCOM,2026-04-09,56.22,401209,58.651604110148924,53.321621100236726,740489.65,1.9251689307920352
SCOM,2026-04-10,56.15,791459,58.553501988182305,53.34976417386621,756959.5,1.6069329533252366
SCOM,2026-04-11,56.57,888003,58.475717596488884,53.38180632138993,749412.95,1.3261114455177307
SCOM,2026-04-12,55.24,577293,58.348826710352064,53.40029581072933,732034.2,1.3543884715498729
SCOM,2026-04-13,55.41,667852,58.23357860406375,53.42029286733899,715951.5,1.3202027504125589
SCOM,2026-04-14,55.83,655726,58.13932061959066,53.44427005273861,714248.25,1.0811949662036655
SCOM,2026-04-15,55.75,894077,58.04562177176358,53.46721263927852,726651.1,1.0097138099585805
SCOM,2026-04-16,54.94,770728,57.923832682674814,53.48186723988272,725910.45,0.9200681562183382
SCOM,2026-04-17,55.39,1033277,57.82446669511894,53.50085363550578,757907.35,0.8805873414563543
SCOM,2026-04-18,56.02,906304,57.75370329531036,53.52591976848582,685673.75,0.856157400543031
SCOM,2026-04-19,54.74,412740,57.635518852357016,53.5380001687994,680561.45,0.9344134906066386
SCOM,2026-04-20,55.42,961686,57.54863576010772,53.55672653527901,693653.15,0.8301172464515227
SCOM,2026-04-21,54.87,767287,57.443591220495655,53.569793932937934,704180.25,0.8175661582257706
SCOM,2026-04-22,55.47,525969,57.36619548635857,53.58870145599328,711715.95,0.8148663343495464
SCOM,2026-04-23,55.3,464773,57.28516821238373,53.605729302202306,706114.85,0.7706786648109133
SCOM,2026-04-24,55.73,370043,57.224181223662804,53.62686632407094,687891.4,0.7272097812414209
SCOM,2026-04-25,56.45,926637,57.19382117567603,53.654957206418494,710692.85,0.6969596453539314
SCOM,2026-04-26,57.76,599338,57.21602426682599,53.69580340336956,700632.95,1.1432270692505728
SCOM,2026-04-27,58.84,953104,57.27970958969556,53.746989439156934,730508.7,1.707190071304176
SCOM,2026-04-28,58.53,882408,57.328740586178085,53.79458158404095,722495.65,2.0066614680239065
SCOM,2026-04-29,58.49,896641,57.37428017103385,53.84130216529427,747267.25,2.2167948164502893
SCOM,2026-04-30,57.95,739422,57.3968574192286,53.88218473081374,744665.4,2.2297661632683043
SCOM,2026-05-01,57.9,729413,57.41658850082749,53.92216299219868,736735.9,2.2410792937997552
SCOM,2026-05-02,57.46,2684444,57.41829091255974,53.95736535048526,842093.45,2.2424292961765278
SCOM,2026-05-03,58.81,399707,57.47286773951818,54.005650272370985,828686.2,2.194918081527076
SCOM,2026-05-04,58.63,1052063,57.518245475223345,54.05166370249665,848503.05,2.1541303604678212
SCOM,2026-05-05,60.13,862655,57.62066722129302,54.11214466068076,846931.95,2.15955724628895
SCOM,2026-05-06,60.0,675257,57.71397438908545,54.17073028594763,842158.4,2.122281713234315
SCOM,2026-05-07,59.77,355759,57.79460284441544,54.22644441245561,808282.5,1.8814290877115236
SCOM,2026-05-08,59.24,463365,57.85128508581091,54.276330537704816,786135.55,1.5412803297726718
SCOM,2026-05-09,59.49,601230,57.915548415779114,54.328207845787354,795560.05,1.277267860244001
SCOM,2026-05-10,59.37,516812,57.97258573280739,54.378374931898925,773316.35,1.2150564699938133
SCOM,2026-05-11,58.89,892419,58.008562762893376,54.423266723621325,779572.95,1.2147893590299055
SCOM,2026-05-12,59.85,704681,58.08077598787795,54.47726406965494,788508.55,1.2588574097256116
SCOM,2026-05-13,60.44,403700,58.17329457658862,54.53659477542952,785454.9,1.361084984548697
SCOM,2026-05-14,59.59,931868,58.228851652016516,54.58687741447998,813546.15,1.269043779931845
SCOM,2026-05-15,60.59,716238,58.32144570487861,54.64660997751998,803026.2,1.2295134390084503
SCOM,2026-05-16,60.08,666004,58.39040861841279,54.70067355983321,806359.5,0.9015124654012359
SCOM,2026-05-17,59.33,384325,58.427255339259354,54.74673650948662,777920.55,0.8413147089879799
SCOM,2026-05-18,58.71,705085,58.43834336517075,54.78617196710367,769054.4,0.8246207919695818
SCOM,2026-05-19,58.68,392191,58.44782009594837,54.82491652464493,743831.9,0.8891579081993107
SCOM,2026-05-20,58.09,409729,58.433787935322954,54.85740491743453,727347.25,1.046407512070592
SCOM,2026-05-21,57.32,870598,58.390109977075,54.8819083510919,734406.5,1.333179552715724
SCOM,2026-05-22,58.45,719551,58.392458605425,54.917411750583526,636161.85,1.3724885155343927
SCOM,2026-05-23,59.86,991264,58.45000924834951,54.96659173316478,665739.7,1.393605737125291
SCOM,2026-05-24,59.11,767134,58.475891238610316,55.007819676118366,651493.25,1.3930520784973075
SCOM,2026-05-25,58.69,475359,58.484287660625604,55.044458286306245,632128.45,1.4033615940787818
SCOM,2026-05-26,57.6,826000,58.44960971315009,55.06988656206439,639665.6,1.5087191642193027
SCOM,2026-05-27,57.87,628820,58.42687992047753,55.09774838731749,653318.65,1.4460300427772794
SCOM,2026-05-28,57.08,548590,58.374061100066655,55.11747228396109,657579.9,1.5700054245021284
SCOM,2026-05-29,57.7,624249,58.34762733143659,55.14316907715551,658730.85,1.3755714596699113
SCOM,2026-05-30,57.66,658769,58.320661553733196,55.16821217091516,665828.7,1.218245056005804
SCOM,2026-05-31,57.79,884030,58.29985129672405,55.194299612000584,665409.25,1.146428340350806
SCOM,2026-06-01,57.6,871538,58.27240614783291,55.218236929294115,673752.1,1.145050984996222
SCOM,2026-06-02,57.59,1051557,58.245645122427696,55.241836561838454,706144.95,1.1339942656400652
SCOM,2026-06-03,56.64,951885,58.18267864703837,55.25574863585002,707145.8,1.2622879541213767
SCOM,2026-06-04,57.69,463841,58.16335791578197,55.27997004245848,694525.95,1.2400784825389863
SCOM,2026-06-05,57.0,788503,58.1177360367317,55.29708476840417,700650.9,1.2750727193221136
SCOM,2026-06-06,56.63,925486,58.059393447055946,55.310347606529504,727708.95,1.0264475840763572
SCOM,2026-06-07,55.87,1006546,57.97353488050473,55.315916287061555,742782.0,1.0330601745178585
SCOM,2026-06-08,55.37,1494314,57.87143547342612,55.31645443345895,797888.15,1.157828170078624
SCOM,2026-06-09,55.45,482639,57.77647721956627,55.31778324506632,801533.65,1.3221317701278716
SCOM,2026-06-10,57.12,1053066,57.7507330148774,55.33571575009054,810657.05,1.2694314401801001
SCOM,2026-06-11,58.48,445733,57.77933172017633,55.36700216053741,796966.15,1.4118299733414827
SCOM,2026-06-12,58.08,992159,57.79112263311059,55.393997163915145,797010.9,1.450173966448877
SCOM,2026-06-13,58.66,512689,57.825196255341545,55.42649470457271,784288.65,1.571049598408139
SCOM,2026-06-14,59.4,705256,57.886953264936,55.46603207069637,795783.5,1.8018424636286312
SCOM,2026-06-15,60.22,765011,57.978445293762036,55.51333523417203,792734.05,2.159185972984516
SCOM,2026-06-16,60.38,739044,58.072623909692936,55.56175975920515,798245.25,2.460732854520723
SCOM,2026-06-17,60.73,652375,58.1768347367638,55.613185035232966,803434.5,2.706445603036725
SCOM,2026-06-18,59.71,3052396,58.23695886473385,55.6539493632406,924841.85,2.7946044954006117
SCOM,2026-06-19,59.28,777350,58.27786243866586,55.69002946907901,930770.9,2.7917789436717033
SCOM,2026-06-20,59.2,507951,58.31402469597308,55.72495454898868,911966.95,2.7243310752717504
SCOM,2026-06-21,58.3,968914,58.31347470789571,55.75057689178481,916835.75,2.494360342148372
SCOM,2026-06-22,58.08,587767,58.30431883699784,55.773755231170036,893646.25,2.0912883470598875
SCOM,2026-06-23,58.33,590400,58.305325941429295,55.79919050250168,875572.0,1.5409919471943105
SCOM,2026-06-24,58.13,397031,58.29845041431442,55.822382636805145,872231.5,1.3718866851610254
SCOM,2026-06-25,58.44,559178,58.304001378458956,55.84842858071753,860765.25,1.374954344896033
SCOM,2026-06-26,58.14,662594,58.29756995185272,55.87123028638204,847620.65,1.367689959082413
SCOM,2026-06-27,57.63,1043974,58.27139073805458,55.88873048253744,849492.05,1.4791104488101103
SCOM,2026-06-28,58.07,419460,58.26349306205243,55.91043465684055,795749.35,1.5122548843246828
SCOM,2026-06-29,59.29,752088,58.303748236089596,55.94406217269288,809221.8,1.414884426219846
SCOM,2026-06-30,58.99,442560,58.33066006996844,55.97437001177057,778696.5,1.2528841452096446
SCOM,2026-07-01,58.49,864182,58.336908694675564,55.999401155932055,799618.95,0.9115305327233612
SCOM,2026-07-02,58.84,420473,58.3566377654726,56.027665821047165,771034.65,0.7819004215562187
SCOM,2026-07-03,58.53,967945,58.36343628447368,56.05256466859894,793797.45,0.7093407402041059
SCOM,2026-07-04,58.73,546113,58.37781133214138,56.07920581617507,785840.3,0.6469205370968701
SCOM,2026-07-05,58.77,919841,58.39319127990054,56.10597988765592,793581.8,0.6581843156788342
SCOM,2026-07-06,59.87,653298,58.45110534735542,56.14343282409716,789294.5,0.8436896498557663
SCOM,2026-07-07,59.39,623904,58.48792474549835,56.17573697510117,787870.95,0.892890186201195
SCOM,2026-07-08,57.83,391661,58.462123775086646,56.192197303707125,654834.2,0.9312759325980584
SCOM,2026-07-09,58.47,640927,58.46243264665188,56.214862007152824,648013.05,0.9302179822517489
SCOM,2026-07-10,60.43,602298,58.53959215070474,56.25680367872345,652730.4,1.14334223049924
SCOM,2026-07-11,59.97,1252414,58.5956865761673,56.293750905800835,666905.4,1.1099626887101623
SCOM,2026-07-12,59.43,733119,58.62840474965094,56.32495736444959,674173.0,1.0500264910311337
SCOM,2026-07-13,59.93,933819,58.67944770064502,56.36082843545009,691343.95,1.102874179606622
SCOM,2026-07-14,59.7,443116,58.71946935944326,56.394054023157054,693648.2,1.1249769228397977
SCOM,2026-07-15,59.81,420344,58.76223526691607,56.42804353536445,686706.5,1.1112578260885182
SCOM,2026-07-16,59.39,825698,58.786853491742896,56.45751573899267,694861.7,1.0966916407742322
SCOM,2026-07-17,58.42,787757,58.772467080302,56.477042945569856,682050.85,1.1109151261826622
SCOM,2026-07-18,57.65,528135,58.72844876342741,56.4887141600418,687484.6,1.2779200563136546
SCOM,2026-07-19,58.79,683683,58.73086253741065,56.51161252660855,684064.35,1.2767295960920957
SCOM,2026-07-20,61.15,785772,58.82573067319847,56.55776563579653,701224.95,1.4769403330032567
SCOM,2026-07-21,60.63,415323,58.89648633307304,56.59828538071398,678782.0,1.5691374406632868
SCOM,2026-07-22,60.81,809593,58.97152608471724,56.64019298886608,698238.0,1.5066134427692726
SGL,2025-11-13,5.45,61654,5.45,5.45,61654.0,0.1484924240491751
SGL,2025-11-14,5.59,42127,5.455490196078431,5.4513930348258715,51890.5,0.1484924240491751
SGL,2025-11-15,5.77,116446,5.467823913879277,5.454563253384818,73409.0,0.2406241883103195
SGL,2025-11-16,6.02,109779,5.489477878040875,5.460189489669547,82501.5,0.369129042477018
SGL,2025-11-17,6.19,107038,5.516949333803978,5.467451285792238,87408.8,0.45492307041960467
SGL,2025-11-18,6.28,65046,5.546872889341077,5.475536347625152,83681.66666666667,0.5005297193973608
SGL,2025-11-19,6.4,73390,5.580328854464956,5.484734990932364,82211.42857142857,0.5427509294589669
SGL,2025-11-20,6.33,59281,5.609727722917311,5.493145588037515,79345.125,0.5399962797490907
SGL,2025-11-21,6.24,66937,5.6344442828029075,5.500576975221222,77966.44444444444,0.5187484939737185
SGL,2025-11-22,5.99,89447,5.648387644261618,5.505446856064792,79114.5,0.4894486694230569
SGL,2025-11-23,5.89,120839,5.6578626386043,5.509273255506933,82907.63636363637,0.4683879510910518
SGL,2025-11-24,5.77,44954,5.6622601821884455,5.511867551472039,79744.83333333333,0.45888204069534916
SGL,2025-11-25,5.88,102574,5.670798998573212,5.515530560910128,81500.92307692308,0.4418688458389861
SGL,2025-11-26,6.03,73101,5.6848853123546546,5.520649659806545,80900.92857142857,0.42492355485725686
SGL,2025-11-27,6.06,64575,5.699595692262315,5.526016329858222,79812.53333333334,0.35607753199438114
SGL,2025-11-28,6.3,116700,5.7231409592324205,5.533717659909384,82118.0,0.31514713988900567
SGL,2025-11-29,6.35,49551,5.747723666713502,5.541839872248595,80202.29411764706,0.3011865272149881
SGL,2025-11-30,6.49,52959,5.776832542528659,5.55127430138045,78688.77777777778,0.3307035457397389
SGL,2025-12-01,6.28,110348,5.796564599684398,5.558525303356763,80355.05263157895,0.3342009085157425
SGL,2025-12-02,6.25,104842,5.8143463800889315,5.565405648596995,81579.4,0.33260460636591405
SGL,2025-12-03,6.35,60394,5.83535240439917,5.57321255756618,81516.4,0.32695334378316027
SGL,2025-12-04,6.24,81872,5.851220937559987,5.57984725848592,83503.65,0.32068265097657384
SGL,2025-12-05,6.01,74529,5.8574475674595945,5.584127385267155,81407.8,0.32293575212416553
SGL,2025-12-06,6.22,67518,5.87166530991216,5.590454475961014,79294.75,0.3181902810348792
SGL,2025-12-07,6.53,92429,5.897482356582271,5.599803187642994,78564.3,0.3303893806664238
SGL,2025-12-08,6.61,159717,5.925424224951594,5.6098548972186855,83297.85,0.3136194235967261
SGL,2025-12-09,6.65,84675,5.953838961228002,5.620204599733923,83862.1,0.305158263748609
SGL,2025-12-10,6.52,50962,5.976041354905336,5.629157787796272,83446.15,0.28957433709376984
SGL,2025-12-11,6.49,106122,5.99619659588944,5.637723381947553,85405.4,0.26613766783707576
SGL,2025-12-12,6.51,47461,6.016345748991815,5.646402751281409,83306.1,0.2688068876668569
SGL,2025-12-13,6.84,86536,6.048645915698018,5.658279340820898,81590.95,0.3218313410591196
SGL,2025-12-14,6.92,75717,6.082816664102018,5.670833775240591,83129.1,0.37754630019536417
SGL,2025-12-15,7.01,44834,6.119176794921547,5.684158812302873,80242.1,0.4278577161565797
SGL,2025-12-16,7.03,81886,6.154895351983447,5.697550266906824,80681.35,0.45874605127503654
SGL,2025-12-17,7.01,110315,6.18842886759194,5.710609468231135,82968.35,0.48063445363600055
SGL,2025-12-18,6.98,101166,6.219470872784412,5.723240219791024,82191.65,0.4725726003878783
SGL,2025-12-19,7.33,77375,6.263021034636004,5.7392278792955915,83582.85,0.45101670859134463
SGL,2025-12-20,7.49,76847,6.311137856807141,5.756648497412054,84777.25,0.4742634543962062
SGL,2025-12-21,7.32,94912,6.3507010781088225,5.772204233756213,84005.45,0.48716450839706726
SGL,2025-12-22,7.17,103140,6.382830447594751,5.786112649340729,83920.35,0.479573557135185
SGL,2025-12-23,7.0,109746,6.407033175140055,5.7981911304418166,86387.95,0.4621598838516341
SGL,2025-12-24,6.92,46136,6.427149521212994,5.809353407750854,84601.15,0.42024129646281155
SGL,2025-12-25,6.74,56137,6.439418167439936,5.818613572847861,83681.55,0.3773448666030131
SGL,2025-12-26,6.78,92258,6.4527743177364085,5.828179606948877,84918.55,0.326353479231631
SGL,2025-12-27,6.7,101606,6.462469442531059,5.836854436730481,85377.4,0.34536889021692097
SGL,2025-12-28,6.37,69315,6.458843189882783,5.8421593677082875,80857.3,0.4342419503324951
SGL,2025-12-29,6.3,58443,6.452614045181498,5.846714995890295,79545.7,0.5142870879102517
SGL,2025-12-30,6.15,92985,6.440746827723401,5.849732757125218,81646.85,0.600914138790061
SGL,2025-12-31,6.43,46840,6.440325383498954,5.855506560536908,78682.75,0.623058302530066
SGL,2026-01-01,6.41,53581,6.4391361527735045,5.861023908193257,78988.75,0.6416129443283305
SGL,2026-01-02,6.43,59514,6.438777872272583,5.866685361843076,77637.65,0.6121499897003261
SGL,2026-01-03,6.56,84862,6.44353168120307,5.873584014959065,78094.9,0.5184958168470716
SGL,2026-01-04,6.66,93660,6.4520206348813804,5.88140904963609,80536.2,0.4344113106414091
SGL,2026-01-05,6.52,48119,6.454686492337013,5.887763188445681,78847.85,0.36318134149923925
SGL,2026-01-06,6.31,79884,6.449012512245365,5.89196454975468,77326.3,0.324872756155865
SGL,2026-01-07,6.25,79618,6.441208100000449,5.895527091548166,76248.9,0.2914064511643837
SGL,2026-01-08,6.38,81468,6.438807782353373,5.90034771750291,76453.55,0.26901146876977367
SGL,2026-01-09,6.2,102835,6.429442771280692,5.903329332254125,77752.95,0.24384539553388648
SGL,2026-01-10,6.08,120945,6.415739133191253,5.905087249346124,79054.6,0.24068155286625234
SGL,2026-01-11,6.09,163960,6.402965049536695,5.906927177213327,82095.6,0.2638704414861785
SGL,2026-01-12,6.31,90244,6.399319361319569,5.910937852066926,81120.5,0.2636337369396188
SGL,2026-01-13,6.23,74092,6.39267938636586,5.914112599807554,82518.3,0.2554020747375021
SGL,2026-01-14,6.0,56346,6.37728019474367,5.914967200804495,82528.75,0.28742533669776765
SGL,2026-01-15,5.97,76966,6.361308422400781,5.915514790846241,81764.15,0.3153981000869578
SGL,2026-01-16,6.01,43389,6.347531621522319,5.916454942181105,78853.3,0.3267188275990436
SGL,2026-01-17,6.03,107138,6.335079401070463,5.9175847437514415,80744.45,0.3097322487795989
SGL,2026-01-18,6.01,90460,6.322331189263778,5.918504298539985,82345.3,0.2533633645685502
SGL,2026-01-19,6.02,56155,6.310475064194611,5.9195142060172,80503.8,0.2095668610032869
SGL,2026-01-20,6.19,59308,6.305750551873254,5.922205606952352,81127.2,0.19739129711267916
SGL,2026-01-21,6.21,54795,6.301995628270381,5.925069232753821,81187.9,0.19367363791177117
SGL,2026-01-22,6.21,86426,6.298387956573503,5.9279043647662215,82533.5,0.16451226615145637
SGL,2026-01-23,6.23,64846,6.295706075923562,5.930910291484966,81532.7,0.16771615542699125
SGL,2026-01-24,6.21,61604,6.292345053338324,5.933687303509991,79929.9,0.17127190643554988
SGL,2026-01-25,6.22,116174,6.289507992423096,5.93653618606213,83332.65,0.17484726458846206
SGL,2026-01-26,6.43,67937,6.295017482916308,5.941446273763005,82735.3,0.20068324229059442
SGL,2026-01-27,6.72,90918,6.311683463978414,5.949193077009145,83300.3,0.306603154754637
SGL,2026-01-28,6.68,170562,6.326127249704751,5.956464787685672,87755.0,0.356313542626914
SGL,2026-01-29,6.6,79899,6.336867357559466,5.962868123131585,86608.2,0.3678219603361048
SGL,2026-01-30,6.9,58003,6.35895099059635,5.9721928184238084,83461.1,0.42745155885180164
SGL,2026-01-31,6.94,106312,6.381737226259238,5.981822740628546,80578.7,0.469470270799797
SGL,2026-02-01,6.93,111407,6.403237727190248,5.991257340224282,81636.85,0.48261094493994117
SGL,2026-02-02,6.96,85692,6.425071541810238,6.000896570669811,82216.85,0.4801969891113921
SGL,2026-02-03,6.86,118819,6.442127559778465,6.009444863498967,85340.5,0.4729844455310168
SGL,2026-02-04,6.93,63452,6.461259812336172,6.018604616100967,84664.8,0.46386337511084885
SGL,2026-02-05,7.05,101073,6.484347662832793,6.028867256736779,87549.0,0.4543634600693047
SGL,2026-02-06,7.07,102779,6.507314421153076,6.039226786520493,87331.05,0.43138417645099614
SGL,2026-02-07,7.06,43873,6.528988365421583,6.0493837339183,85001.7,0.37858125116843755
SGL,2026-02-08,7.12,93062,6.552165292267795,6.060036632088267,86847.05,0.2991188984076577
SGL,2026-02-09,7.33,95450,6.582668614139647,6.072673083510275,88654.15,0.2846332226367224
SGL,2026-02-10,7.38,95052,6.613936511624367,6.0856813115350485,90667.0,0.3176867366406042
SGL,2026-02-11,7.19,114704,6.636527236658706,6.096669557191416,92080.9,0.2977082796635212
SGL,2026-02-12,7.12,102510,6.655486952868169,6.106851949657173,93964.1,0.23658629910261086
SGL,2026-02-13,7.12,149308,6.673703150794908,6.116933024784963,98349.3,0.22708375760284114
SGL,2026-02-14,7.3,97969,6.698263811548049,6.12870483548362,97439.05,0.23554939287442267
SGL,2026-02-15,7.08,50053,6.713233858154008,6.138170459011147,96544.85,0.22405019306169205
SGL,2026-02-16,7.38,119470,6.739381549991106,6.150526971856808,97972.45,0.23754843346515753
SGL,2026-02-17,7.43,100901,6.766464626462043,6.163258046763705,94489.4,0.23016596974002324
SGL,2026-02-18,7.34,59885,6.788956209738042,6.1749669219202845,93488.7,0.21001471690972656
SGL,2026-02-19,7.21,43113,6.805467730924786,6.185265758518093,92744.2,0.1980915123187724
SGL,2026-02-20,7.26,76673,6.82329252579048,6.195959631567664,91262.25,0.18692714688281414
SGL,2026-02-21,7.37,68794,6.844732034583011,6.207641625283409,89131.6,0.1771372628503119
SGL,2026-02-22,7.25,228232,6.860624895971912,6.218013350404967,96258.6,0.166810743586301
SGL,2026-02-23,7.19,319900,6.873541566718112,6.227684859356161,106312.65,0.16732872167948845
SGL,2026-02-24,7.22,56096,6.887128171944853,6.23755864185013,105944.85,0.15933584683900504
SGL,2026-02-25,6.96,47858,6.889985890692113,6.244747113075502,103284.1,0.19605904302438937
SGL,2026-02-26,7.11,58574,6.898613894978697,6.253356594537437,101073.85,0.19707476129239015
SGL,2026-02-27,6.97,47039,6.901413350077571,6.2604873746912935,101232.15,0.21946770019427153
SGL,2026-02-28,6.74,67745,6.895083414780412,6.265258644594863,99966.3,0.2879581872119795
SGL,2026-03-01,6.72,104758,6.888217398514514,6.2697834342008845,100431.7,0.34076533932239766
SGL,2026-03-02,6.82,65971,6.885542206415906,6.275258225900378,98977.65,0.350183821429834
SGL,2026-03-03,6.79,52988,6.881795453223126,6.280380034597887,95891.85,0.3440293320614906
SGL,2026-03-04,6.52,93346,6.867607396233984,6.282764312860595,95433.65,0.386230195267355
SGL,2026-03-05,6.58,96303,6.856328674813043,6.285721881886857,92783.4,0.41132725400841885
SGL,2026-03-06,6.78,101880,6.853335393447826,6.290640072116839,92978.95,0.3963390157234241
SGL,2026-03-07,6.81,102283,6.851635966253793,6.295807832593289,95590.45,0.3495601631941287
SGL,2026-03-08,6.88,43604,6.852748281302664,6.301620689980421,91797.15,0.3131874855400515
SGL,2026-03-09,7.19,48287,6.865973838898638,6.310460285104994,89166.45,0.3131874855400515
SGL,2026-03-10,7.27,49945,6.881818002079084,6.320007943959671,88669.45,0.32350756228740873
SGL,2026-03-11,7.1,61564,6.890374158860296,6.3277690589451465,89592.0,0.33512257885308383
SGL,2026-03-12,7.07,70304,6.897418309493226,6.335154441443205,89273.55,0.33066616078774747
SGL,2026-03-13,7.17,64854,6.908107787552315,6.34346136242387,89076.55,0.34985004636994577
SGL,2026-03-14,7.16,92947,6.917985913530655,6.3515861249868175,82312.3,0.3593675763686154
SGL,2026-03-15,7.27,58933,6.931790387509846,6.360724571504361,69263.95,0.3741071789189272
SGL,2026-03-16,7.29,92369,6.945837823293774,6.3699710931809355,71077.6,0.39119006931371175
SGL,2026-03-17,7.15,59792,6.953844183164606,6.377732574840827,71674.3,0.38569047545556345
SGL,2026-03-18,7.32,64014,6.96820323480521,6.387108370116043,71946.3,0.33755585618375894
SGL,2026-03-19,7.23,186180,6.97846977461677,6.395495351507924,78903.35,0.2657657917113293
SGL,2026-03-20,7.03,114679,6.980490567769054,6.401808830597397,81250.05,0.22625474313525906
SGL,2026-03-21,6.82,58939,6.974196820013405,6.4059699367606076,78959.1,0.22376308360051428
SGL,2026-03-22,6.92,111342,6.972071454522683,6.4110846637580154,81227.65,0.21618730432068323
SGL,2026-03-23,6.82,299916,6.9661078680708135,6.415153473073857,93574.05,0.2502185857592004
SGL,2026-03-24,6.67,70285,6.954495794813135,6.417689259411431,92421.0,0.297359256577834
SGL,2026-03-25,6.72,97990,6.945299881291051,6.420697326481965,92505.35,0.3287238060429089
SGL,2026-03-26,6.35,45357,6.921954787907088,6.41999387049707,89679.2,0.43048911614682633
SGL,2026-03-27,6.29,100388,6.89717224720485,6.4187003991488405,89584.45,0.5062141318184878
SGL,2026-03-28,6.1,118649,6.865910590451719,6.415529250898604,93336.7,0.5941070499608525
SGL,2026-03-29,6.16,76852,6.838227822198711,6.4129866712876735,94764.95,0.6259376483008842
SGL,2026-03-30,6.15,98391,6.811238495837977,6.410369888488791,97187.25,0.6308716497525799
SGL,2026-03-31,6.02,103312,6.780209535216881,6.406485610991391,99274.65,0.6521043703964226
SGL,2026-04-01,6.02,95766,6.750397396580925,6.402639983021328,100547.75,0.6158537360249023
SGL,2026-04-02,5.95,55890,6.719009263381674,6.398136102593255,100099.55,0.5732699726468051
SGL,2026-04-03,6.06,53997,6.693165762856902,6.394771564258994,98152.05,0.5276295997245628
SGL,2026-04-04,6.05,113215,6.6679435760781995,6.391341001430546,100866.15,0.5012615951907701
SGL,2026-04-05,5.96,42032,6.640181082898662,6.387049051167556,98349.3,0.44186604802316953
SGL,2026-04-06,6.05,108784,6.617036726706558,6.383695329265391,100798.9,0.3676673200622657
SGL,2026-04-07,6.05,81885,6.594799992325909,6.380374977730412,101692.45,0.303737026584992
SGL,2026-04-08,5.96,81458,6.569905874979795,6.376192142131105,96456.35,0.17870758545431875
SGL,2026-04-09,5.85,101860,6.541674272039411,6.370956399423333,95815.4,0.1612523958421926
SGL,2026-04-10,5.82,57089,6.513373320194729,6.365474246195241,95722.9,0.14869210019147966
SGL,2026-04-11,5.67,43160,6.480299856657681,6.358554104442055,92313.8,0.19765416851076806
SGL,2026-04-12,5.82,57584,6.45440574463189,6.353195357134174,80197.2,0.19204545306767629
SGL,2026-04-13,6.07,101051,6.439331009548287,6.350377492884083,81735.5,0.18063418500168194
SGL,2026-04-14,6.04,41307,6.423670969958159,6.347289159621555,78901.35,0.18207933604722332
SGL,2026-04-15,6.12,85901,6.411762304469604,6.345027575943728,80928.55,0.19237990402466806
SGL,2026-04-16,6.12,73904,6.400320645470796,6.342788495586079,79604.35,0.2023366251822018
SGL,2026-04-17,6.27,66386,6.395210031922922,6.342064231948408,76991.2,0.23293428069069594
SGL,2026-04-18,6.24,84841,6.3891233640043765,6.3410486674514095,77390.65,0.25308752775138765
SGL,2026-04-19,6.21,77188,6.382098918357146,6.339744700611097,76330.5,0.26530953309608185
SGL,2026-04-20,6.12,256404,6.3718205294019645,6.337558186177155,83985.1,0.2681161385226117
SGL,2026-04-21,6.14,53436,6.362729528248947,6.3355924330808655,81868.6,0.271927642686718
SGL,2026-04-22,6.05,107082,6.350465625180361,6.332750717328818,84428.2,0.2701830881067755
SGL,2026-04-23,6.07,96522,6.339466973212503,6.330136282330521,86554.45,0.25771502278106584
SGL,2026-04-24,5.97,114976,6.324978072302209,6.326552836735193,86642.5,0.2405582449860771
SGL,2026-04-25,5.92,116030,6.309096579270751,6.322507534877132,90342.4,0.18365788787915407
SGL,2026-04-26,6.21,117266,6.305210438907192,6.321388056918155,90766.5,0.15062917496839812
SGL,2026-04-27,6.41,84332,6.309319833459851,6.322269767794592,90888.85,0.19098680985469468
SGL,2026-04-28,6.19,92937,6.304640624304563,6.3209536507021085,91462.8,0.18750824157714335
SGL,2026-04-29,6.28,44161,6.303674325312227,6.320546151690147,88577.85,0.1945493524776225
SGL,2026-04-30,6.44,111478,6.309020430201944,6.321734747195717,91297.3,0.22403639814172893
SGL,2026-05-01,6.62,102973,6.321215707448927,6.324702560656457,94287.95,0.2842246538324314
SGL,2026-05-02,6.8,113927,6.339991562058772,6.329431888411119,97105.1,0.3714408017851307
SGL,2026-05-03,6.8,49929,6.358031108644703,6.334114158178173,94549.0,0.4321629729220756
SGL,2026-05-04,7.02,118463,6.383990673011577,6.340938892922669,98406.8,0.514657146090472
SGL,2026-05-05,6.83,219507,6.40148123485426,6.345805172595081,105087.1,0.5393414024082146
SGL,2026-05-06,6.94,70896,6.422599617801152,6.351717558937418,104936.7,0.5569056976221085
SGL,2026-05-07,7.12,105941,6.449948652397186,6.359362160341026,106914.45,0.5865353900117836
SGL,2026-05-08,6.97,63462,6.470342822891414,6.365438158745593,105845.5,0.5546869476471581
SGL,2026-05-09,6.87,87507,6.486015653366261,6.37045867457897,106361.45,0.47495633113321867
SGL,2026-05-10,6.63,77035,6.49166209833229,6.373041175329428,97393.0,0.4310573506628216
SGL,2026-05-11,6.73,43318,6.501008682711416,6.376593004430628,96887.1,0.41133326506017726
SGL,2026-05-12,6.93,80870,6.5178318716246935,6.382099541699975,95576.5,0.34425744264023955
SGL,2026-05-13,6.7,61058,6.5249757197962746,6.385262730339776,93803.3,0.2711969804363853
SGL,2026-05-14,6.74,66219,6.533408044510146,6.388792454415998,91365.45,0.221684361297695
SGL,2026-05-15,6.91,116690,6.54817635649014,6.393978599148177,91398.45,0.2024984737427487
SGL,2026-05-16,6.89,73045,6.561581205255234,6.398914135475061,89187.4,0.20136894137245032
SGL,2026-05-17,6.65,103072,6.565048608970715,6.401412502286255,90124.4,0.2177825939825519
SGL,2026-05-18,6.87,68480,6.577007487050295,6.406075064452561,88901.55,0.20574175640759285
SGL,2026-05-19,6.71,88648,6.5822228797149895,6.409099193164476,91125.9,0.21241158470924404
SGL,2026-05-20,6.7,41072,6.5868415903144015,6.411993728555874,87605.6,0.21324803697745143
SGL,2026-05-21,6.64,67154,6.588926233831485,6.414262447674721,85814.65,0.17873179612219725
SGL,2026-05-22,6.58,86501,6.588576185445937,6.415911577548605,84443.35,0.1758765332415531
SGL,2026-05-23,6.5,43359,6.585102609546096,6.416748278269515,84114.85,0.19499366008293725
SGL,2026-05-24,6.52,57450,6.582549566034485,6.417775658585241,81064.2,0.20896428266233488
SGL,2026-05-25,6.73,49769,6.588331935993917,6.420882368450065,72577.3,0.20896428266233488
SGL,2026-05-26,6.78,84474,6.595848330660822,6.424455678216731,73256.2,0.1906337031881345
SGL,2026-05-27,6.63,52582,6.597187611811378,6.4265008953489025,70588.25,0.1932262950504257
SGL,2026-05-28,6.83,97135,6.606317509387402,6.430515811813093,72271.9,0.19943188542229118
SGL,2026-05-29,6.87,111631,6.616657999215348,6.434888788809977,73478.1,0.19303105711517524
SGL,2026-05-30,6.71,79369,6.620318469834354,6.437626213796943,73594.8,0.17628024641104445
SGL,2026-05-31,6.79,103503,6.626972647487909,6.441132420624834,76604.05,0.17910491737689532
SGL,2026-06-01,6.55,64347,6.623954112292305,6.442215680121104,75777.9,0.17372297006925688
SGL,2026-06-02,6.69,47970,6.626544147104371,6.44468119574179,75123.5,0.17333826422970627
SGL,2026-06-03,6.66,57176,6.627856141335572,6.446823671406051,74671.35,0.17328119813294027
SGL,2026-06-04,6.7,74456,6.630685312263589,6.449342838854747,72559.65,0.17272381562346886
SGL,2026-06-05,6.62,68323,6.630266280410115,6.451040920060173,72323.55,0.16937019730837316
SGL,2026-06-06,6.47,43736,6.62398132823717,6.4512295676217635,69356.75,0.17534150352143224
SGL,2026-06-07,6.26,113917,6.609707550659241,6.4493267858543835,71628.6,0.2370691580832474
SGL,2026-06-08,6.18,87870,6.5928562741628,6.44664691733842,71589.7,0.3035965729729078
SGL,2026-06-09,5.84,60546,6.563332498705435,6.44061062960371,72563.4,0.42838182619131465
SGL,2026-06-10,5.99,177416,6.540848871305222,6.436126941746957,78076.5,0.48290672090883013
SGL,2026-06-11,5.97,55330,6.518462641057959,6.431488862724599,76517.95,0.5071754361923911
SGL,2026-06-12,5.74,80905,6.4879346943498035,6.424608376528335,78395.25,0.5460388073396432
SGL,2026-06-13,5.61,58746,6.453505882806674,6.416502820542979,78460.05,0.6024028123703198
SGL,2026-06-14,5.76,67043,6.426309573677,6.409970454169417,79323.75,0.5961345264505298
SGL,2026-06-15,5.82,97861,6.402532727650452,6.404100101391612,79993.1,0.5974199334832254
SGL,2026-06-16,5.82,57970,6.379688306958277,6.398288160084233,80262.5,0.5660825474694271
SGL,2026-06-17,5.71,46855,6.353426020410894,6.3914395216754345,77748.5,0.5313001107588201
SGL,2026-06-18,5.82,89421,6.332507352943801,6.385753556285629,76638.0,0.45184922239641817
SGL,2026-06-19,5.78,90636,6.310840397926397,6.379726157715623,77201.35,0.35943121275610657
SGL,2026-06-20,5.74,95463,6.2884544999685,6.373360723310492,76799.35,0.2717889452668382
SGL,2026-06-21,5.64,109261,6.263024911734441,6.3660636016855126,79045.05,0.22316282923389957
SGL,2026-06-22,5.53,89152,6.234278836764464,6.357744560872722,81104.15,0.18904800541576533
SGL,2026-06-23,5.67,48830,6.212150254930564,6.350901331411302,80686.85,0.19032216758054882
SGL,2026-06-24,5.58,107131,6.187360048854856,6.34323067139726,82320.6,0.17375499044150683
SGL,2026-06-25,5.59,84562,6.163934164586038,6.335735838846044,83132.55,0.14678842140772713
SGL,2026-06-26,5.39,49598,6.133583805190507,6.326325531991855,83425.65,0.19098357331131255
SGL,2026-06-27,5.38,112943,6.104031499104605,6.316909357544175,83376.95,0.22407226316729068
SGL,2026-06-28,5.47,80617,6.079167518747562,6.30848239876264,83014.3,0.23154758844418677
SGL,2026-06-29,5.68,99990,6.063513890561383,6.3022288425560475,84986.5,0.21902506254310472
SGL,2026-06-30,5.89,81904,6.056709424264859,6.298127063028127,80210.9,0.23107994192588927
SGL,2026-07-01,5.76,58583,6.045073760568198,6.292772564888544,80373.55,0.23478187211230808
SGL,2026-07-02,5.61,85590,6.028012044467484,6.285978808023982,80607.8,0.22117350605407676
SGL,2026-07-03,5.51,50206,6.00769784664523,6.2782576258545895,80180.8,0.2141966848022001
SGL,2026-07-04,5.61,75289,5.992101852659142,6.271608296244096,80593.1,0.20597296579259156
SGL,2026-07-05,5.54,90153,5.974372368241136,6.264328611704354,80207.7,0.20597296579259194
SGL,2026-07-06,5.29,55756,5.947534236153248,6.254633799647594,80097.0,0.23742349837884932
SGL,2026-07-07,5.29,56641,5.921748579833513,6.245035453382443,80586.3,0.2575446723226721
SGL,2026-07-08,5.36,90296,5.89971922376161,6.236229130463216,80630.05,0.2668798655526436
SGL,2026-07-09,5.17,92439,5.871102783614097,6.22561988538398,80720.2,0.3005537471819138
SGL,2026-07-10,5.29,70896,5.848314439158642,6.216310234783145,79491.85,0.3092309229949337
SGL,2026-07-11,5.27,87797,5.825635441544578,6.206894212546497,78418.65,0.31895089015349265
SGL,2026-07-12,5.41,120300,5.8093360124643985,6.198964916899269,79976.05,0.32022742605161014
SGL,2026-07-13,5.13,62613,5.782695384524618,6.18832845006445,80665.2,0.33547100724702317
SGL,2026-07-14,5.34,74390,5.765334781209927,6.179887370959332,79028.15,0.27399967915284207
SGL,2026-07-15,5.54,101347,5.756498123123263,6.173520332442323,79867.4,0.23522376533899847
SGL,2026-07-16,5.67,53730,5.753106039863528,6.168510179880709,80074.0,0.24622423444171782
SGL,2026-07-17,5.85,91485,5.756905803006135,6.1653409243595085,79001.1,0.3060462149975421
SGL,2026-07-18,5.82,42820,5.759380085241189,6.161904696256429,77111.25,0.33939122130505534
SGL,2026-07-19,5.72,78553,5.7578357681729075,6.157507634602137,76039.4,0.3570292951320009
SGL,2026-07-20,5.61,79237,5.752038287068087,6.152059797441917,75906.05,0.3569184734688474
SGL,2026-07-21,5.5,87270,5.742154432673261,6.145571640253441,77340.4,0.34923464198855003
SGL,2026-07-22,5.57,53118,5.7354032784507805,6.139844559255894,75716.8,0.34718431783346143
SGPS,2025-11-13,34.93,370333,34.93,34.93,370333.0,1.7500892834367074
SGPS,2025-11-14,36.58,225624,34.994705882352946,34.94641791044776,297978.5,1.7500892834367074
SGPS,2025-11-15,36.31,201090,35.0462860438293,34.95998589143833,265682.3333333333,1.3275635578005334
SGPS,2025-11-16,36.11,167164,35.0880003166203,34.971428817891685,241052.75,1.091423955207144
SGPS,2025-11-17,35.49,320115,35.10376501008617,34.97658873015147,256865.2,1.0012766850376595
SGPS,2025-11-18,35.18,320721,35.106754617533774,34.97861272288628,267507.8333333333,0.9939315871829426
SGPS,2025-11-19,35.2,344708,35.11041129919912,34.98081558136502,278536.4285714286,0.9625301479508508
SGPS,2025-11-20,35.23,135570,35.11510105217171,34.98329502831661,260665.625,0.9233206280284538
SGPS,2025-11-21,35.56,170113,35.1325480697336,34.98903338624381,250604.22222222222,0.8643711587044078
SGPS,2025-11-22,36.36,372356,35.18068343954798,35.00267484508716,262779.4,0.8871090688297592
SGPS,2025-11-23,36.98,253676,35.2512448732912,35.02234972225047,261951.81818181818,1.0227496361191346
SGPS,2025-11-24,37.16,151078,35.32609801551507,35.043619874267876,252712.33333333334,1.136540054487545
SGPS,2025-11-25,37.53,284377,35.4125255443184,35.06835997502143,255148.07692307694,1.276868540308978
SGPS,2025-11-26,37.11,221562,35.479093170031405,35.08867480114062,252749.07142857142,1.2985931208067467
SGPS,2025-11-27,37.93,355542,35.5752071633635,35.116946693666584,259601.93333333332,1.375970436767143
SGPS,2025-11-28,37.57,1367208,35.65343433342768,35.14135518427687,328827.3125,1.4607502212189571
SGPS,2025-11-29,37.03,456867,35.70741730074425,35.16014767000546,336359.0588235294,1.4807222769778563
SGPS,2025-11-30,36.65,234263,35.74438132816604,35.17497207129894,330687.05555555556,1.4744421556404634
SGPS,2025-12-01,36.87,337788,35.788523236865416,35.191838020838254,331060.7894736842,1.4135972350203474
SGPS,2025-12-02,36.4,251874,35.81250271777266,35.203859533068716,327101.45,1.2802319930559403
SGPS,2025-12-03,36.59,144825,35.84299280727178,35.21765197552575,315826.05,1.1114586124785653
SGPS,2025-12-04,36.05,1158416,35.851110736398375,35.22593404542101,362465.65,0.9499627667660393
SGPS,2025-12-05,36.29,1401416,35.86832208006903,35.2365217663621,422481.95,0.8149148812828821
SGPS,2025-12-06,36.17,338943,35.88015258673299,35.245810106995314,431070.9,0.8396592224766778
SGPS,2025-12-07,36.06,283976,35.88720542646895,35.253911498965515,429263.95,0.8996874457276973
SGPS,2025-12-08,35.34,203828,35.865746390136835,35.25476810096586,423419.3,1.0603949735829683
SGPS,2025-12-09,34.86,295483,35.82630535522951,35.250840060160236,420958.05,1.2203190449339845
SGPS,2025-12-10,35.5,372642,35.81350906678914,35.253319263541734,432811.65,1.2500495045142337
SGPS,2025-12-11,34.57,257104,35.76474400534643,35.24652006688958,437161.2,1.2543618950431616
SGPS,2025-12-12,35.42,271712,35.75122463258775,35.24824623537825,432129.0,1.118724253801604
SGPS,2025-12-13,34.16,535554,35.688823666603916,35.23741791462822,446222.9,1.2401103836902
SGPS,2025-12-14,35.04,174821,35.6633796012469,35.235453557268734,447410.05,1.2124362450667803
SGPS,2025-12-15,36.39,147936,35.69187451884507,35.24694158157452,440588.0,1.1432119298203205
SGPS,2025-12-16,35.92,207386,35.70082061614526,35.25363868026532,439879.2,1.102842232148811
SGPS,2025-12-17,35.82,158487,35.7054943174729,35.259274116282576,430026.45,1.023188092985034
SGPS,2025-12-18,35.73,193686,35.706455324630824,35.26395795592156,371350.35,1.0035517283272186
SGPS,2025-12-19,35.29,168414,35.69012374327275,35.26421708073826,356927.7,0.94923371350638
SGPS,2025-12-20,35.76,319737,35.6928639886346,35.269150244114,361201.4,0.9086099152122127
SGPS,2025-12-21,35.48,266480,35.68451638123717,35.27124825163526,357636.0,0.8665201341325574
SGPS,2025-12-22,34.45,169982,35.63610397412983,35.26307662724088,353541.4,0.9431870364430601
SGPS,2025-12-23,34.68,161853,35.59860970063455,35.257274869755896,354392.8,0.9607652770486521
SGPS,2025-12-24,34.7,271436,35.56337010453123,35.25172984617624,310043.8,0.9852615121137629
SGPS,2025-12-25,34.96,251568,35.53970853180452,35.24882706163718,252551.4,0.9509220510918339
SGPS,2025-12-26,34.65,273401,35.50481800114552,35.24286858341193,249274.3,0.979765404192604
SGPS,2025-12-27,34.16,1120953,35.45208004031628,35.23209377163669,291123.15,0.979765404192604
SGPS,2025-12-28,34.93,749229,35.431606313245055,35.2290878634612,318393.2,0.9841761769382025
SGPS,2025-12-29,33.84,358201,35.36919037939231,35.21526609367552,321529.1,0.9852966446821529
SGPS,2025-12-30,34.47,375255,35.333928011573,35.20785051065387,321659.75,0.9274735267688587
SGPS,2025-12-31,35.34,194012,35.33416612876621,35.20916543094587,318505.15,0.8649693509147579
SGPS,2026-01-01,35.16,186830,35.32733608450087,35.20867622267776,314261.05,0.7964720458246708
SGPS,2026-01-02,35.07,187603,35.317244473343976,35.20729635976554,296863.5,0.7800483395840461
SGPS,2026-01-03,34.39,170283,35.28088194497755,35.199164057678324,296636.6,0.6856395907118817
SGPS,2026-01-04,34.57,191429,35.2530042216451,35.192903718795954,298811.25,0.6068683121992386
SGPS,2026-01-05,34.39,317195,35.21916091883549,35.18491462706664,304301.7,0.6110827402116012
SGPS,2026-01-06,34.22,363354,35.179978137704694,35.175313486498816,314545.05,0.6364281551779416
SGPS,2026-01-07,34.1,185820,35.137626053873134,35.164613849817236,314151.75,0.6699287521572201
SGPS,2026-01-08,33.72,191368,35.082032875289876,35.150239582654876,315299.45,0.7326642073004724
SGPS,2026-01-09,33.49,372665,35.019600213513804,35.13371978581254,317945.85,0.8325322981556984
SGPS,2026-01-10,32.46,253674,34.91922373455248,35.10711560883928,317305.55,1.1442522991786785
SGPS,2026-01-11,33.58,251752,34.8667051567269,35.09192042865183,321394.05,1.1428658310108695
SGPS,2026-01-12,34.21,203150,34.84095201332585,35.08314510100356,323458.9,1.1322704628748215
SGPS,2026-01-13,33.79,265192,34.7997382088817,35.070277985570684,323146.7,1.139744585326061
SGPS,2026-01-14,34.73,184776,34.79700337716085,35.06689213496799,319807.1,1.0551912487451827
SGPS,2026-01-15,34.39,205758,34.781042460409445,35.06015688984394,316424.95,0.9671213800429111
SGPS,2026-01-16,34.18,297829,34.75747216784437,35.05139910984549,275268.75,0.8702926752875575
SGPS,2026-01-17,34.52,267762,34.748159533811254,35.0461115565137,251195.4,0.8814580360009229
SGPS,2026-01-18,34.14,248057,34.724310140328456,35.03709552112551,245688.2,0.8517999687796534
SGPS,2026-01-19,34.51,139306,34.71590582109989,35.03185078957202,233890.75,0.8627368284504069
SGPS,2026-01-20,34.97,327821,34.72587029870382,35.03123535883001,240581.2,0.9439757662422184
SGPS,2026-01-21,34.67,373953,34.72367930659779,35.027640977150114,249937.35,0.9756553165453135
SGPS,2026-01-22,35.67,253268,34.760789922025324,35.03403260921827,253220.6,1.1438740925295456
SGPS,2026-01-23,36.01,335848,34.80977855253414,35.04374372753451,261498.85,1.2953503599200187
SGPS,2026-01-24,35.77,232331,34.84743429557202,35.05097015810631,263543.95,1.0941291885872382
SGPS,2026-01-25,35.88,161846,34.88792706829469,35.05921921125948,255776.5,1.0923085242218922
SGPS,2026-01-26,36.19,368789,34.938988751890975,35.07047076139621,256048.25,1.1862022695036978
SGPS,2026-01-27,37.49,182532,35.03902840867956,35.09454567919326,255883.85,1.452784934508193
SGPS,2026-01-28,36.78,355826,35.107301804417624,35.11131636895254,264106.75,1.5608481158201308
SGPS,2026-01-29,37.3,199060,35.19328996895027,35.13309431553012,255426.5,1.6765289888783208
SGPS,2026-01-30,37.36,274461,35.27825898977575,35.155252581047236,256465.85,1.7023585771730485
SGPS,2026-01-31,37.55,368730,35.36734687252964,35.17908091357413,262314.75,1.7396862875589991
SGPS,2026-02-01,37.39,131630,35.44666660301868,35.20108010846395,258738.75,1.6150075698117963
SGPS,2026-02-02,36.97,153152,35.50640516760618,35.218681301414556,253136.75,1.4480048797804868
SGPS,2026-02-03,37.55,169337,35.58654614142554,35.24187850239551,252364.8,1.3652399861490312
SGPS,2026-02-04,37.28,298029,35.65295609666376,35.26215831829207,256978.35,1.0969891987607752
SGPS,2026-02-05,37.96,217483,35.74342840659852,35.28900251412997,252961.05,1.0728518019796631
SGPS,2026-02-06,38.42,264408,35.848391998496616,35.320156717969475,252793.35,1.1355848205287968
SGPS,2026-02-07,38.52,295672,35.953160939732044,35.3519959546066,255174.1,1.0979889208592795
SGPS,2026-02-08,38.5,208277,36.05303698131118,35.383319377943856,258622.65,0.9962192265022902
SGPS,2026-02-09,37.29,335334,36.10154533498525,35.40229132443198,258998.3,0.8252502118073002
SGPS,2026-02-10,38.21,149084,36.1842298316525,35.43022872418888,247754.85,0.8588648910620275
SGPS,2026-02-11,38.12,275115,36.26014238727397,35.45699261748053,248847.2,0.7895213461611108
SGPS,2026-02-12,37.69,362652,36.31621523483186,35.479211596411076,250187.4,0.7666876987878612
SGPS,2026-02-13,38.85,303133,36.415579343269826,35.512751779531364,253727.5,0.8555940677630463
SGPS,2026-02-14,40.03,354900,36.55732132980827,35.55769952301862,263380.2,1.1993466628054363
SGPS,2026-02-15,40.1,267398,36.6962499051099,35.602896542690075,258310.65,1.4121766867165113
SGPS,2026-02-16,40.21,203507,36.834044026478146,35.64873836813595,259359.4,1.4988626182381717
SGPS,2026-02-17,41.03,371812,36.998591319557434,35.7022832599953,260158.7,1.7526410604608502
SGPS,2026-02-18,40.9,369333,37.15158773839832,35.75400183452271,268672.35,1.8335071554294902
SGPS,2026-02-19,41.22,223864,37.311133317284664,35.80838987597024,266142.5,1.9773361826257667
SGPS,2026-02-20,40.5,374995,37.436186912685265,35.85507256377153,266455.75,2.0071518076919457
SGPS,2026-02-21,40.07,728415,37.539473700423095,35.89701214025141,296295.0,1.9897487278548955
SGPS,2026-02-22,39.94,564320,37.63361198668101,35.93724087517428,316853.4,1.9503499263375828
SGPS,2026-02-23,40.75,199108,37.75582328132098,35.98512902567006,318341.95,1.7267699949283377
SGPS,2026-02-24,41.04,232981,37.88461452519074,36.035426249295234,315089.55,1.6376514693807862
SGPS,2026-02-25,41.81,186433,38.03855121047738,36.09288469457588,313537.05,1.5581429140677623
SGPS,2026-02-26,41.76,312515,38.18449037869396,36.14927390159502,315942.4,1.1912073130390102
SGPS,2026-02-27,41.31,161869,38.307059383451055,36.200624410036866,309252.25,0.955467278236408
SGPS,2026-02-28,42.41,210131,38.46795901547259,36.262409241777796,309344.95,1.1045789436963862
SGPS,2026-03-01,42.21,377934,38.61470572074818,36.3215892493223,311474.95,1.152313487566064
SGPS,2026-03-02,42.47,234174,38.76589373169923,36.38276746574696,315729.45,1.2107220168965727
SGPS,2026-03-03,41.28,201261,38.86448613437769,36.43149614767982,312036.75,1.2072068956940616
SGPS,2026-03-04,41.12,243097,38.952937658519744,36.478147927304896,306059.0,1.198978101973215
SGPS,2026-03-05,41.38,333436,39.048116573871916,36.5269225747944,307574.15,1.199357485957037
SGPS,2026-03-06,42.28,155164,39.174857100386745,36.58416712628898,297587.35,1.2088606592187978
SGPS,2026-03-07,42.27,148782,39.29623525331276,36.64074257776869,291656.55,1.1017459296076
SGPS,2026-03-08,42.9,209903,39.43755936102598,36.70302374614911,291976.35,0.9737432729106734
SGPS,2026-03-09,42.58,161194,39.56079232726026,36.76150112180932,281445.45,0.9114600049698693
SGPS,2026-03-10,41.46,302607,39.63527105952456,36.808252354428134,278109.15,0.8554495637057103
SGPS,2026-03-11,41.04,136035,39.690358468954976,36.850359296175114,273717.7,0.9291149191393744
SGPS,2026-03-12,39.19,223615,39.670736568211645,36.87363930317835,266148.7,1.4286503274916824
SGPS,2026-03-13,39.49,318741,39.66364885965432,36.89967274294772,245665.0,1.680354652518952
SGPS,2026-03-14,40.21,129973,39.685074394569845,36.932611322619884,223947.65,1.7225551236017034
SGPS,2026-03-15,40.12,292007,39.70213030066515,36.96432663284257,228592.6,1.760022048126225
SGPS,2026-03-16,39.63,131355,39.69930166142338,36.99085074594861,223511.3,1.7930266709832994
SGPS,2026-03-17,39.34,331947,39.68521140019109,37.014225365391916,230787.0,1.917640957181412
SGPS,2026-03-18,38.4,182085,39.63481095312478,37.028014167726326,224265.5,2.164904288166886
SGPS,2026-03-19,38.53,180181,39.59148503339439,37.04295930038577,225181.1,2.3142806776502582
SGPS,2026-03-20,39.2,169082,39.57613267914363,37.06442239192422,223128.65,2.2396983951191225
SGPS,2026-03-21,39.54,344005,39.57471571133408,37.0890550049399,221432.2,2.0888241671091334
SGPS,2026-03-22,39.16,368688,39.5584523501053,37.109661422801196,228157.9,1.7342258066214757
SGPS,2026-03-23,37.75,147846,39.48753265010117,37.11603295093253,225487.15,1.4802980840299251
SGPS,2026-03-24,37.8,143861,39.421354899116814,37.12283859321181,220525.35,1.3661651228374216
SGPS,2026-03-25,37.83,363075,39.358948824641644,37.12987502512016,222007.3,1.2351198389159481
SGPS,2026-03-26,38.07,328446,39.3084018119106,37.139229502482145,230671.4,1.2879134351670358
SGPS,2026-03-27,38.22,270591,39.26571938791411,37.149983437780826,236761.85,1.2935696840420936
SGPS,2026-03-28,38.3,264949,39.22784803936846,37.16142638864868,239514.15,1.1643592894572035
SGPS,2026-03-29,38.69,216545,39.20675595939323,37.17663607632382,242281.7,0.9923000255263353
SGPS,2026-03-30,39.72,197520,39.226883176671926,37.20194318004199,237027.35,1.0089182679626705
SGPS,2026-03-31,40.22,260462,39.2658289344495,37.23197359616097,243248.7,1.1681287868371297
SGPS,2026-04-01,40.4,204532,39.31030623113776,37.26349624694544,242294.55,1.3483272603856693
SGPS,2026-04-02,40.7,349517,39.3648040259951,37.29769031414001,243833.35,1.536106108972362
SGPS,2026-04-03,39.88,276239,39.385007789681566,37.323384937879915,251146.65,1.5772566251370435
SGPS,2026-04-04,40.25,235850,39.41892905283131,37.352505485761704,248338.8,1.642118915598767
SGPS,2026-04-05,40.21,325275,39.44995144291636,37.38093826699791,258034.8,1.7047562746751213
SGPS,2026-04-06,39.64,289706,39.457404327507874,37.403416493196936,255922.75,1.6022366321099306
SGPS,2026-04-07,40.58,330286,39.50142768721345,37.43502428928453,263332.8,1.5441255660523598
SGPS,2026-04-08,40.09,181295,39.52450895438155,37.46144195804787,263388.5,1.3838132635409721
SGPS,2026-04-09,39.67,402858,39.53021448558228,37.483417659957844,275077.3,1.2068279305047707
SGPS,2026-04-10,38.99,198227,39.50902960379474,37.49840852901299,267788.4,1.0689174969963262
SGPS,2026-04-11,39.27,305120,39.499655893842004,37.51603630484371,264610.0,0.887011357510109
SGPS,2026-04-12,38.42,339566,39.457316447024674,37.52503096847711,274196.0,0.9537597665596755
SGPS,2026-04-13,38.1,182768,39.404088351062924,37.530752053367884,276141.35,1.1874106097067767
SGPS,2026-04-14,39.4,177060,39.403928023570266,37.549351535423924,266840.6,1.1760010932940619
SGPS,2026-04-15,41.24,238534,39.47593084617535,37.586074405718215,262345.0,1.3054006584651114
SGPS,2026-04-16,40.59,264904,39.51961983259985,37.615964212626494,262060.65,1.292160693660825
SGPS,2026-04-17,40.12,372425,39.54316415289005,37.64087999160533,267434.45,1.3002865808382242
SGPS,2026-04-18,39.39,1000200,39.537157715521815,37.658284170793344,306617.2,1.2892834388584018
SGPS,2026-04-19,39.78,307806,39.5466809423641,37.67939577108396,312131.5,1.2708656304069708
SGPS,2026-04-20,39.59,251598,39.54837972893806,37.69840675843636,311688.3,1.2711793109784302
SGPS,2026-04-21,39.14,335344,39.532364837607155,37.71275096979521,318228.9,1.2207429394332234
SGPS,2026-04-22,38.89,143961,39.50717405966178,37.72446489049376,307951.1,1.2247467219663266
SGPS,2026-04-23,38.85,274347,39.48140252791034,37.73566424481721,307856.5,1.245593165991632
SGPS,2026-04-24,38.5,316298,39.4429161542668,37.74326957571456,311878.9,1.289066235009659
SGPS,2026-04-25,38.64,320059,39.41142924625633,37.75219226650347,311618.1,1.3224388994798053
SGPS,2026-04-26,37.88,146194,39.35137319738354,37.753463985244736,304442.5,1.402215917047795
SGPS,2026-04-27,38.09,303490,39.30190758179987,37.75681260230698,303102.7,1.4036941058711305
SGPS,2026-04-28,37.36,144013,39.225754343297915,37.75286421820442,301238.6,1.6011016125238806
SGPS,2026-04-29,37.3,237562,39.15023456512937,37.7483581065805,292973.8,1.4846061748846617
SGPS,2026-04-30,38.38,256981,39.120029288065474,37.75464310054487,295911.5,1.2922544509245166
SGPS,2026-05-01,38.98,151000,39.11453794343546,37.766835706509596,288205.5,1.1495792947618746
SGPS,2026-05-02,38.75,1246736,39.10024233781054,37.77661843579806,333564.0,1.103721290368786
SGPS,2026-05-03,39.47,198635,39.11474263828856,37.79346800360107,334357.35,1.051167326001383
SGPS,2026-05-04,40.01,165795,39.14985077012039,37.81552304834136,333794.1,1.1328091601883974
SGPS,2026-05-05,41.74,211047,39.25142524972352,37.854572570248415,332419.75,1.6929178595315957
SGPS,2026-05-06,42.45,255431,39.376859553655926,37.90029821631559,331946.1,2.24619568491822
SGPS,2026-05-07,42.88,310413,39.514237610375304,37.94984748779504,328845.5,2.721476172033342
SGPS,2026-05-08,43.99,355486,39.68975770408608,38.00994850781698,296609.8,3.2709094914257593
SGPS,2026-05-09,43.99,182315,39.85839465686702,38.069451507739196,290335.25,3.6496549776717515
SGPS,2026-05-10,43.84,275625,40.01453604287224,38.12686990069702,291536.6,3.803674066097037
SGPS,2026-05-11,43.34,322383,40.144946394132155,38.178741841983616,290888.55,3.8063179837484524
SGPS,2026-05-12,42.4,194270,40.23337986887207,38.220744410720094,293404.0,3.5227080460949756
SGPS,2026-05-13,41.59,280655,40.28658065832807,38.254269341956714,293719.4,3.082110045920675
SGPS,2026-05-14,42.35,135758,40.367499063883834,38.295022880842716,284692.4,2.7686269259229177
SGPS,2026-05-15,42.81,271048,40.46328341431976,38.33994802630696,282241.85,2.495837110994171
SGPS,2026-05-16,42.75,218779,40.55295857454252,38.38382914047307,285871.1,2.0350431658354453
SGPS,2026-05-17,42.79,131217,40.64068568926635,38.42767163658777,277257.45,1.5952400435996066
SGPS,2026-05-18,41.45,178845,40.67242350537355,38.4577445556267,278999.05,1.2522628419286053
SGPS,2026-05-19,40.18,282210,40.65311277967263,38.474881425719964,281231.45,1.5810320127293758
SGPS,2026-05-20,39.55,128478,40.609853454979586,38.48557912297649,274806.3,2.0077959664411877
SGPS,2026-05-21,39.82,146303,40.57887880968627,38.498856942648366,274571.45,2.247472481465656
SGPS,2026-05-22,39.28,184247,40.52794238577701,38.506629510383206,221447.0,2.388277345979521
SGPS,2026-05-23,38.75,277375,40.45821915496222,38.509051107294816,225384.0,2.5032301110787354
SGPS,2026-05-24,38.73,178704,40.39044585476763,38.51124960373965,226029.45,2.512173137669181
SGPS,2026-05-25,39.26,199785,40.34611464477674,38.51869985643876,225466.35,2.4211777683008977
SGPS,2026-05-26,38.0,279697,40.254110148903145,38.51353866383738,226679.65,2.567506727684177
SGPS,2026-05-27,37.59,367640,40.14963524110303,38.504349224396215,229541.0,2.7721738653195325
SGPS,2026-05-28,37.13,289865,40.031218172824474,38.49067410773556,226259.95,2.8714271875509514
SGPS,2026-05-29,38.38,145059,39.966464518988225,38.48957287283272,224397.15,2.623139529077923
SGPS,2026-05-30,38.09,360780,39.892877675106334,38.4855970233518,228654.9,2.2813183001969137
SGPS,2026-05-31,38.68,128786,39.845313844710006,38.4875313813284,218975.05,1.6828766335463818
SGPS,2026-06-01,38.89,163607,39.80785055668216,38.49153604420076,217441.9,1.282183544917525
SGPS,2026-06-02,38.04,280305,39.7385230838711,38.487043148238556,217424.4,1.145297660335229
SGPS,2026-06-03,38.41,234291,39.68642413940557,38.486276549748624,222351.05,1.0675987871526382
SGPS,2026-06-04,37.38,344516,39.595976133938684,38.475268822885454,226024.45,0.9923305485484741
SGPS,2026-06-05,38.91,327938,39.56907510907834,38.479594506239835,231482.4,0.9407216075211823
SGPS,2026-06-06,40.72,254583,39.61420941852625,38.50188709821755,237650.7,1.346696048576979
SGPS,2026-06-07,40.03,234086,39.63051493152522,38.51709220171788,240412.75,1.4879819378113623
SGPS,2026-06-08,39.4,252399,39.62147513028894,38.52587735393959,238922.2,1.5007683471702888
SGPS,2026-06-09,40.59,326622,39.65945649772859,38.54641588773124,248829.4,1.6853779698035152
SGPS,2026-06-10,39.73,314785,39.66222290958237,38.55819284407223,257253.5,1.6525649394565407
SGPS,2026-06-11,39.72,139308,39.664488677834036,38.569753114280466,255006.55,1.4954175884134804
SGPS,2026-06-12,39.49,261949,39.65764598458564,38.578909799710516,254235.25,1.4729036135963485
SGPS,2026-06-13,38.74,279754,39.621659867543066,38.580512687275586,259287.75,1.4139194705607872
SGPS,2026-06-14,38.58,190944,39.58081046097276,38.58050758590966,258845.7,1.4207752584997262
SGPS,2026-06-15,37.61,253591,39.50352377622873,38.570850794010056,257540.4,1.553669928669819
SGPS,2026-06-16,37.94,173587,39.44220911833741,38.56457367168159,247837.75,1.5659074274773417
SGPS,2026-06-17,38.34,339547,39.39898523134379,38.56233910778427,250321.85,1.5714048449757692
SGPS,2026-06-18,39.84,190854,39.416279928153834,38.57505215148791,252611.6,1.4108957874616568
SGPS,2026-06-19,39.83,228180,39.43250424469682,38.587539194756694,245981.6,1.4195752731166027
SGPS,2026-06-20,40.6,284037,39.478288391963616,38.60756368038101,253744.15,1.39985419177923
SGPS,2026-06-21,40.4,187467,39.51443394521995,38.625398867640904,254937.15,1.4397548726803158
SGPS,2026-06-22,41.0,151777,39.572691437564266,38.64902673960468,248510.75,1.5860565601793724
SGPS,2026-06-23,41.03,762964,39.62984079295391,38.67271801582752,274944.4,1.6489765807119188
SGPS,2026-06-24,42.36,249802,39.73690585989689,38.709407388804365,270208.7,2.0124390646703034
SGPS,2026-06-25,44.79,191429,39.93506641441074,38.76991079787099,263383.25,2.873372568530314
SGPS,2026-06-26,44.0,201305,40.09447557462993,38.82195148644939,260719.35,3.2661437590750833
SGPS,2026-06-27,42.52,288307,40.189594179546404,38.858747989071794,263430.4,3.2927903261319535
SGPS,2026-06-28,43.07,256238,40.30255127054458,38.900650994155654,263622.35,3.300619759485076
SGPS,2026-06-29,42.73,250968,40.39774533836636,38.93875396933819,259839.65,3.030480799085579
SGPS,2026-06-30,42.36,320092,40.474696501567685,38.9727962183995,260105.0,2.674971217879453
SGPS,2026-07-01,41.24,362035,40.50470840346699,38.995355460007474,271241.35,2.280534838223614
SGPS,2026-07-02,41.59,162615,40.547268858233,39.02117281861437,266274.65,2.116850371307676
SGPS,2026-07-03,42.72,204626,40.632474001047385,39.05797706917542,262518.25,1.9201097796568822
SGPS,2026-07-04,43.22,324838,40.73394560884945,39.09939023266622,269212.95,1.8341799452148893
SGPS,2026-07-05,43.09,321889,40.82633989869849,39.139097792540184,272627.85,1.6440086026886225
SGPS,2026-07-06,43.0,339485,40.911581471298554,39.17751472992784,280922.75,1.5071680379126282
SGPS,2026-07-07,42.62,154237,40.97857827634567,39.211768314704685,271657.25,1.3273507552536488
SGPS,2026-07-08,44.33,242456,41.11000657923408,39.26269599316534,274237.35,1.4422801316047733
SGPS,2026-07-09,44.32,277257,41.23588867416608,39.313017426069166,276691.2,1.3476229071961878
SGPS,2026-07-10,44.26,356358,41.354481275179175,39.36224113327246,280307.25,1.3873001786614858
SGPS,2026-07-11,42.78,338756,41.41038397027019,39.39624868418518,287871.7,1.377767993116783
SGPS,2026-07-12,42.4,165660,41.4491924420243,39.42613675697936,288565.85,1.393935254775271
SGPS,2026-07-13,40.96,326477,41.430008424690016,39.44139907780544,266741.5,1.5979176439050922
SGPS,2026-07-14,41.32,344160,41.42569436881982,39.46009162429494,271459.4,1.6963484133751368
SGPS,2026-07-15,41.5,957789,41.42860831514061,39.4803892200731,309777.4,1.6603435779088622
SGPS,2026-07-16,41.03,288743,41.41297661650764,39.49580823280869,314149.3,1.7397132910812463
SGPS,2026-07-17,41.02,157924,41.39756576880146,39.510974320044426,307630.15,1.862468563050542
SGPS,2026-07-18,40.62,362182,41.36707299355435,39.522009401437025,312927.35,1.9904423068561874
SGPS,2026-07-19,39.1,309817,41.27816817027771,39.517810302915265,315869.8,2.352216630525977
SGPS,2026-07-20,38.93,206897,41.186083143992306,39.511961444179796,310210.05,2.629275403671429
SGPS,2026-07-21,38.83,364533,41.093687726580846,39.505175758168065,310334.95,2.85392557870578
SGPS,2026-07-22,39.21,309178,41.01981761965611,39.50223868594749,317663.1,2.7189936325093322
STAN,2025-11-13,44.55,40830,44.55,44.55,40830.0,0.7424621202458779
STAN,2025-11-14,45.25,25811,44.57745098039216,44.55696517412935,33320.5,0.7424621202458779
STAN,2025-11-15,45.79,15029,44.62500192233757,44.56923417737185,27223.333333333332,0.9325770745627424
STAN,2025-11-16,45.96,25246,44.677354788128255,44.58307264326864,26729.0,0.9526574672987149
STAN,2025-11-17,46.83,123344,44.76177224741735,44.60543012940527,46052.0,1.271624944706573
STAN,2025-11-18,44.65,34298,44.757389022028434,44.60587361070473,44093.0,1.299375811688058
STAN,2025-11-19,43.68,36106,44.715138472144965,44.596660937961396,42952.0,1.5740201033386736
STAN,2025-11-20,44.59,41604,44.71023108108046,44.596594659971736,42783.5,1.4980004529848645
STAN,2025-11-21,45.29,41011,44.732967117116516,44.60349421559391,42586.555555555555,1.4027005204247989
STAN,2025-11-22,43.84,33191,44.69794879879822,44.59589725822482,41647.0,1.4666125937001913
STAN,2025-11-23,44.26,25175,44.68077433610026,44.59255499694895,40149.545454545456,1.4357095173404064
STAN,2025-11-24,42.94,95097,44.61250867586104,44.576111663645975,44728.5,1.6272454765366837
STAN,2025-11-25,42.25,31918,44.51986127680766,44.552966273957956,43743.07692307692,1.8854462846519122
STAN,2025-11-26,42.16,30858,44.42731769732501,44.52915566426684,42822.71428571428,2.0598821048094704
STAN,2025-11-27,41.26,39105,44.30310916017501,44.49662675218458,42574.86666666667,2.4181950232207656
STAN,2025-11-28,41.61,40760,44.19749703624658,44.46790409793399,42461.4375,2.578675468206435
STAN,2025-11-29,42.38,19882,44.12622264266829,44.447128932780416,41133.23529411765,2.5160369151190456
STAN,2025-11-30,43.25,40788,44.091860970406785,44.43521720210598,41114.055555555555,2.320342463592746
STAN,2025-12-01,43.2,33671,44.056886030390835,44.42292648367707,40722.31578947369,1.8211355291094122
STAN,2025-12-02,44.45,43176,44.07230226449315,44.42319587189918,40845.0,1.795925333135486
STAN,2025-12-03,44.06,18039,44.071819822748324,44.41958198262656,39705.45,1.8188762984356563
STAN,2025-12-04,44.23,36795,44.07802296695427,44.41769559473973,40254.65,1.778345014054076
STAN,2025-12-05,44.06,17940,44.07731618393646,44.414136434593075,40400.2,1.5897655591209143
STAN,2025-12-06,42.17,16407,44.002519470840916,44.39180671882598,39958.25,1.60327909178466
STAN,2025-12-07,42.17,72188,43.93065596218049,44.36969918928543,37400.45,1.5412422294662527
STAN,2025-12-08,42.32,32592,43.86749298327145,44.349304172476614,37315.15,1.5563856852010989
STAN,2025-12-09,42.85,59619,43.82759129765296,44.33438572299924,38490.8,1.5363833387980546
STAN,2025-12-10,44.48,17588,43.85317595264696,44.335834621277854,37290.0,1.6296905676090296
STAN,2025-12-11,42.65,25182,43.80599258195492,44.3190601474343,36498.55,1.4533957962851467
STAN,2025-12-12,41.72,24830,43.72418895129002,44.293198852434955,36080.5,1.43396787747368
STAN,2025-12-13,40.43,18748,43.59500507084727,44.25475906285849,35759.15,1.783767466242832
STAN,2025-12-14,39.33,31021,43.42774997002973,44.205756485118606,32555.35,2.305660974096698
STAN,2025-12-15,39.95,19105,43.29136761826386,44.16341064944579,31914.7,2.5449619753630826
STAN,2025-12-16,40.18,38481,43.16935320186136,44.12377472258563,32295.85,2.551694330448686
STAN,2025-12-17,40.07,35139,43.04780993904327,44.08343865569423,32097.55,2.5457915336820194
STAN,2025-12-18,40.97,25296,42.96632719633569,44.05245916658285,31324.35,2.3580823427448108
STAN,2025-12-19,39.4,26851,42.82647122785194,44.0061660405472,31672.8,2.2785629327410653
STAN,2025-12-20,39.27,35432,42.68700176793618,43.959040010292995,31405.0,2.388565394302022
STAN,2025-12-21,39.05,33577,42.54437424762496,43.91019384103635,31400.3,2.4787471633871903
STAN,2025-12-22,37.84,24302,42.35988898301222,43.849793902319576,30456.6,2.678702864907116
STAN,2025-12-23,40.46,17825,42.28538353269801,43.81606460975918,30445.9,2.4939152324835034
STAN,2025-12-24,39.18,26236,42.1636037863177,43.76993461364218,29917.95,1.809711439568635
STAN,2025-12-25,39.25,37652,42.04934481430524,43.7249601398746,30903.55,1.4339105448212424
STAN,2025-12-26,38.81,23212,41.92231168433249,43.67605506385594,31243.8,1.214832609551982
STAN,2025-12-27,37.91,21005,41.76496612808416,43.61868138162853,28684.65,1.3263929543053552
STAN,2025-12-28,38.43,36606,41.634183142669094,43.567052711164564,28885.35,1.3830626252179785
STAN,2025-12-29,39.03,37699,41.532058313544816,43.5219079080684,27789.35,1.3619312503828351
STAN,2025-12-30,39.62,42687,41.457075634582274,43.483082953759265,29044.3,1.3152284826366043
STAN,2025-12-31,39.89,27558,41.39562168812807,43.44733088456763,29163.1,1.297307280993522
STAN,2026-01-01,40.78,32262,41.37147966114266,43.42079027875104,29534.7,1.254532880100348
STAN,2026-01-02,40.97,42620,41.355735360705694,43.39640430582815,30728.3,1.4401498033343891
STAN,2026-01-03,44.11,39363,41.463745738717236,43.40350476049653,31145.4,2.398727598833748
STAN,2026-01-04,43.94,36253,41.56085374896362,43.408843021586115,32002.8,2.924634381206716
STAN,2026-01-05,43.81,27576,41.64905556272976,43.412834633311626,31457.55,3.128144944963938
STAN,2026-01-06,41.87,31129,41.65772005046585,43.39748304492047,31257.05,3.1801764931325223
STAN,2026-01-07,40.88,28113,41.62722122495738,43.37243346238395,31397.9,3.1266592078763473
STAN,2026-01-08,39.88,30753,41.558702745547286,43.337682880668694,31593.0,3.0872904342278633
STAN,2026-01-09,39.0,25134,41.45836146140818,43.29452185698045,31078.1,3.067938958087269
STAN,2026-01-10,42.31,40802,41.491759051156876,43.284725619597566,31439.35,2.870449480443849
STAN,2026-01-11,42.12,28662,41.516395951111505,43.27313630994983,31657.35,2.6641430853317587
STAN,2026-01-12,41.58,40854,41.518890227538506,43.25628918248764,32808.8,2.4775715910970435
STAN,2026-01-13,39.36,38390,41.43422786567425,43.217520135895725,33416.5,2.5133408876598025
STAN,2026-01-14,38.79,27360,41.33053265525566,43.173465209170395,32901.9,2.6666057570882904
STAN,2026-01-15,38.14,20594,41.205413727598575,43.12338097823338,32771.0,2.963853947106768
STAN,2026-01-16,38.2,43941,41.08755436573197,43.07439211277832,33917.8,3.199276467825587
STAN,2026-01-17,38.82,25602,40.99863066511503,43.03205985294968,33367.6,3.006096826761951
STAN,2026-01-18,38.6,42689,40.90456671746346,42.987959754910385,33617.1,2.7359149784360817
STAN,2026-01-19,40.12,27419,40.87379939520999,42.9594228419262,32853.7,2.261314682525791
STAN,2026-01-20,39.97,33987,40.83835628167235,42.92967734101151,33175.15,2.1091077028444807
STAN,2026-01-21,39.8,39156,40.79763642748912,42.89853627294175,33519.85,2.0608880314131803
STAN,2026-01-22,38.77,35939,40.71812127346994,42.857456310026905,33185.8,2.097746436033254
STAN,2026-01-23,39.72,26222,40.67897926274563,42.826237839280374,32528.75,2.07685082291903
STAN,2026-01-24,39.18,43110,40.6201957622458,42.7899568657552,32871.6,1.7603043958174291
STAN,2026-01-25,38.71,22088,40.54528612451067,42.749360280026295,32597.2,1.3744813207530295
STAN,2026-01-26,38.85,16467,40.47880431570633,42.710560675249916,31864.1,0.9500981007764325
STAN,2026-01-27,37.95,26237,40.379635519011956,42.66319191231211,31770.3,1.040386128657708
STAN,2026-01-28,38.54,22404,40.307492949638934,42.622165127114975,31352.85,1.0527450381667398
STAN,2026-01-29,39.02,34609,40.257003030045254,42.5863226880392,31826.6,0.9922034669261639
STAN,2026-01-30,39.38,18439,40.222610754357206,42.55441897970051,30708.45,0.9349775956650987
STAN,2026-01-31,40.22,18430,40.22250837183339,42.53119093015125,30196.85,1.0258909957519482
STAN,2026-02-01,40.15,22857,40.219664906271305,42.50749748806019,29297.0,1.0561702535082582
STAN,2026-02-02,40.97,20937,40.24908981190773,42.49219900559193,28424.35,1.2120635047556438
STAN,2026-02-03,42.36,40607,40.33187060359763,42.490883592600966,29086.7,1.697216531867415
STAN,2026-02-04,41.38,18382,40.37297371718204,42.47983002451539,28976.1,1.8497586715183285
STAN,2026-02-05,41.59,39199,40.42070023807687,42.470975994420705,28739.0,1.9579794474109382
STAN,2026-02-06,41.23,35177,40.452437483642484,42.45862797457573,29217.75,2.0316736793984833
STAN,2026-02-07,41.38,20271,40.48881248428396,42.44789535791328,28096.85,2.0752492568417225
STAN,2026-02-08,41.49,23600,40.528074739802236,42.43836406081962,27905.9,2.04656617395963
STAN,2026-02-09,40.89,42849,40.54226788726097,42.42295745324928,28349.0,1.9538941463561947
STAN,2026-02-10,40.3,21184,40.532767185799756,42.40183349849058,27450.4,1.6300512363012452
STAN,2026-02-11,41.25,34434,40.560893962827215,42.39037246865485,27375.15,1.3680013194037173
STAN,2026-02-12,40.92,23361,40.57497655252026,42.37574189682744,27232.1,1.1232332280588926
STAN,2026-02-13,42.28,21055,40.64184021712731,42.37478924113762,26129.35,1.0110212033516457
STAN,2026-02-14,44.44,40978,40.79078765959291,42.395338601922326,27073.85,1.5790399521006209
STAN,2026-02-15,45.64,40649,40.980952849412795,42.4276237899629,28282.95,2.19590915863278
STAN,2026-02-16,47.66,44632,41.24287626708288,42.47968723483889,29202.7,3.1528866286955055
STAN,2026-02-17,48.33,28337,41.52080268798159,42.53789930215393,29499.35,3.9626564516554414
STAN,2026-02-18,46.41,43364,41.712535915903885,42.57642766730663,29937.1,4.165172070769854
STAN,2026-02-19,44.64,42753,41.82733842900569,42.596960725343386,31152.8,4.149526783558929
STAN,2026-02-20,45.05,21539,41.95371731414272,42.621369076335,31308.25,4.094418809137114
STAN,2026-02-21,46.44,44250,42.129649968490064,42.65936540393366,32377.9,4.117727955618722
STAN,2026-02-22,45.79,44908,42.27319310698065,42.69051599692935,33576.45,4.027268932533003
STAN,2026-02-23,45.32,41514,42.392675730236306,42.7166800168604,33621.8,3.763152703416547
STAN,2026-02-24,45.55,22237,42.516492368266256,42.744872255498606,33814.55,3.281386315849855
STAN,2026-02-25,44.82,34232,42.60682600088327,42.76552029275733,33566.2,2.864675273582939
STAN,2026-02-26,45.67,29504,42.726950471436865,42.79442058835179,33282.55,2.1766085374442823
STAN,2026-02-27,44.48,41303,42.79569751177267,42.811192522796055,34334.15,1.7340001711093427
STAN,2026-02-28,42.92,22066,42.80057211915413,42.81227518426077,34257.45,2.0143388466222865
STAN,2026-03-01,41.02,19167,42.73074576154025,42.79444160033778,33073.35,2.731390782073512
STAN,2026-03-02,40.61,21338,42.64757926108769,42.77270586302098,33081.05,3.109928999048263
STAN,2026-03-03,41.71,40496,42.610811446927386,42.76213167532923,33384.15,2.9327772767370894
STAN,2026-03-04,42.2,21418,42.594701194106705,42.756538325325955,33287.0,2.898054671520395
STAN,2026-03-05,43.17,39459,42.61726193159272,42.76065237184012,34207.2,2.90316086266431
STAN,2026-03-06,43.66,22757,42.65815362054987,42.76960110445863,33296.15,2.8619376937029273
STAN,2026-03-07,43.63,19405,42.6962652432734,42.778162287498844,32233.95,2.627339381441797
STAN,2026-03-08,45.16,38395,42.792882292556804,42.80186216523518,31922.1,2.547831980762867
STAN,2026-03-09,44.64,15959,42.86531828108399,42.820152093939306,31303.2,2.4804899152748923
STAN,2026-03-10,43.36,33189,42.884717564178736,42.825523714895134,30794.45,2.320036619879655
STAN,2026-03-11,43.72,20449,42.91747373813251,42.83442397643847,29679.25,2.2408442838349543
STAN,2026-03-12,44.96,30143,42.99757280722535,42.85557398662316,30109.45,2.124979379344077
STAN,2026-03-13,45.73,41295,43.104726814785145,42.88417524048761,29961.7,2.303671132521605
STAN,2026-03-14,43.41,26587,43.11669831224455,42.889407327646936,29045.65,2.297285545839061
STAN,2026-03-15,41.56,29644,43.05565131960751,42.87617939403851,28452.15,2.2108338390156015
STAN,2026-03-16,41.02,16247,42.975821856093496,42.85770994733166,28152.65,2.125946363284042
STAN,2026-03-17,40.49,35813,42.878338646050615,42.83415064437313,28231.7,2.341475918736336
STAN,2026-03-18,40.36,38195,42.77958026777412,42.80953223000126,28666.25,2.5981611470719104
STAN,2026-03-19,40.97,43242,42.708616335704555,42.791228426717666,28763.2,2.748627354729083
STAN,2026-03-20,42.64,36651,42.70592549901026,42.78972366625282,29492.45,2.7397127516472626
STAN,2026-03-21,44.51,40622,42.77667351865692,42.80684084370304,30565.2,2.7982148204379946
STAN,2026-03-22,45.41,24651,42.879941223807634,42.83274292486023,30730.85,2.8326132461382656
STAN,2026-03-23,46.79,42821,43.03327686208969,42.87211861715018,30847.1,3.1536762300110075
STAN,2026-03-24,47.15,30025,43.194716985145,42.914684601059136,31277.45,3.528727162110381
STAN,2026-03-25,45.91,39683,43.30119867200206,42.94448873438193,31288.65,3.66123689917333
STAN,2026-03-26,46.43,34519,43.4238967632961,42.979170438517436,31876.75,3.79808338015868
STAN,2026-03-27,44.97,28291,43.48452826277469,42.998979687885424,32321.05,3.7410050362594935
STAN,2026-03-28,45.35,31173,43.55768401717568,43.02237292482189,31959.95,3.7965604010895317
STAN,2026-03-29,46.43,41875,43.67032385963938,43.05627966188834,33255.75,3.7955294878853
STAN,2026-03-30,46.92,26394,43.79776213965353,43.09472464037702,32916.0,3.6823830860338225
STAN,2026-03-31,46.91,17086,43.91981068319652,43.13268757927874,32747.85,3.3258737800913654
STAN,2026-04-01,47.81,44147,44.07236712699274,43.17922800137546,33448.05,2.8066853079001906
STAN,2026-04-02,47.98,103980,44.22560763181655,43.22699687698367,36582.3,2.1388759307760594
STAN,2026-04-03,45.79,25280,44.28695635213747,43.25249939562065,36516.95,1.5529150185845584
STAN,2026-04-04,47.42,26153,44.40982080891639,43.293967063325915,36342.4,1.3992486700582496
STAN,2026-04-05,47.4,21226,44.527082737978496,43.334823112447054,36591.35,1.3528541258076319
STAN,2026-04-06,47.04,21860,44.62562851295973,43.371690544164,35893.7,1.3606562027927
STAN,2026-04-07,47.79,32946,44.74972151245151,43.41565382233152,35631.25,1.4217929498728503
STAN,2026-04-08,46.14,32534,44.804242237453415,43.442761744497375,35095.85,1.4018239688209393
STAN,2026-04-09,45.3,15939,44.82368371833759,43.461241727139196,34060.25,1.5139824947818723
STAN,2026-04-10,47.57,29321,44.93138239604985,43.50212489403334,33495.2,1.3626917145090682
STAN,2026-04-11,48.41,35177,45.067798772675346,43.55095947220216,34021.5,1.3329402866193112
STAN,2026-04-12,49.93,37806,45.25847333060965,43.61443251227975,33770.75,1.7251530032480764
STAN,2026-04-13,51.11,22111,45.48794496470339,43.68901527335159,33375.05,2.285774930514272
STAN,2026-04-14,48.81,35887,45.618221632754235,43.73997034525854,33185.25,2.3112209560517596
STAN,2026-04-15,49.0,40273,45.75084039225407,43.79230894878831,33472.95,2.3651733958228514
STAN,2026-04-16,48.95,33684,45.87629763177352,43.843629257755595,33742.6,2.407062068621894
STAN,2026-04-17,50.09,26079,46.041540861900046,43.90578220046449,33487.9,2.3703421647564946
STAN,2026-04-18,50.31,38840,46.20893141633534,43.96950576065888,33336.15,2.4837654471998416
STAN,2026-04-19,51.9,15063,46.43211057647905,44.04841615110009,32769.6,2.7996511998211284
STAN,2026-04-20,52.04,36375,46.65202780877399,44.12793439835283,33734.05,2.9857716849996443
STAN,2026-04-21,53.92,42147,46.937046326076974,44.225367886926435,33634.05,3.4902487395222783
STAN,2026-04-22,52.76,36588,47.165397450544546,44.31028959949433,30264.45,3.383327820779087
STAN,2026-04-23,51.78,33343,47.34636225640555,44.384615076116276,30667.6,2.7634906855698707
STAN,2026-04-24,52.67,34693,47.55513236399749,44.46705671714995,31094.6,2.5879420310440993
STAN,2026-04-25,54.11,18349,47.812185996781906,44.56300640155642,30950.75,2.671282257849149
STAN,2026-04-26,55.28,18984,48.105041447888496,44.669643153779745,30806.95,3.0507587103525564
STAN,2026-04-27,55.02,29469,48.37621629306934,44.77263177911527,30633.1,3.3270175239088267
STAN,2026-04-28,54.59,24873,48.619894085498,44.87031703504448,30250.05,3.2015870034500393
STAN,2026-04-29,54.55,20385,48.852447258615726,44.96663228842712,30472.35,2.9716264693980756
STAN,2026-04-30,54.17,19133,49.060978738670016,45.05820808655223,29962.95,2.5321667143440045
STAN,2026-05-01,53.89,27211,49.25035212146727,45.146086613054194,29564.65,2.189293409269097
STAN,2026-05-02,54.11,19041,49.440926548076405,45.235279781083506,28626.4,1.762525075809744
STAN,2026-05-03,52.53,77064,49.56206668344596,45.30786406186875,31374.05,1.6713696101184135
STAN,2026-05-04,51.27,37665,49.62904446056573,45.36718879757155,31462.95,1.823179394463584
STAN,2026-05-05,49.31,17989,49.61653291309257,45.406420749834524,30348.75,2.5014693484230155
STAN,2026-05-06,48.69,16996,49.580198289049726,45.43909318018443,29514.35,3.1087362057119345
STAN,2026-05-07,49.1,17981,49.56136698359679,45.475520113714936,29109.45,3.456638798850005
STAN,2026-05-08,47.84,19423,49.49386239600476,45.49904727676255,28138.6,3.9907063738940067
STAN,2026-05-09,48.25,112626,49.44508347851438,45.52641994067537,33016.75,4.2544726949516045
STAN,2026-05-10,48.29,42680,49.399786087200084,45.553918249723374,33332.0,4.256807879641347
STAN,2026-05-11,47.85,31861,49.33901016221184,45.57676483430325,32817.7,4.213588692590967
STAN,2026-05-12,48.23,29222,49.2955195676153,45.60316518421068,32449.4,4.052261883643149
STAN,2026-05-13,49.1,80739,49.28785213359117,45.6379595604872,34819.2,3.7012828374575566
STAN,2026-05-14,48.24,42025,49.24675989305818,45.66385051013409,35185.8,3.3431844725625135
STAN,2026-05-15,48.25,26768,49.207671269801,45.689583340879025,35606.75,2.8695776386389085
STAN,2026-05-16,48.28,40823,49.1712920043186,45.715358631019534,36698.7,2.028298595450943
STAN,2026-05-17,46.93,166776,49.083398200227684,45.727444614790485,43564.05,1.4847931091312336
STAN,2026-05-18,47.16,22084,49.0079708198266,45.741698897230386,43424.6,1.0210660234168507
STAN,2026-05-19,48.26,32927,48.9786386308138,45.76675661964601,44051.7,0.9137906347606592
STAN,2026-05-20,48.24,21507,48.94967240999757,45.791366006515204,44170.4,0.8874454015091859
STAN,2026-05-21,48.42,21982,48.92890094293884,45.81752156863943,43908.95,0.7980684098582262
STAN,2026-05-22,48.88,41502,48.92698325890202,45.84799399084202,45032.0,0.8477526852715243
STAN,2026-05-23,46.66,30352,48.83808195463135,45.85607365262469,42696.4,1.0396901614753205
STAN,2026-05-24,46.16,32666,48.7330591328811,45.85909779538464,42446.45,1.2797993060385227
STAN,2026-05-25,45.7,26255,48.614115637474,45.857514732744,42859.75,1.5560170784255685
STAN,2026-05-26,45.99,34040,48.51120914188679,45.85883299410973,43711.95,1.6899580998123143
STAN,2026-05-27,45.55,43174,48.39508329318535,45.85576002899421,44971.6,1.7397356752623532
STAN,2026-05-28,46.59,15269,48.32429571306044,45.863065899352485,44763.9,1.7171355604515774
STAN,2026-05-29,46.99,23191,48.27197039097964,45.87427917398579,40292.15,1.6595645612531444
STAN,2026-05-30,47.23,22153,48.23110880701965,45.88776893344862,39265.8,1.5852765211003241
STAN,2026-05-31,45.96,21172,48.142045716548296,45.88848765052873,38731.35,1.6450073065071251
STAN,2026-06-01,44.67,16534,48.00588706099738,45.87636339529959,38096.95,1.8845840768873658
STAN,2026-06-02,44.2,23306,47.856636588017096,45.85968316251054,35225.3,2.03935873890159
STAN,2026-06-03,43.02,26855,47.6669645649576,45.831427608654714,34466.8,2.3291888886737033
STAN,2026-06-04,43.65,32265,47.509436542802405,45.80972186130492,34741.65,2.307440693700528
STAN,2026-06-05,43.99,22747,47.37141942347682,45.79161517611781,33837.85,1.9899375991100114
STAN,2026-06-06,43.5,29159,47.21959905392871,45.76881303506191,26957.0,2.0605373778978944
STAN,2026-06-07,44.03,38960,47.09451673808837,45.751511412822495,27800.8,2.0707992365321184
STAN,2026-06-08,42.7,16219,46.92218274835942,45.72114811518247,26965.4,2.255456296272574
STAN,2026-06-09,42.03,28555,46.73033244450219,45.68442027324036,27317.8,2.461972457019133
STAN,2026-06-10,40.33,31183,46.479339015306024,45.63114245957628,27777.85,2.9472884958927708
STAN,2026-06-11,41.26,22034,46.274659053921475,45.58764850475463,26804.45,2.9756572826412806
STAN,2026-06-12,40.81,18960,46.060358698865734,45.540109713662545,26234.85,2.8676581363218534
STAN,2026-06-13,39.7,22444,45.810932867537666,45.481999169248,25723.75,2.7040905369213823
STAN,2026-06-14,40.67,31300,45.609327657045995,45.434118580499266,25976.0,2.4714615064818504
STAN,2026-06-15,39.94,25474,45.38700108225988,45.379450733927136,25547.7,2.4696863539349847
STAN,2026-06-16,38.33,176452,45.110255941779094,45.309306945529855,32211.6,2.7262496882414826
STAN,2026-06-17,38.51,19042,44.851422375434815,45.24165215005195,32400.25,2.942533039204921
STAN,2026-06-18,37.93,15484,44.57999404698639,45.168899392339995,32014.9,3.072556051044874
STAN,2026-06-19,38.22,26501,44.330582515732026,45.09975611480427,32232.3,2.9632373891025026
STAN,2026-06-20,39.43,33841,44.13840280923273,45.04334063107488,32865.75,2.7042670037316308
STAN,2026-06-21,39.24,32023,43.946308581419686,44.98559594817861,33640.2,2.186129727809452
STAN,2026-06-22,38.5,20646,43.73272785273656,44.92106265516192,33507.2,1.8961321243431315
STAN,2026-06-23,38.58,15978,43.530660093805714,44.85796750436429,32963.35,1.62754082847422
STAN,2026-06-24,37.61,16160,43.29847734502902,44.78584842471887,32158.1,1.71819644932132
STAN,2026-06-25,37.11,36011,43.05579195894945,44.70947182347789,32821.3,1.6594122155443098
STAN,2026-06-26,38.4,43026,42.873211882127904,44.64669100931393,33514.65,1.4465548784896627
STAN,2026-06-27,38.51,31127,42.70210553380916,44.58562940723121,33123.0,1.3853057344935378
STAN,2026-06-28,37.91,25385,42.51417982660096,44.51920523402493,33581.3,1.0978447917678678
STAN,2026-06-29,38.92,17753,42.373231598106806,44.46349174910926,33041.2,0.918895060312525
STAN,2026-06-30,39.07,20856,42.243693104063404,44.409825164541004,32524.85,0.9600849893690817
STAN,2026-07-01,39.62,15537,42.14080317841386,44.36216521265503,32200.0,1.073644878055351
STAN,2026-07-02,38.96,41783,42.016065798868226,44.30841232496692,33341.15,1.057693166832197
STAN,2026-07-03,39.2,43511,41.905631845971435,44.25758235158417,34394.5,1.0732711628520053
STAN,2026-07-04,38.8,24179,41.783842361815694,44.20327804957836,34038.45,1.0222403886007467
STAN,2026-07-05,36.86,38035,41.59075050448959,44.130210606298974,34666.5,1.195754681462886
STAN,2026-07-06,36.48,25331,41.39032891607823,44.054089107728835,27110.45,1.427641421180804
STAN,2026-07-07,35.37,163452,41.154237586035954,43.967680260885764,34330.95,1.835636249249563
STAN,2026-07-08,36.2,33320,40.95995375913259,43.89038991003118,35222.75,1.976869715895539
STAN,2026-07-09,34.62,30758,40.71132812151955,43.798147224359234,35435.6,2.3738673412481672
STAN,2026-07-10,34.09,81280,40.45166819518545,43.70154874451487,37807.55,2.7741121983455175
STAN,2026-07-11,34.12,20886,40.20336748164876,43.60620995103711,37250.7,3.035762934322266
STAN,2026-07-12,34.56,32460,39.98205895295665,43.5161979117233,37841.4,3.1856089736446482
STAN,2026-07-13,35.38,35858,39.801586052840705,43.435240718571826,38835.4,3.11616225032136
STAN,2026-07-14,35.15,31947,39.619170913513614,43.352800512416884,39624.75,2.9864034609989125
STAN,2026-07-15,35.68,39924,39.46469362278759,43.2764542386615,39820.4,2.6463892309213612
STAN,2026-07-16,37.24,77688,39.377450735619455,43.21639001738129,41553.5,2.403957160073904
STAN,2026-07-17,38.33,32427,39.336374236183396,43.16776922118844,41618.5,2.2207171398858208
STAN,2026-07-18,38.49,20757,39.3031830896664,43.12122425381344,41387.1,2.1535977118286618
STAN,2026-07-19,37.42,43423,39.22933277242458,43.06449565427301,42670.6,2.2079154867660473
STAN,2026-07-20,37.55,17558,39.16347658527067,43.00962505074791,42505.7,2.293402266511923
STAN,2026-07-21,38.92,30241,39.153928483887505,42.968932264173304,43240.9,2.5482087276709393
STAN,2026-07-22,38.13,23670,39.11377442569584,42.92078368443029,42335.25,2.6545580746005033
TCL,2025-11-13,63.51,359071,63.51,63.51,359071.0,0.2757716446627476
TCL,2025-11-14,63.25,159823,63.49980392156863,63.50741293532339,259447.0,0.2757716446627476
TCL,2025-11-15,62.53,487530,63.46177239523261,63.49768743347938,335474.6666666667,0.7615116545398313
TCL,2025-11-16,62.92,167551,63.44052641894898,63.49193929981292,293493.75,0.6357328448334196
TCL,2025-11-17,63.1,388479,63.427172441735294,63.48803940628245,312490.8,0.5514820939976155
TCL,2025-11-18,63.14,441953,63.41591077735352,63.48457632761297,334067.8333333333,0.4955678561004498
TCL,2025-11-19,62.56,269484,63.382345648829855,63.47537656315912,324841.5714285714,0.5384302581181128
TCL,2025-11-20,62.63,338379,63.35284189789535,63.46696485606301,326533.75,0.535997068222254
TCL,2025-11-21,63.17,270691,63.345671627389656,63.46400998187333,320329.0,0.5127743168295341
TCL,2025-11-22,63.06,425029,63.334468818472416,63.4599899820537,330799.0,0.48497680356899137
TCL,2025-11-23,63.75,269049,63.35076415892448,63.462875653874065,325185.36363636365,0.5751193552013957
TCL,2025-11-24,63.9,409354,63.372302819358815,63.467225149855416,332199.4166666667,0.6588937009039515
TCL,2025-11-25,64.06,334941,63.39927133624671,63.47312340707079,332410.3076923077,0.740764288265322
TCL,2025-11-26,64.57,347126,63.44518226423704,63.48403760202531,333461.4285714286,0.8993576004051944
TCL,2025-11-27,64.82,311092,63.49909668524735,63.49733076021411,331970.13333333336,1.086964722377088
TCL,2025-11-28,64.81,216166,63.550504658374905,63.51039214568462,324732.375,1.223522207974415
TCL,2025-11-29,65.86,330141,63.64107310314452,63.53377132831463,325050.5294117647,1.4694873236967683
TCL,2025-11-30,66.64,195049,63.7586780794918,63.5646790762916,317828.22222222225,1.8243995324068008
TCL,2025-12-01,67.41,317548,63.90186717441369,63.60294097602999,317813.4736842105,2.2279335519911516
TCL,2025-12-02,67.63,228109,64.04806846169159,63.64301121507447,313328.25,2.526027181994647
TCL,2025-12-03,67.49,330662,64.18304616907623,63.68128971044687,311907.8,2.597754524859607
TCL,2025-12-04,66.57,347206,64.27665220166149,63.71003309641257,321276.95,2.4556793335065126
TCL,2025-12-05,66.67,231951,64.37050897806692,63.73948550341345,308498.0,2.3363094311845294
TCL,2025-12-06,65.33,213854,64.40813607696626,63.755311518304865,310813.15,2.087040763461913
TCL,2025-12-07,64.44,239772,64.40938564257543,63.76212433901825,303377.8,1.9928504076454883
TCL,2025-12-08,64.56,429710,64.41529208796463,63.770063400321554,302765.65,1.9036022820830227
TCL,2025-12-09,65.21,668418,64.44645710412289,63.78439112768154,322712.35,1.775742106127064
TCL,2025-12-10,65.42,309139,64.48463525690238,63.80066584282899,321250.35,1.7001320246083698
TCL,2025-12-11,65.78,284081,64.53543387427877,63.82036071006453,321919.85,1.6350839276775695
TCL,2025-12-12,66.15,302003,64.5987501929345,63.84354120051165,315768.55,1.5543695941329077
TCL,2025-12-13,68.09,304888,64.73566195007433,63.8857945218996,317560.5,1.7444919991690753
TCL,2025-12-14,68.46,267410,64.88171442262043,63.931309004268755,310463.3,1.9560808611008202
TCL,2025-12-15,68.1,363111,65.00792170016473,63.97278851666409,311871.8,2.037316026886032
TCL,2025-12-16,67.66,330639,65.11192477074651,64.00947718814007,311047.45,2.040429314069561
TCL,2025-12-17,67.14,156582,65.19145713267802,64.0406266688551,303321.95,2.01341435443315
TCL,2025-12-18,68.42,271609,65.31806665688673,64.08420252289633,306094.1,2.1710970096416333
TCL,2025-12-19,68.9,150165,65.45853463112647,64.1321209057531,297095.3,2.370737470460679
TCL,2025-12-20,69.18,261611,65.60447444951367,64.18234855843218,300423.4,2.4879956019625116
TCL,2025-12-21,68.71,262941,65.72625976521901,64.22739981655724,297693.05,2.3212637473186017
TCL,2025-12-22,68.56,425555,65.83738683324964,64.27051026614373,307565.35,2.0511914254248698
TCL,2025-12-23,69.3,372006,65.9731755848869,64.32055494011246,309632.55,1.8907249394619985
TCL,2025-12-24,69.86,361197,66.12560007175408,64.37567379642975,310332.1,1.735415877889534
TCL,2025-12-25,70.74,302697,66.3065569316853,64.439000425321,313869.4,1.6942949277496533
TCL,2025-12-26,71.15,288561,66.49649587554077,64.50577654049194,317604.75,1.6696723127214543
TCL,2025-12-27,71.22,313032,66.68173133140192,64.57258473411889,321267.75,1.8735640655426828
TCL,2025-12-28,71.73,303424,66.8797026517391,64.64380279646596,314953.45,2.12233676031312
TCL,2025-12-29,71.2,207485,67.04912607716109,64.70903858953596,291906.8,2.173720445899998
TCL,2025-12-30,71.26,368741,67.21425838786067,64.77422228516248,294886.9,2.108662178092866
TCL,2025-12-31,70.24,160855,67.33291492167005,64.82860813307131,288725.6,1.7673442312885304
TCL,2026-01-01,71.55,295293,67.49829080709476,64.89548765413528,288390.1,1.717487943237332
TCL,2026-01-02,71.75,361721,67.66502450093418,64.9636917570792,291231.75,1.707715724149165
TCL,2026-01-03,70.9,217769,67.79188628521128,65.02275950078987,288749.7,1.62149084331238
TCL,2026-01-04,71.08,225448,67.92083192108534,65.08303055053327,281866.55,1.4124090946147003
TCL,2026-01-05,70.56,287640,68.02432870849375,65.13752775898567,279716.6,1.0581232089296668
TCL,2026-01-06,70.91,343444,68.13749228855282,65.19496529372213,289059.7,0.8043061476339601
TCL,2026-01-07,71.13,151036,68.25484553213897,65.2540203654264,283031.05,0.6326553147280601
TCL,2026-01-08,71.18,1773452,68.36955747205509,65.31298533691469,364195.4,0.6134481895968056
TCL,2026-01-09,72.13,366036,68.51702580648431,65.38081632858719,369416.65,0.7324507259433821
TCL,2026-01-10,71.55,274623,68.63596597093591,65.44220124074054,370000.75,0.7456165860598303
TCL,2026-01-11,72.0,178870,68.76788887403647,65.5074529696884,357666.5,0.7840438286700872
TCL,2026-01-12,71.69,325154,68.88248146721152,65.56897085058704,355323.9,0.8034664766633425
TCL,2026-01-13,71.59,311799,68.98865866457578,65.62888158839215,352854.0,0.8128308286752447
TCL,2026-01-14,71.21,258275,69.07577008949438,65.68441510492556,350632.9,0.6742074101261899
TCL,2026-01-15,71.49,206498,69.1704457722593,65.74218211880691,346529.75,0.6719151118879152
TCL,2026-01-16,72.65,307208,69.30689887922952,65.81091662508744,346238.55,0.8368127818509183
TCL,2026-01-17,73.03,367417,69.45290284474993,65.88274830045972,349438.2,1.0178378829877155
TCL,2026-01-18,73.89,249106,69.62690665475974,65.9624224467238,351519.25,1.346516109026965
TCL,2026-01-19,74.72,247681,69.82663580555348,66.04956252188079,345466.25,1.6817567100710953
TCL,2026-01-20,75.43,420903,70.04637557788472,66.14290020823024,358468.65,2.067746324537521
TCL,2026-01-21,75.32,220869,70.25318437875198,66.234214634019,354747.45,2.290366470988793
TCL,2026-01-22,75.7,442023,70.46678499134994,66.3284015530835,358762.55,2.4783219464651474
TCL,2026-01-23,77.47,424867,70.74142087404209,66.43926322917223,369117.45,3.0106426607570667
TCL,2026-01-24,76.45,232253,70.96528672211888,66.538872550275,369457.7,3.125359671609697
TCL,2026-01-25,76.19,210691,71.17017743889852,66.63490366917775,365610.25,3.1680770548198405
TCL,2026-01-26,76.95,400665,71.39683714717701,66.7375414436138,368471.3,3.1889446952294485
TCL,2026-01-27,75.92,367667,71.57421608258184,66.82890919044351,379302.85,2.9863635131993456
TCL,2026-01-28,74.74,290979,71.69836447150021,66.90762651193164,305179.2,2.5695109264411045
TCL,2026-01-29,75.06,342855,71.8301933157551,66.98874465609153,304020.15,2.077868466154367
TCL,2026-01-30,75.38,280238,71.9694014210196,67.07223973414037,304300.9,1.7484206766790222
TCL,2026-01-31,76.32,314100,72.14001312999923,67.16425724922355,311062.4,1.429902786214286
TCL,2026-02-01,74.77,325573,72.24314986999927,67.2399362815696,311083.35,1.2741202524031354
TCL,2026-02-02,76.1,422191,72.39439889470519,67.32809611956394,316602.95,1.2000638719271233
TCL,2026-02-03,76.75,387669,72.56520678118734,67.42184640693146,323072.65,1.2375531956604322
TCL,2026-02-04,76.94,233354,72.73676729957215,67.5165544028824,324415.45,1.2677703886127052
TCL,2026-02-05,77.43,220989,72.9208156407654,67.61519565260498,320104.5,1.3700132850087183
TCL,2026-02-06,78.21,266773,73.12823463524518,67.72061659138502,315072.3,1.5153537015036531
TCL,2026-02-07,77.54,438057,73.30124504170615,67.81832189893343,324519.85,1.6032837182857493
TCL,2026-02-08,77.16,176237,73.45256876556083,67.91127391983956,320947.65,1.637803952161489
TCL,2026-02-09,77.4,186206,73.60736999044079,68.00568910471678,309212.8,1.6746018060400876
TCL,2026-02-10,77.0,194562,73.74041430454115,68.09518473551563,307897.45,1.6760363367777358
TCL,2026-02-11,77.86,156480,73.90196668475522,68.19234707645577,293620.3,1.5773977039684952
TCL,2026-02-12,79.6,163387,74.12541897162757,68.30585606076966,280546.3,1.791638546504375
TCL,2026-02-13,80.58,304601,74.37853979626962,68.42798684623465,284163.7,2.1402196405723894
TCL,2026-02-14,80.21,830498,74.60722451014139,68.54522080796364,315154.05,2.35636421954811
TCL,2026-02-15,80.23,311738,74.82772550974369,68.6614872675859,310707.7,2.199920983846155
TCL,2026-02-16,79.86,347752,75.0250696074008,68.77291525497311,309711.95,2.131888092902905
TCL,2026-02-17,79.51,191894,75.20094923063999,68.87975191910273,304757.7,2.061421846074796
TCL,2026-02-18,79.94,152631,75.3867943588502,68.98980413881316,295246.5,2.009123045532517
TCL,2026-02-19,80.69,316702,75.59476320752273,69.10622399812846,297069.7,2.0621821433398413
TCL,2026-02-20,80.44,240072,75.78477249350223,69.21899788869435,293368.3,2.1103485207716117
TCL,2026-02-21,80.52,1531980,75.97046768983547,69.3314456708964,353688.65,2.0556983252407726
TCL,2026-02-22,80.27,152397,76.139076800038,69.4402870075044,340198.95,1.8479803722026165
TCL,2026-02-23,80.13,401677,76.29558359219337,69.54665231091232,340899.35,1.5979342777618148
TCL,2026-02-24,79.71,275639,76.42948227485245,69.64778014861469,343013.6,1.0635799618115682
TCL,2026-02-25,79.66,376321,76.55616924446608,69.74740422673793,350780.2,0.5818586409294506
TCL,2026-02-26,79.21,343206,76.66024103880075,69.84155940856144,354601.85,0.6557606103024662
TCL,2026-02-27,79.3,357691,76.76376099806346,69.93567324529218,350583.55,0.6831793804970494
TCL,2026-02-28,79.57,386534,76.8738095863747,70.03153719310022,361098.4,0.6935242059063845
TCL,2026-03-01,80.11,314766,77.00071901436002,70.13182040510917,367526.4,0.6862127309298238
TCL,2026-03-02,80.43,276049,77.13520062164002,70.23428985381454,371600.75,0.71463402222155
TCL,2026-03-03,82.37,286167,77.34048687177179,70.35504318860247,378085.1,1.1731345374079922
TCL,2026-03-04,82.57,153241,77.54556581797681,70.47658504742233,377577.8,1.5101164353631866
TCL,2026-03-05,83.05,1573804,77.76142598197771,70.60169365391565,441037.95,1.8570545625678485
TCL,2026-03-06,83.85,178712,78.0001935905276,70.73351759765778,408448.65,2.284286294147223
TCL,2026-03-07,82.51,227916,78.17704874384025,70.85069652703433,404257.55,2.3840455274439702
TCL,2026-03-08,83.62,250331,78.39049781270926,70.97775427303398,399386.5,2.5971398310834943
TCL,2026-03-09,85.09,362486,78.65322338868145,71.11817462852618,407916.1,2.9914760083935024
TCL,2026-03-10,83.47,1601696,78.84211658912531,71.24107836356572,480369.35,2.9810469296383264
TCL,2026-03-11,83.43,324644,79.0220335856302,71.36236116591832,480766.45,2.9007775577529755
TCL,2026-03-12,82.57,444387,79.16116952344862,71.47387996028729,490982.2,2.633579542902425
TCL,2026-03-13,82.19,445744,79.27994718919574,71.58050802038395,436670.4,2.301188327752252
TCL,2026-03-14,81.39,268263,79.36269435824688,71.67811490575326,442463.7,1.997390227217315
TCL,2026-03-15,82.19,311456,79.47356908929602,71.78271077733781,437952.65,1.6968278824443037
TCL,2026-03-16,81.49,294429,79.55264481128441,71.87930071985186,438892.15,1.4840868821027486
TCL,2026-03-17,81.26,435522,79.61959991672424,71.97264101119661,441852.2,1.6068421696746755
TCL,2026-03-18,81.56,414639,79.69569403763703,72.06803761805038,445423.85,1.677293124435251
TCL,2026-03-19,82.54,163376,79.80723544792576,72.17223624871654,435708.1,1.6708340024488662
TCL,2026-03-20,82.35,303893,79.90695170486985,72.27350752982385,431576.05,1.5913647470786727
TCL,2026-03-21,81.7,241921,79.97726732428673,72.36730347480074,427933.8,1.6273600360142129
TCL,2026-03-22,81.17,224194,80.02404115470686,72.45489249495198,425341.05,1.6291272186383838
TCL,2026-03-23,80.22,321945,80.03172581530659,72.532157246246,427129.95,1.3365950774642832
TCL,2026-03-24,79.87,185099,80.02538362647103,72.60517060697987,428722.85,1.4126790949389418
TCL,2026-03-25,80.54,227856,80.04556466072707,72.68412413327857,361425.45,1.271451104876089
TCL,2026-03-26,81.26,236200,80.09318957599268,72.7694562314549,364299.85,1.1867946140957357
TCL,2026-03-27,81.73,327996,80.1573782200714,72.85861587094291,369303.85,1.1481179654722096
TCL,2026-03-28,82.22,253831,80.23826534869605,72.95176397172956,369478.85,1.1969921093694837
TCL,2026-03-29,81.43,189134,80.28500004090404,73.0361245292248,360811.25,1.1520345118468462
TCL,2026-03-30,80.24,280588,80.28323533341761,73.10780488216783,294755.85,1.237465783743832
TCL,2026-03-31,79.59,163159,80.2560496340679,73.17230433607662,286681.6,1.4135482592827613
TCL,2026-04-01,79.9,276447,80.24208690332016,73.2392465814888,278284.6,1.4894712905179948
TCL,2026-04-02,79.9,155304,80.22867173064094,73.30552273490683,263762.6,1.4074532764100187
TCL,2026-04-03,80.29,372400,80.23107676081189,73.37502002112667,268969.45,1.2666972716574874
TCL,2026-04-04,79.43,336127,80.19966198587808,73.43526857813039,270203.0,1.2889880710290738
TCL,2026-04-05,79.75,321580,80.18202818251031,73.4981017266067,271560.55,1.2976750660028729
TCL,2026-04-06,79.52,394178,80.15606629300011,73.55802111241161,269493.35,1.3489451006686148
TCL,2026-04-07,80.21,379746,80.15818134033344,73.62420995706422,267748.7,1.332391110534385
TCL,2026-04-08,80.71,161002,80.17982128777136,73.69471533062578,267630.0,1.3365724163614578
TCL,2026-04-09,80.58,273472,80.19551457060386,73.76322562584345,266108.95,1.2915343545618367
TCL,2026-04-10,82.22,292429,80.27490615607037,73.84737263454153,268634.35,1.3904849833829442
TCL,2026-04-11,82.28,412986,80.35353728720486,73.93127937449636,278073.95,1.4040115701138185
TCL,2026-04-12,83.49,241016,80.47653582496154,74.02639102251132,274027.5,1.8343403536338432
TCL,2026-04-13,83.11,392509,80.57980892986502,74.11677519144156,284398.0,2.0860308543445027
TCL,2026-04-14,83.2,225331,80.68256152085071,74.20715553779539,284271.75,2.225662051151666
TCL,2026-04-15,83.47,289840,80.79187283375853,74.29932314438449,286953.75,2.3644098768903583
TCL,2026-04-16,83.51,239383,80.8984660559641,74.39097167031102,282523.1,2.4370037956479784
TCL,2026-04-17,82.18,212429,80.94872228906354,74.46847443976066,280453.0,2.384423007128925
TCL,2026-04-18,82.44,276734,81.0072037679238,74.54779310205159,284833.0,2.1878789781611805
TCL,2026-04-19,82.34,293129,81.05947028682876,74.6253274990461,285460.05,1.9831443564360711
TCL,2026-04-20,83.26,251534,81.14576556969821,74.71124463835906,289878.8,1.6892919057581064
TCL,2026-04-21,83.57,166674,81.2408335865728,74.79939145787789,284390.15,1.4733685333844875
TCL,2026-04-22,83.28,170211,81.32080089690328,74.88377562247612,285135.5,1.2463889048770178
TCL,2026-04-23,83.52,270758,81.40704399898551,74.96970820334701,280053.4,0.8384421877509216
TCL,2026-04-24,84.13,326238,81.5138265872606,75.06085538540326,279558.95,0.8830211626168081
TCL,2026-04-25,82.7,231993,81.56034319168175,75.13686677460322,275079.6,0.827595816306248
TCL,2026-04-26,82.56,169102,81.59954541945893,75.21072879674648,263825.8,0.8466181106481749
TCL,2026-04-27,81.33,340832,81.5889750108527,75.27161706742562,261880.1,1.101855889443644
TCL,2026-04-28,80.22,272250,81.53528971630946,75.32085470854578,267442.5,1.5483566705134804
TCL,2026-04-29,81.82,188967,81.5464548254738,75.38552282089856,263217.25,1.5569618555966351
TCL,2026-04-30,81.6,239979,81.54855463623954,75.44735841472047,260594.75,1.5590078998744077
TCL,2026-05-01,80.41,154650,81.50390543481839,75.49673793298197,247677.95,1.7685815698557497
TCL,2026-05-02,81.87,346652,81.51826208443336,75.56015347593738,252959.75,1.7794058846144276
TCL,2026-05-03,82.48,343574,81.55597729680852,75.62900767020668,250513.0,1.7804366130165057
TCL,2026-05-04,82.71,324658,81.60123308909054,75.699465305329,255479.35,1.744500148820118
TCL,2026-05-05,84.2,257129,81.70314551696934,75.78404774010185,253843.8,1.8395722224313782
TCL,2026-05-06,84.62,347784,81.81753196728427,75.87196766308593,259263.85,2.026400919565492
TCL,2026-05-07,84.17,224070,81.90978561562606,75.95453514902538,259845.9,2.101675940349619
TCL,2026-05-08,84.94,1130001,82.02861755226817,76.04394275948285,302509.25,2.232289916035432
TCL,2026-05-09,85.07,607131,82.14788745217922,76.13375427431387,318209.35,2.4521406884693007
TCL,2026-05-10,86.18,394393,82.30600951287808,76.23371691835055,325352.3,2.8152666611937818
TCL,2026-05-11,88.12,197101,82.53400913982404,76.35198839179981,326873.65,3.3873245666429943
TCL,2026-05-12,88.77,375783,82.77855780100741,76.47555069635901,337152.25,3.6932061921892547
TCL,2026-05-13,89.4,243593,83.0382222009679,76.60415218196738,335794.0,4.119943054125143
TCL,2026-05-14,89.58,398582,83.29476250681229,76.73326509557964,339411.2,4.346692376438432
TCL,2026-05-15,89.88,402918,83.5530071143883,76.86407837821069,347957.45,4.203606722568788
TCL,2026-05-16,89.24,242136,83.7760264432358,76.98722187693497,351609.15,4.0286249119671504
TCL,2026-05-17,87.73,329914,83.93108422977558,77.09411519159234,351063.25,3.6833156087457564
TCL,2026-05-18,88.25,447064,84.10045347566674,77.20511902053173,359803.95,3.2767129779039665
TCL,2026-05-19,88.06,192271,84.25572980995432,77.3131277864966,359969.15,3.0306766054492016
TCL,2026-05-20,88.13,178345,84.40766197426983,77.4207583557852,356887.45,2.78419371010506
TCL,2026-05-21,87.28,200692,84.52030268116121,77.51886026269281,359189.55,2.351069811436011
TCL,2026-05-22,86.63,380612,84.60303590935096,77.60951836953168,360887.55,2.062448001343496
TCL,2026-05-23,86.46,408760,84.67585803055289,77.69758286336719,364146.85,1.7729718718146084
TCL,2026-05-24,87.64,424017,84.79209889209983,77.79651238711479,369114.8,1.5825544884127276
TCL,2026-05-25,87.96,261097,84.91633030809592,77.89764161709375,369313.2,1.585713561777177
TCL,2026-05-26,88.05,376243,85.03921931562158,77.99866010846596,370736.15,1.5682725237646882
TCL,2026-05-27,89.18,244240,85.20160287187171,78.10991722181456,371744.65,1.5404864455797866
TCL,2026-05-28,89.36,314520,85.36467726905322,78.22185834398556,330970.6,1.507253752236307
TCL,2026-05-29,87.93,375497,85.4652781604629,78.31845676842352,319388.9,1.3050388398934372
TCL,2026-05-30,89.1,466946,85.6078162718173,78.42573580555363,323016.55,1.2829021443944764
TCL,2026-05-31,90.76,298338,85.80986269253034,78.5484648025133,328078.4,1.690009306497458
TCL,2026-06-01,92.35,206125,86.0663386653723,78.68579351094601,319595.5,2.372701808831117
TCL,2026-06-02,93.22,225815,86.34687440398515,78.83041248098635,318706.6,3.022739574123306
TCL,2026-06-03,92.97,211140,86.60660481951514,78.97110489411087,309334.5,3.4172438648525336
TCL,2026-06-04,91.38,433011,86.79379678737729,79.0945764872043,310839.15,3.412494113025362
TCL,2026-06-05,91.31,164724,86.97090279571543,79.21612298981918,306968.55,3.242977302683216
TCL,2026-06-06,91.77,192377,87.15910268607954,79.34103718892547,300091.7,2.9744804699204743
TCL,2026-06-07,93.02,190335,87.38894179642935,79.47714627162273,287255.25,2.950908502311668
TCL,2026-06-08,94.8,429464,87.67957152990272,79.62961247787524,299114.9,3.159593710841123
TCL,2026-06-09,94.85,345884,87.96076480323987,79.78105911988644,307491.85,3.2045056706785537
TCL,2026-06-10,94.12,193544,88.20230343840693,79.92373514854428,307134.45,3.178288986093831
TCL,2026-06-11,94.51,192101,88.44966408788116,80.06887211224036,297708.9,3.129334290931559
TCL,2026-06-12,94.42,337384,88.68379490796426,80.21166940465588,294140.1,2.6004448055703397
TCL,2026-06-13,95.13,209152,88.93658726451469,80.36011050510706,283396.85,2.2305669030082544
TCL,2026-06-14,94.77,216580,89.16534854825922,80.50349249013087,281171.0,2.0473546319618565
TCL,2026-06-15,94.3,211527,89.36670742871965,80.64077117182111,272935.2,2.0111808692943773
TCL,2026-06-16,93.62,328940,89.53350321582869,80.76991772732538,277170.2,2.0040623921009226
TCL,2026-06-17,93.07,354368,89.67218936422758,80.89230660566045,279162.6,1.9986635988388306
TCL,2026-06-18,92.04,313383,89.76504468327748,81.0032289279922,276056.9,1.883227334209121
TCL,2026-06-19,90.49,400258,89.7934743035411,81.09762466005198,272722.5,2.081245433616555
TCL,2026-06-20,91.02,442438,89.84157335046106,81.19635476293703,279927.5,2.2150706336576764
TCL,2026-06-21,90.11,157561,89.8520998857371,81.2850477503705,277499.3,2.6142786547382606
TCL,2026-06-22,91.58,642330,89.91986067453173,81.38748508618771,298325.05,2.62915879351993
TCL,2026-06-23,91.6,339473,89.98574849121677,81.48910215000674,304741.7,2.5868698468226676
TCL,2026-06-24,91.07,233416,90.02826815822789,81.58443446692209,294761.95,2.6291587935199345
TCL,2026-06-25,91.91,201488,90.10206156378759,81.68717641252486,296600.15,2.5229753334053373
TCL,2026-06-26,90.73,261493,90.1266866005018,81.77715475667884,300055.95,2.47247573572341
TCL,2026-06-27,89.88,195887,90.11701261616841,81.85778008248303,300333.55,2.3024311386785126
TCL,2026-06-28,90.04,252221,90.11399251357358,81.93919520604042,291471.4,2.0371084872965888
TCL,2026-06-29,90.33,673560,90.12246339539423,82.0226858010052,307855.2,1.6970916055379095
TCL,2026-06-30,90.85,407185,90.15099424263367,82.1105197731345,318537.25,1.356508122245903
TCL,2026-07-01,90.73,156088,90.17370035076569,82.19628574554112,316736.6,1.0416710476121525
TCL,2026-07-02,90.74,335900,90.19590818014743,82.28129782767503,316662.4,0.9146662154683065
TCL,2026-07-03,88.93,272827,90.14626472210243,82.34745406819567,319846.15,1.1791946404240599
TCL,2026-07-04,87.85,383828,90.05621512515724,82.40220576900964,328208.55,1.6224725484070637
TCL,2026-07-05,87.71,178920,89.96420668887656,82.45501964195482,326578.2,1.960499943248501
TCL,2026-07-06,88.2,433156,89.89502211284218,82.51218362561697,331789.0,2.03988515756373
TCL,2026-07-07,87.89,357417,89.81639379469152,82.56569423630737,331941.45,2.0906305899754547
TCL,2026-07-08,87.08,158226,89.7090842341154,82.61061270161774,324183.6,2.2675352414975687
TCL,2026-07-09,87.94,254434,89.63970838179715,82.66364143095488,316892.4,2.0856799824076226
TCL,2026-07-10,86.72,315584,89.52521001388354,82.7040032077613,310549.7,2.195568244802992
TCL,2026-07-11,86.52,156160,89.40735864079006,82.74197332509702,310479.65,2.349297095018895
TCL,2026-07-12,87.47,404935,89.33138379213165,82.78901836663835,298609.9,2.317640425704991
TCL,2026-07-13,88.37,358538,89.29368246695002,82.84455052219418,299563.15,2.178378770080844
TCL,2026-07-14,88.01,342403,89.24334197805003,82.89594802943603,305012.5,1.8949725272746676
TCL,2026-07-15,87.33,347494,89.16830895930296,82.94006794954115,312312.8,1.5547863002886566
TCL,2026-07-16,87.33,634258,89.09621841187932,82.98374886546611,330951.05,0.9733242149856163
TCL,2026-07-17,88.87,199300,89.08734710160954,83.0423185284963,331121.7,0.9600650304235645
TCL,2026-07-18,88.61,442703,89.06862760742877,83.09771834413314,340645.8,1.0313091141921662
TCL,2026-07-19,89.3,431139,89.07770103458843,83.15943258946515,328524.75,1.2106096910981137
TCL,2026-07-20,89.89,192071,89.10955589597712,83.22640340947049,317769.05,1.4629443534610376
TCL,2026-07-21,90.01,443806,89.14486742946822,83.2939018830081,332154.95,1.6783674121998842
TCL,2026-07-22,88.01,189214,89.10036282439104,83.34082823243091,324820.65,1.6206195396553018
TOTL,2025-11-13,28.95,156983,28.95,28.95,156983.0,0.2121320343559654
TOTL,2025-11-14,29.15,210721,28.957843137254905,28.951990049751245,183852.0,0.2121320343559654
TOTL,2025-11-15,28.9,140509,28.955574778931183,28.951472735823373,169404.33333333334,0.1984313483298436
TOTL,2025-11-16,29.38,288234,28.97221890524761,28.955736688700753,199111.75,0.3278337993557107
TOTL,2025-11-17,29.19,187166,28.980759340335936,28.958067666922638,196722.6,0.29097680319915614
TOTL,2025-11-18,29.49,181726,29.000729562283546,28.963360525958233,194223.16666666666,0.34749100707788094
TOTL,2025-11-19,29.55,369872,29.0222695794489,28.969197734655168,219315.85714285713,0.38134629931336705
TOTL,2025-11-20,29.65,232317,29.0468864586862,28.97597188654915,220941.0,0.4174476015022722
TOTL,2025-11-21,29.06,207582,29.047400715208312,28.976807987180504,219456.66666666666,0.4060249376577747
TOTL,2025-11-22,29.0,273323,29.045541863631517,28.977038753477217,224843.3,0.40185818394055345
TOTL,2025-11-23,29.37,231118,29.058265712116558,28.980948815631674,225413.72727272726,0.3863112263918348
TOTL,2025-11-24,29.55,348355,29.077549409680618,28.986611016471162,235658.83333333334,0.39136126068331856
TOTL,2025-11-25,28.99,311686,29.074116099497065,28.986644737700306,241507.07692307694,0.39238913181844237
TOTL,2025-11-26,29.03,319975,29.072386056379532,28.98707613334508,247111.92857142858,0.387034371077821
TOTL,2025-11-27,28.52,133674,29.050723858090137,28.982428609630205,239549.4,0.47075882745454023
TOTL,2025-11-28,28.27,230693,29.02010723620425,28.97533976774334,238995.875,0.6016265726902634
TOTL,2025-11-29,28.14,203923,28.98559322694134,28.967027929258332,236932.76470588235,0.719537110819277
TOTL,2025-11-30,27.91,159433,28.943413100394622,28.956510238419945,232627.22222222222,0.8455244162420953
TOTL,2025-12-01,27.51,1172636,28.887200821947776,28.94211710171925,282101.36842105264,1.0229313083186267
TOTL,2025-12-02,27.77,342895,28.843389025008648,28.93045424498573,285141.05,1.0708656763120632
TOTL,2025-12-03,27.5,683256,28.79070710245929,28.916220869413735,311454.7,1.1159476458829254
TOTL,2025-12-04,27.12,190670,28.72518917687265,28.898348024941956,310452.15,1.1603298602618908
TOTL,2025-12-05,26.83,273741,28.650868032681565,28.87776744757935,317113.75,1.2821199070461198
TOTL,2025-12-06,27.13,155643,28.591226149046992,28.86037672670792,310484.2,1.3117983210710518
TOTL,2025-12-07,26.91,308229,28.525295711829465,28.84096999310884,316537.35,1.275357739082394
TOTL,2025-12-08,26.9,240927,28.461558625091055,28.82165685884905,319497.4,1.131193391516668
TOTL,2025-12-09,26.73,224816,28.393654365283563,28.800844352790854,312244.6,1.0639913579959681
TOTL,2025-12-10,26.45,187007,28.31743262546852,28.777452866693434,309979.1,0.9573209097140943
TOTL,2025-12-11,26.65,276147,28.252043110744268,28.756284181452706,313407.35,0.8704261934487938
TOTL,2025-12-12,26.46,225302,28.181766910322924,28.733435582632282,311006.3,0.8120403179781024
TOTL,2025-12-13,26.84,298912,28.12914860011418,28.714595427581216,314396.0,0.6947112808471331
TOTL,2025-12-14,27.2,214759,28.092711400109703,28.69952482631175,307716.2,0.5936782345293175
TOTL,2025-12-15,27.41,270176,28.06593840402697,28.686693733512634,305640.7,0.5800061576027825
TOTL,2025-12-16,27.23,209358,28.033156505829833,28.67219926850256,300109.85,0.48785806799262466
TOTL,2025-12-17,27.08,316890,27.995777819326705,28.656356489711488,309270.65,0.43245466001308824
TOTL,2025-12-18,27.18,266593,27.963786532294286,28.641666375386002,311065.65,0.437790405971216
TOTL,2025-12-19,27.26,336740,27.93618706043961,28.627918451252807,317706.5,0.4546477020364611
TOTL,2025-12-20,27.1,217273,27.903395411010607,28.612715282583626,320598.5,0.4528535896140998
TOTL,2025-12-21,27.53,362880,27.888752453716073,28.60194199618976,280110.7,0.5066925721158378
TOTL,2025-12-22,27.71,264443,27.881742553570344,28.59306695145155,276188.1,0.5777049372348256
TOTL,2025-12-23,27.88,292163,27.881674218136215,28.58597175790477,256633.45,0.6443652639664783
TOTL,2025-12-24,28.03,218760,27.887490915464205,28.580439700612185,258037.95,0.6620086815937434
TOTL,2025-12-25,27.99,245896,27.89151087956365,28.574564678715547,256645.7,0.6682353339493878
TOTL,2025-12-26,28.08,259438,27.89890260977684,28.569643637136288,261835.45,0.6076449765960413
TOTL,2025-12-27,27.56,230948,27.885612311354222,28.559597431791648,257971.4,0.5446094477232615
TOTL,2025-12-28,27.22,331968,27.859509867771703,28.54626810411213,262523.45,0.5426491793674042
TOTL,2025-12-29,26.83,240584,27.819136931780655,28.529190809543852,263311.85,0.608547631480236
TOTL,2025-12-30,26.91,134922,27.783484503083375,28.51307945820511,260707.6,0.6435551155986348
TOTL,2025-12-31,27.16,372478,27.75903413041344,28.49961598100904,265524.15,0.6362601064634716
TOTL,2026-01-01,26.87,230402,27.724170046867815,28.483400896620893,265779.15,0.6710571658064646
TOTL,2026-01-02,26.6,352348,27.680084946990647,28.46466058919183,268450.95,0.7489715476043558
TOTL,2026-01-03,26.33,235889,27.627140439265524,28.443420185319276,269507.45,0.8565818218841694
TOTL,2026-01-04,26.32,368155,27.575880029882562,28.422291626261377,274406.4,0.9421562392304494
TOTL,2026-01-05,26.14,187597,27.519571009102854,28.399582256845843,273318.35,1.0165739163841017
TOTL,2026-01-06,26.35,202493,27.473705479334118,28.379188403543893,267598.5,1.0080724316598038
TOTL,2026-01-07,26.46,234158,27.4339523232818,28.36009200151858,265976.75,0.9315194960002459
TOTL,2026-01-08,26.65,230286,27.403209094917813,28.34307616070745,260654.05,0.8111743623622645
TOTL,2026-01-09,26.63,200735,27.372887169626917,28.326030626770066,259827.15,0.6028951442373993
TOTL,2026-01-10,26.85,274632,27.352381790425863,28.311343754861905,255414.75,0.4870058780699721
TOTL,2026-01-11,26.93,187733,27.335817798644456,28.29759904088318,251579.25,0.44164356494974283
TOTL,2026-01-12,26.48,204394,27.302256316344675,28.279513478287328,247190.8,0.4385465504630681
TOTL,2026-01-13,26.55,351333,27.272756068644885,28.262304388951137,253819.45,0.42072935102410713
TOTL,2026-01-14,26.48,209480,27.241667595364696,28.244570016921774,251998.65,0.34375432065213735
TOTL,2026-01-15,25.95,247811,27.191013964173926,28.221738474464843,251417.3,0.38848819405878576
TOTL,2026-01-16,25.98,207870,27.143523220480834,28.19943261899753,250263.4,0.4323746086413749
TOTL,2026-01-17,26.07,261760,27.101424270658057,28.178244234728897,246753.0,0.4553310593692832
TOTL,2026-01-18,25.84,307255,27.05195665220088,28.154978122940552,250086.55,0.510387700082579
TOTL,2026-01-19,26.06,302216,27.01305639133026,28.134132569478457,258451.25,0.5179280360720312
TOTL,2026-01-20,26.13,368342,26.97842672892515,28.11419095187171,258244.45,0.5273471863440973
TOTL,2026-01-21,25.6,253045,26.924370778771223,28.089174126479953,259376.6,0.6063129428070678
TOTL,2026-01-22,25.96,131404,26.88655231685863,28.067988314276175,248329.4,0.6004459194613496
TOTL,2026-01-23,25.5,347129,26.832177716197506,28.042436191746066,253891.4,0.6460590589816797
TOTL,2026-01-24,25.77,154191,26.790523688111332,28.01982488635556,243193.2,0.5921436193475814
TOTL,2026-01-25,25.33,862590,26.733248249361868,27.993060459625656,276942.85,0.5462730871224366
TOTL,2026-01-26,25.1,211628,26.6691992984065,27.9642737883856,277399.6,0.6041109169680638
TOTL,2026-01-27,25.01,178104,26.604132659253306,27.934878029297188,274596.9,0.623649309739425
TOTL,2026-01-28,24.94,137074,26.53887255496886,27.905078247911145,269936.3,0.6257825869691892
TOTL,2026-01-29,25.04,188947,26.48009323908773,27.8765700066384,269346.9,0.6582866747503356
TOTL,2026-01-30,24.81,158999,26.414599386574487,27.84605687224399,263565.25,0.7052787618155989
TOTL,2026-01-31,24.86,187123,26.35363470474804,27.81634486356495,263534.75,0.7062325559452355
TOTL,2026-02-01,24.62,272008,26.28564903005204,27.784540437061818,266915.45,0.7501425688670094
TOTL,2026-02-02,24.81,191237,26.227780440638234,27.754943019777624,258910.65,0.7080708197026018
TOTL,2026-02-03,25.25,166517,26.189436109632815,27.730018213610684,256762.5,0.5977664470968225
TOTL,2026-02-04,25.8,260761,26.17416410533349,27.710814052281226,257410.0,0.6264460195297334
TOTL,2026-02-05,25.53,343434,26.14890276786943,27.68911440996997,264188.2,0.5559025183340544
TOTL,2026-02-06,24.9,313350,26.099926188737296,27.661362027781216,266767.7,0.5460750310721746
TOTL,2026-02-07,24.65,572492,26.043066338198578,27.631398226509763,280029.55,0.5002901630581904
TOTL,2026-02-08,24.19,249412,25.97039707003393,27.59715545808678,277389.35,0.589281668317821
TOTL,2026-02-09,23.85,145794,25.887244243758087,27.5598703291506,266261.95,0.7348166400576079
TOTL,2026-02-10,23.58,203121,25.796764077336203,27.520269629358058,263765.75,0.8956163848385522
TOTL,2026-02-11,23.8,283798,25.718459603715175,27.483252021105738,271385.45,0.9722745084492843
TOTL,2026-02-12,23.42,327214,25.628323932981246,27.442821652736527,270389.7,1.0826027474523137
TOTL,2026-02-13,23.19,488472,25.532703386589827,27.400505019375966,287103.75,1.209474104679472
TOTL,2026-02-14,23.06,545001,25.435734626331403,27.35731591470556,271224.3,1.3171014316744154
TOTL,2026-02-15,23.03,359079,25.341392091965467,27.314258044907497,278596.85,1.408057464798915
TOTL,2026-02-16,23.13,562544,25.254670833457016,27.27262363650046,297818.85,1.4464741140571782
TOTL,2026-02-17,22.81,248241,25.15880138900772,27.2282194212119,303377.2,1.441041862109426
TOTL,2026-02-18,22.96,1061190,25.072573883556437,27.18574957622472,346989.35,1.2364818488912548
TOTL,2026-02-19,22.88,369200,24.986590594005207,27.142906296859298,357499.4,0.999243188893296
TOTL,2026-02-20,22.44,330474,24.88672429620108,27.096111209328363,364666.95,0.89793237771297
TOTL,2026-02-21,22.92,346277,24.809597853212804,27.05455786396191,368380.4,0.7159846827511696
TOTL,2026-02-22,22.93,144877,24.73588813347897,27.01351748720607,366062.4,0.5918805010073948
TOTL,2026-02-23,22.9,209973,24.663892520401365,26.972586964945314,368235.2,0.5126655454959955
TOTL,2026-02-24,22.74,311826,24.588445754895428,26.93047167176178,370788.45,0.478944151232952
TOTL,2026-02-25,22.27,321221,24.497526313526983,26.88409881930644,369677.8,0.4357241036547789
TOTL,2026-02-26,22.24,313327,24.408995869859258,26.83788888080588,369676.65,0.45118525227273054
TOTL,2026-02-27,22.0,1221728,24.314525443590266,26.78975068298692,402138.45,0.5285192096275598
TOTL,2026-02-28,22.05,327997,24.225720524233786,26.742588984648744,406067.7,0.5745882424414397
TOTL,2026-03-01,22.11,261907,24.142751091910892,26.69649357186617,411873.35,0.591366456365753
TOTL,2026-03-02,21.76,288568,24.049309872620267,26.64737423284263,416145.7,0.6319328669660743
TOTL,2026-03-03,21.93,154831,23.96619968153712,26.600435185749667,409697.35,0.6554258954267265
TOTL,2026-03-04,21.51,177850,23.86987812539841,26.54978408937405,402229.15,0.7109214729206558
TOTL,2026-03-05,21.38,261442,23.772235845971025,26.498343451668838,390877.65,0.7639796038934438
TOTL,2026-03-06,21.48,363592,23.68234424416824,26.44840968598059,381807.2,0.8130467729137183
TOTL,2026-03-07,21.61,162242,23.601075842436156,26.400266306020583,371965.35,0.7691347536232762
TOTL,2026-03-08,21.51,244087,23.519072868222974,26.351606939791523,356042.5,0.7003226297319449
TOTL,2026-03-09,21.4,222082,23.435971971429918,26.30233721899758,354734.55,0.6048441130566596
TOTL,2026-03-10,21.38,237074,23.35534561960914,26.253358739206558,313528.75,0.4971270483470114
TOTL,2026-03-11,21.44,164578,23.28023402668329,26.205464622398534,303297.65,0.4594771275805233
TOTL,2026-03-12,21.4,137333,23.20649935897022,26.15764905401646,293640.6,0.4092723373919529
TOTL,2026-03-13,21.58,142510,23.142715070383154,26.11210030721033,283452.25,0.3788342442491376
TOTL,2026-03-14,21.84,367226,23.09162820487793,26.06959184644207,294569.7,0.34441003067739145
TOTL,2026-03-15,22.13,285458,23.05391729488272,26.030391927572,298343.95,0.3496397282358966
TOTL,2026-03-16,21.64,251796,22.998469557828496,25.986706435755366,295342.45,0.34317301726775223
TOTL,2026-03-17,21.46,346862,22.93813741830581,25.941664580673223,296624.5,0.31241878065496065
TOTL,2026-03-18,21.27,192601,22.872720264646762,25.895180355989908,290588.2,0.33247820716882875
TOTL,2026-03-19,21.39,226553,22.81457437191552,25.85035269075618,240829.45,0.33168339365547644
TOTL,2026-03-20,21.39,192404,22.758708710271776,25.805971071942686,234049.8,0.3363303909380966
TOTL,2026-03-21,21.2,258577,22.697582878496412,25.760140514012907,233883.3,0.3591421785255102
TOTL,2026-03-22,21.26,168824,22.64120707933969,25.71536299646054,227896.1,0.3719513438586418
TOTL,2026-03-23,21.62,320318,22.601159742894996,25.674613115898747,236170.45,0.3737749219893402
TOTL,2026-03-24,21.24,141762,22.547780929448134,25.630487612257966,234366.05,0.38558147896848416
TOTL,2026-03-25,21.23,319241,22.496103245940365,25.58670166586734,237256.0,0.3992432745935003
TOTL,2026-03-26,21.33,131684,22.45037370688388,25.54434642541095,225660.6,0.40249223595052047
TOTL,2026-03-27,21.16,149473,22.399770816417846,25.50072108784467,225022.15,0.41756160300983847
TOTL,2026-03-28,21.09,287340,22.348407254989695,25.456833315826316,227184.8,0.4011400306330519
TOTL,2026-03-29,21.2,223653,22.303371676362648,25.414476765420083,227263.35,0.24605346511028842
TOTL,2026-03-30,21.17,259355,22.258925728269997,25.372243165764164,228377.4,0.20972018249451363
TOTL,2026-03-31,21.39,189553,22.22485020951431,25.33261885565706,229626.15,0.20140577378705793
TOTL,2026-04-01,21.32,210144,22.189365887572574,25.29269229987938,233266.7,0.20191153813303125
TOTL,2026-04-02,21.12,287184,22.147429970412865,25.251172973512425,240500.4,0.2065693082753567
TOTL,2026-04-03,21.13,146485,22.10753075588687,25.210166277258573,229463.35,0.20578982129817186
TOTL,2026-04-04,20.96,152380,22.062529549773657,25.167876065544558,222809.45,0.23563335274014618
TOTL,2026-04-05,20.94,305451,22.018508783115866,25.12580764698193,225492.2,0.26202508058892243
TOTL,2026-04-06,21.0,297066,21.978567262209364,25.08475483457415,223002.4,0.20452437453935546
TOTL,2026-04-07,20.71,370563,21.92881952643645,25.041224935722667,231900.5,0.2698557306879286
TOTL,2026-04-08,20.95,157335,21.890434446968353,25.000516229894583,228439.6,0.27430857133563274
TOTL,2026-04-09,21.14,353953,21.861005645126458,24.96210313307971,236517.05,0.25738861882260256
TOTL,2026-04-10,20.9,252549,21.823319149239147,24.921684196432153,236215.65,0.2663489407567957
TOTL,2026-04-11,20.89,138564,21.786718398288595,24.88156793577114,234702.65,0.2760136164830051
TOTL,2026-04-12,20.8,241955,21.748023559140023,24.840955319494814,230784.5,0.2869065782025565
TOTL,2026-04-13,21.3,839334,21.7304540078012,24.805721933231187,265663.1,0.3022109462684461
TOTL,2026-04-14,21.04,130238,21.70337738004429,24.768252063248788,256212.95,0.26177962378513864
TOTL,2026-04-15,20.96,183760,21.674225325924905,24.730359007893078,258816.75,0.22640768441234632
TOTL,2026-04-16,20.82,289640,21.640726293535693,24.691449963038423,265825.1,0.22820248383156921
TOTL,2026-04-17,20.7,238069,21.603835066338217,24.65173404300819,263361.55,0.2398995325439674
TOTL,2026-04-18,20.69,212559,21.567998397070053,24.612313803774278,262806.85,0.2589687918753263
TOTL,2026-04-19,20.71,154062,21.534351401106523,24.5734848107019,257542.2,0.2715636954010491
TOTL,2026-04-20,21.29,198787,21.524768993219993,24.540813320048148,258003.9,0.3118167255459536
TOTL,2026-04-21,20.82,318361,21.497130993485875,24.503790301938217,263414.75,0.301867129275105
TOTL,2026-04-22,20.54,243087,21.459596444721722,24.464349602416444,261209.9,0.33941125497032887
TOTL,2026-04-23,20.14,298498,21.407847564536556,24.421321248163544,268810.55,0.4391325114790595
TOTL,2026-04-24,20.3,137425,21.36440256200571,24.380313076540027,268062.8,0.48565351914702537
TOTL,2026-04-25,20.57,194411,21.33324952035843,24.34239951358938,262510.8,0.49067793425564565
TOTL,2026-04-26,20.21,248813,21.289200519560058,24.30128111046909,260098.15,0.5377023002896882
TOTL,2026-04-27,20.21,234372,21.246878930557703,24.260571845688307,253288.6,0.511370169788989
TOTL,2026-04-28,20.64,301817,21.223079756810343,24.22454625518395,260512.7,0.4818970069167251
TOTL,2026-04-29,20.73,274172,21.203743295758958,24.189774650654755,256523.65,0.4617383838987291
TOTL,2026-04-30,20.89,166541,21.191439637101745,24.156941072041278,252223.25,0.46837221039799315
TOTL,2026-05-01,21.17,164183,21.190598867019325,24.127220265354303,253504.2,0.5202679202024469
TOTL,2026-05-02,21.37,799168,21.19763420556759,24.09978523783834,281364.85,0.5979990674039133
TOTL,2026-05-03,21.36,164730,21.20400149162376,24.072523693183232,247634.65,0.6566046529916082
TOTL,2026-05-04,21.27,229495,21.20658966842283,24.044637885290864,252597.5,0.6537024729014594
TOTL,2026-05-05,21.69,209717,21.225546936327817,24.021208652601405,253895.35,0.7589963188899314
TOTL,2026-05-06,21.28,242209,21.227682350589472,23.993932944615324,251523.8,0.7742707487101923
TOTL,2026-05-07,21.34,307051,21.232086964291845,23.967525651634077,254972.9,0.7335377358327594
TOTL,2026-05-08,21.17,299774,21.22965218137844,23.939689575498416,259333.65,0.685405150097922
TOTL,2026-05-09,21.19,214559,21.228097193873406,23.912329480219825,262358.5,0.6639330861296743
TOTL,2026-05-10,21.18,155527,21.226211029407786,23.88514212220769,260195.5,0.5606193837240355
TOTL,2026-05-11,21.57,366500,21.23969294982317,23.862105882185723,262602.45,0.43536220237092516
TOTL,2026-05-12,21.55,214063,21.25186185375167,23.83909985350726,261151.25,0.380923545154742
TOTL,2026-05-13,21.58,351752,21.264730016349645,23.816621247999727,263813.95,0.32055347910689863
TOTL,2026-05-14,21.53,313398,21.27513276080652,23.793868797770877,272612.6,0.266953971833017
TOTL,2026-05-15,21.43,168279,21.281205985872933,23.770347715205993,271306.0,0.2523464063380087
TOTL,2026-05-16,21.94,240357,21.307041045250465,23.752135300129318,270883.2,0.33353254120767784
TOTL,2026-05-17,21.98,371383,21.333431592495547,23.734502113063353,277733.75,0.3963327772594161
TOTL,2026-05-18,21.7,276723,21.34780682416239,23.71425831094332,276479.05,0.3946526153640385
TOTL,2026-05-19,21.71,197535,21.362010478116808,23.694315442177714,272647.2,0.3963156209753284
TOTL,2026-05-20,21.48,301928,21.36663751819066,23.67228245270331,279416.55,0.38408607809331363
TOTL,2026-05-21,21.46,271031,21.370298791987103,23.650269691979894,284758.95,0.3770302185697754
TOTL,2026-05-22,21.53,201398,21.376561584458198,23.629172481114423,254870.45,0.34303609684222564
TOTL,2026-05-23,21.95,322149,21.399049365459838,23.61246429722274,262741.4,0.33667756936684473
TOTL,2026-05-24,22.21,215285,21.43085135112808,23.598509428593662,262030.9,0.3595395406894164
TOTL,2026-05-25,22.27,209682,21.463759141279922,23.585290429304173,262029.15,0.4238325918738878
TOTL,2026-05-26,21.73,1115850,21.474199959268944,23.566829828017564,305711.2,0.4161499359981208
TOTL,2026-05-27,21.74,269474,21.484623490278004,23.54865241679351,303832.35,0.40973121717796923
TOTL,2026-05-28,21.54,883132,21.48679511811024,23.528665825581633,333000.25,0.4087721160470865
TOTL,2026-05-29,21.24,225824,21.477116878184347,23.50589303129724,333563.5,0.44129492268966775
TOTL,2026-05-30,20.83,314049,21.45173974570653,23.4792672299908,341489.6,0.5649818872915395
TOTL,2026-05-31,20.76,275580,21.42461269685529,23.45220984461776,336943.6,0.6536012873745158
TOTL,2026-06-01,20.62,156616,21.39305925776293,23.424028652134,334071.25,0.7553749705638466
TOTL,2026-06-02,20.21,125606,21.346664777066344,23.392048267535657,322763.95,0.908711275003878
TOTL,2026-06-03,20.16,269222,21.3001289034559,23.359888583281574,320555.15,1.0335626665639503
TOTL,2026-06-04,20.23,138539,21.25816306410469,23.328745413298673,319068.15,1.1157033458964167
TOTL,2026-06-05,20.23,281775,21.217842943943722,23.29791212560416,321139.05,1.1725922255724859
TOTL,2026-06-06,20.27,335426,21.180672632416517,23.26778364674243,319341.2,1.1608432895346628
TOTL,2026-06-07,20.0,130169,21.134371744870773,23.23526838657584,312013.5,1.0995624129627755
TOTL,2026-06-08,20.0,209326,21.089886578405252,23.20307666133628,312603.05,0.9578418392467087
TOTL,2026-06-09,19.87,215572,21.04204788905603,23.169911719432438,308285.25,0.8940185852485196
TOTL,2026-06-10,20.21,205551,21.009418560073442,23.14045986152764,305011.25,0.7384057113173168
TOTL,2026-06-11,20.06,361130,20.972186459678404,23.10980851962189,312997.85,0.5780130089038491
TOTL,2026-06-12,19.84,140137,20.927786990671407,23.077273111466447,303897.25,0.45882689043381264
TOTL,2026-06-13,20.13,668694,20.896501226331353,23.04794701085484,326567.7,0.3809186769667337
TOTL,2026-06-14,20.13,172291,20.866442354710514,23.01891271223937,324698.15,0.288950355066155
TOTL,2026-06-15,19.96,251194,20.83089559570226,22.98847576982903,281465.35,0.2093750512560243
TOTL,2026-06-16,19.48,272551,20.777919297831584,22.953565563164066,281619.2,0.31604027598473594
TOTL,2026-06-17,19.95,230702,20.745451874387207,22.92367933865497,248997.7,0.3135248031629309
TOTL,2026-06-18,19.99,217497,20.71582631068575,22.894488499464376,248581.35,0.3009709562135012
TOTL,2026-06-19,20.42,339803,20.704225278894153,22.869866723350302,249869.05,0.3330893108635307
TOTL,2026-06-20,20.59,307553,20.699745856192422,22.847181482321943,251467.7,0.3935232863803991
TOTL,2026-06-21,20.45,227230,20.68995190104762,22.82332893025904,254998.4,0.4247300370778555
TOTL,2026-06-22,20.46,133154,20.68093417943791,22.799813219510195,255375.8,0.44957672400801896
TOTL,2026-06-23,20.18,189029,20.661289701812894,22.773745426281238,251366.15,0.4379612168595286
TOTL,2026-06-24,20.25,190099,20.645160693898664,22.74863353149237,253944.15,0.4394828691863243
TOTL,2026-06-25,20.34,129015,20.633193607863422,22.72466702869145,246306.15,0.4455064102109114
TOTL,2026-06-26,20.28,258574,20.61934287814329,22.700341983629844,242463.55,0.42616114813105077
TOTL,2026-06-27,19.69,350921,20.582898059392573,22.670388332051438,253501.15,0.47044884459967207
TOTL,2026-06-28,19.96,225017,20.558470684514432,22.643419293921575,254285.7,0.47690451045095306
TOTL,2026-06-29,19.51,321579,20.517354187082496,22.612240992489518,259586.05,0.53709037547616
TOTL,2026-06-30,19.46,298991,20.475889317000828,22.580875410474697,264258.05,0.5411994462856475
TOTL,2026-07-01,19.5,267706,20.43761914770668,22.550219933753556,259586.85,0.5918220143791949
TOTL,2026-07-02,19.52,134750,20.401634083090734,22.520068491626656,259317.5,0.6324022097886809
TOTL,2026-07-03,19.51,371247,20.366668040616588,22.490117561361714,244445.15,0.6437740713523712
TOTL,2026-07-04,19.63,151833,20.33777909784731,22.461658680154137,243422.25,0.5994805443694387
TOTL,2026-07-05,19.64,175541,20.31041521165722,22.43358247438146,239639.6,0.5598337910727887
TOTL,2026-07-06,19.86,261506,20.2927518700236,22.40797468856672,239087.35,0.49499875124774
TOTL,2026-07-07,19.74,367871,20.271075326101105,22.381427676740188,245945.8,0.4686954363853689
TOTL,2026-07-08,19.96,300972,20.258876293704983,22.35733386901143,250119.55,0.4310401424417042
TOTL,2026-07-09,20.06,240231,20.25107722336361,22.33447482553868,245140.95,0.37670053982421864
TOTL,2026-07-10,20.23,177491,20.250250665584645,22.313534777523373,238637.85,0.3645675218975756
TOTL,2026-07-11,20.37,185904,20.254946717914656,22.294196123020654,236571.55,0.44381045478985637
TOTL,2026-07-12,20.47,367084,20.263380179957217,22.276044917816467,248268.05,0.5197770020582761
TOTL,2026-07-13,20.55,367972,20.27462017290007,22.258870341519785,257215.2,0.5769843923465722
TOTL,2026-07-14,20.66,249849,20.289733107296147,22.24296118389272,260202.7,0.6201107664263805
TOTL,2026-07-15,20.78,165536,20.3089592599512,22.228404356192296,262028.75,0.6601573239071414
TOTL,2026-07-16,20.57,152178,20.31919615171782,22.21190282030979,256708.95,0.6427218264182318
TOTL,2026-07-17,20.88,204915,20.34118845949359,22.198650055928596,249408.65,0.6431169804553332
TOTL,2026-07-18,20.92,250008,20.363886951278158,22.185927169799953,250658.2,0.6382631179167693
TOTL,2026-07-19,21.34,131800,20.40216589436529,22.1775099840308,241169.25,0.6803405942440468
TOTL,2026-07-20,21.5,186666,20.445218212233318,22.17076859115487,235553.0,0.746011095725502
TOTL,2026-07-21,21.53,172639,20.48775867449868,22.164392784277712,230799.65,0.7449721581938582
TOTL,2026-07-22,21.74,308763,20.536866177459515,22.160169970503805,239500.3,0.7793308626039909
UMME,2025-11-13,129.47,2640860,129.47,129.47,2640860.0,1.1667261889578124
UMME,2025-11-14,130.57,860113,129.51313725490195,129.48094527363185,1750486.5,1.1667261889578124
UMME,2025-11-15,128.8,794848,129.48517108804305,129.47416969876983,1431940.3333333333,1.3404943118118569
UMME,2025-11-16,126.26,1124662,129.35869379047273,129.44218791072237,1355120.75,2.7428406807541426
UMME,2025-11-17,124.27,814544,129.1591371712385,129.39072335439675,1247005.4,3.843844754929602
UMME,2025-11-18,120.71,715092,128.82779845864093,129.3043479976366,1158353.1666666667,5.573706127882933
UMME,2025-11-19,117.2,4026072,128.37180636222365,129.1839067240283,1568027.2857142857,7.401041432508937
UMME,2025-11-20,117.14,880894,127.93134336762665,129.06406685612754,1482135.625,8.111459156209612
UMME,2025-11-21,116.11,1056054,127.46776127477855,128.93517066850438,1434793.2222222222,8.622677223461377
UMME,2025-11-22,120.47,666959,127.19333926400292,128.85094011458892,1358009.8,8.246863039968567
UMME,2025-11-23,121.17,976104,126.95712988110084,128.77451284976715,1323291.0909090908,7.872203399534084
UMME,2025-11-24,121.8,696385,126.7548894936067,128.70511471195852,1271048.9166666667,7.521630059368757
UMME,2025-11-25,119.84,1376849,126.48371735660253,128.6169046153221,1279187.3846153845,7.30811397062826
UMME,2025-11-26,122.05,660465,126.30984608771615,128.5515622808413,1234992.9285714286,7.0248796086825
UMME,2025-11-27,124.21,1487958,126.22749918231553,128.50836265615632,1251857.2666666666,6.420015405137082
UMME,2025-11-28,122.52,902360,126.08210705751884,128.44877695808512,1230013.6875,5.316780105177647
UMME,2025-11-29,118.75,1212249,125.79457344742006,128.3522717147211,1228968.705882353,4.414779311995779
UMME,2025-11-30,121.45,1335001,125.62419801810948,128.28359239417662,1234859.388888889,3.777867824871234
UMME,2025-12-01,121.93,1226784,125.47932750759539,128.22037256935894,1234434.3684210526,3.4840370080735177
UMME,2025-12-02,120.05,857139,125.26641270337596,128.13907532986283,1215569.6,3.483334360814399
UMME,2025-12-03,119.85,809585,125.0540043620671,128.05659696837165,1124005.85,3.22280541225719
UMME,2025-12-04,120.94,830084,124.89267085767233,127.9857850582386,1122504.4,2.873247578673161
UMME,2025-12-05,122.69,1235568,124.80629160835186,127.93309067954968,1144540.4,2.131029390631635
UMME,2025-12-06,122.67,1053471,124.72251546684787,127.88072161806163,1140980.85,2.1709851159383757
UMME,2025-12-07,120.1,1163173,124.54124035050089,127.80330150245904,1158412.3,2.234017133986363
UMME,2025-12-08,124.37,749202,124.53452504263811,127.76913929845448,1160117.8,2.540834205834388
UMME,2025-12-09,125.45,544523,124.57042602135819,127.74606328553455,986040.35,2.869147004419026
UMME,2025-12-10,121.63,1461297,124.4551151969912,127.6852069344347,1015060.5,2.871064650138405
UMME,2025-12-11,125.46,917971,124.49452244416803,127.66306557190302,1008156.35,3.081126167740962
UMME,2025-12-12,125.91,1126442,124.55003136792615,127.64562213337663,1031130.5,3.458643913411711
UMME,2025-12-13,124.41,1147909,124.54453994173296,127.61342688826842,1039720.75,3.207565254618687
UMME,2025-12-14,126.81,1024833,124.6333815126454,127.60543259087272,1056143.15,3.5643303279596426
UMME,2025-12-15,124.74,974228,124.63756262979656,127.57692082379937,1036012.1,3.593595264227268
UMME,2025-12-16,123.32,1040007,124.58589350705944,127.53456340266705,1054989.2,3.3232864088045124
UMME,2025-12-17,121.95,957164,124.48252513423358,127.47899560761564,1028449.5,3.022162028114239
UMME,2025-12-18,123.76,672690,124.45419081524405,127.44199067619658,1016966.0,2.7949010922364264
UMME,2025-12-19,125.67,1347997,124.5018696068031,127.42435892817473,1023753.4,2.8440312715626272
UMME,2025-12-20,122.37,1070863,124.41826687712455,127.37406679953618,1010546.5,2.8710534546678503
UMME,2025-12-21,130.73,999615,124.66578582311966,127.40745916969006,999188.05,3.4735868341679965
UMME,2025-12-22,130.55,548375,124.89653932025223,127.43872823267822,983749.85,4.168781346159535
UMME,2025-12-23,129.67,630669,125.08373385671293,127.4609299418058,974804.05,4.539842302532977
UMME,2025-12-24,135.13,866479,125.4777050780183,127.53723909661372,976623.8,5.641118225597175
UMME,2025-12-25,132.13,1298692,125.73857938868426,127.58293821008024,979780.0,6.054483773513318
UMME,2025-12-26,136.48,512672,126.15981156952017,127.6714661880894,952740.05,7.1306776106351215
UMME,2025-12-27,133.07,1157263,126.43079935110762,127.72518294243677,952444.55,7.283827939383887
UMME,2025-12-28,130.43,1152098,126.5876307491034,127.7520965449996,972589.35,7.299110776791102
UMME,2025-12-29,127.23,936142,126.61282170011894,127.7469015545021,992170.3,7.139402360942299
UMME,2025-12-30,128.76,576077,126.69702477070251,127.75698213604936,947909.3,6.745622115103999
UMME,2025-12-31,128.75,1057884,126.77753360322399,127.76686291081504,954904.95,6.0013112234826576
UMME,2026-01-01,122.62,927969,126.61449306976422,127.71565034453828,944981.3,6.207934936943095
UMME,2026-01-02,118.79,1282725,126.30765020428328,127.6268379032991,951722.1,7.440929216831055
UMME,2026-01-03,115.47,834595,125.88264431391923,127.50587434207225,942210.2,8.886825297800462
UMME,2026-01-04,113.9,936278,125.41273669376554,127.37049250782279,940312.7,10.575604261436098
UMME,2026-01-05,114.28,915159,124.9761587842061,127.24023885102854,934070.3,11.678894584197215
UMME,2026-01-06,113.0,819128,124.50650549855098,127.09854493211283,927168.5,12.688457937636263
UMME,2026-01-07,114.34,633867,124.10781900841172,126.97159423627092,925227.35,12.553134240429427
UMME,2026-01-08,120.31,1055639,123.95888492965048,126.90530971650703,910609.45,12.033205894249738
UMME,2026-01-09,117.28,713275,123.69696787358575,126.80953549047214,892730.05,10.596419679659384
UMME,2026-01-10,117.03,738994,123.43551815305298,126.71222667962168,879699.0,9.396498010569553
UMME,2026-01-11,119.42,1321123,123.27804685293326,126.63966721017272,918336.4,8.283828546307292
UMME,2026-01-12,115.8,1300418,122.98479011360256,126.53180982499687,951823.85,7.649831688516917
UMME,2026-01-13,111.51,1116334,122.53479834444168,126.38233908046955,964316.6,6.737827119013556
UMME,2026-01-14,108.78,1019616,121.99539448779691,126.20719142792757,950362.8,5.521695235091393
UMME,2026-01-15,110.95,976654,121.56224176278526,126.05537857789845,973561.9,5.020976657325423
UMME,2026-01-16,109.5,1406018,121.0892126740486,125.89064844279498,985999.65,5.204832668241674
UMME,2026-01-17,115.01,759508,120.8508121770271,125.7823832841602,966370.15,5.191682975238835
UMME,2026-01-18,114.06,612765,120.58450581714368,125.66574265446707,950201.3,5.189598496506758
UMME,2026-01-19,114.75,1007913,120.35570166745177,125.55712829969625,971793.1,5.19150711776901
UMME,2026-01-20,116.26,869754,120.195085915787,125.46461956039579,962386.6,5.202751438178907
UMME,2026-01-21,110.02,611926,119.79606293869732,125.3109417538247,946584.45,5.524565568918057
UMME,2026-01-22,113.04,1313771,119.53111929404253,125.18884283090107,948136.75,4.896623935073901
UMME,2026-01-23,107.32,647826,119.05225187074674,125.01104339974783,938798.3,5.289025089853428
UMME,2026-01-24,105.44,1451959,118.51843807189394,124.8163066495016,964582.35,5.814611048759134
UMME,2026-01-25,105.34,662723,118.00163657887849,124.62251255348667,951960.55,5.554329911810329
UMME,2026-01-26,104.9,949736,117.48784690911855,124.42626864748183,958490.95,5.731754233514099
UMME,2026-01-27,101.12,1058599,116.84597055974136,124.19436547686013,979727.55,6.821958656982808
UMME,2026-01-28,98.52,1339539,116.12730504759465,123.9388991537073,993922.55,8.179216500065602
UMME,2026-01-29,95.32,1284202,115.31133230063016,123.65413398799878,1022468.9,9.78264888620509
UMME,2026-01-30,97.42,901275,114.60971142609563,123.39309782891422,1030582.95,10.604820358458005
UMME,2026-01-31,99.88,888640,114.03207568389581,123.15913665648722,1008958.8,10.368033799261944
UMME,2026-02-01,101.92,598965,113.55709232374303,122.94780196338785,973886.15,9.855375764325009
UMME,2026-02-02,98.55,809459,112.96857889928252,122.70503776474719,958542.4,9.226699052862239
UMME,2026-02-03,101.27,559638,112.50981109931065,122.49175380688901,935543.5,7.568166050149701
UMME,2026-02-04,100.45,971003,112.03687733071024,122.27243287348712,935260.95,6.948524637853595
UMME,2026-02-05,99.9,914036,111.56092135695691,122.04982160111412,910661.85,5.159924410064923
UMME,2026-02-06,96.59,3404156,110.97382640178213,121.79649004289409,1042894.25,4.747962258105803
UMME,2026-02-07,93.74,602362,110.29799007230048,121.51732098774093,1042374.1,4.942306708855422
UMME,2026-02-08,97.45,1262861,109.79414732436713,121.27784515701714,1055121.5,4.342328542421849
UMME,2026-02-09,93.69,1007476,109.16261213517626,121.00333923505677,1062007.6,4.05500301486341
UMME,2026-02-10,92.12,1074149,108.49427440438504,120.7159428247577,1085118.75,4.5377264724158435
UMME,2026-02-11,88.26,828764,107.70077344735034,120.39299812003375,1060868.4,5.860725164222561
UMME,2026-02-12,91.83,1135622,107.07839017490522,120.10878918351601,1085258.2,6.181498638039976
UMME,2026-02-13,93.79,869065,106.55727683471287,119.84691068417754,1056113.5,6.273628478457779
UMME,2026-02-14,96.82,714906,106.17542284119472,119.61778719478275,1058722.65,6.096314460393446
UMME,2026-02-15,95.28,1309729,105.74815135722629,119.37562015801875,1076722.3,5.570881862441265
UMME,2026-02-16,94.17,910327,105.2941062059625,119.1248179673917,1069308.7,5.4580578601181955
UMME,2026-02-17,90.97,738301,104.73237655082671,118.8446705249301,1039246.8,5.084353017287272
UMME,2026-02-18,91.83,1235692,104.2264009998139,118.57586783313975,1036821.3,4.525217255424754
UMME,2026-02-19,92.02,1472243,103.74771860766434,118.31163034226275,1065369.7,3.801235484522639
UMME,2026-02-20,92.26,722206,103.29721983873634,118.05241013985219,1057048.0,3.575481236341689
UMME,2026-02-21,97.69,515867,103.07732886466825,117.8497990936845,1052893.1,4.010688946325642
UMME,2026-02-22,100.19,1190990,102.96410028174007,117.6740796997175,1071969.65,4.592840103877232
UMME,2026-02-23,99.63,657225,102.8333512510836,117.49453661812827,1076849.0,5.183959992977753
UMME,2026-02-24,93.22,982125,102.45635708437445,117.25299894033594,1077405.1,5.131146970295424
UMME,2026-02-25,94.22,664202,102.13336268890878,117.02381487127788,1064913.4,4.461681913192385
UMME,2026-02-26,94.12,779220,101.81911317169667,116.79591621584227,933666.6,4.310548411732854
UMME,2026-02-27,96.39,1412366,101.60620677280662,116.59287227339608,974166.8,4.338421261065366
UMME,2026-02-28,98.92,663161,101.50086533073576,116.41702279803891,944181.8,4.57333986272641
UMME,2026-03-01,97.48,1441978,101.34318433737359,116.22859471049624,965906.9,4.675149774294967
UMME,2026-03-02,94.97,1184621,101.09325553982953,116.01706640491916,971430.5,4.6549457480817935
UMME,2026-03-03,91.95,932050,100.7346964990519,115.77759310735777,976594.8,4.512319537653825
UMME,2026-03-04,95.36,586837,100.52392408732437,115.57443297693631,949155.55,4.250103036889582
UMME,2026-03-05,94.48,985054,100.28690745644892,115.3645381214444,954955.0,3.9982784069874855
UMME,2026-03-06,92.35,1433315,99.975656183647,115.13553774212656,990875.45,3.9847157336532995
UMME,2026-03-07,92.98,1128892,99.70131672546476,114.91508463026462,981833.6,4.041664193194646
UMME,2026-03-08,93.57,1390830,99.46087293230929,114.70269572847094,1005858.75,3.536921971569272
UMME,2026-03-09,90.14,1370362,99.09534850359127,114.45829079584935,1037461.8,3.4190262133033453
UMME,2026-03-10,90.17,579131,98.74533483678377,114.21661626056728,1004633.75,3.7843420901059917
UMME,2026-03-11,87.95,582447,98.32198837259618,113.9552568947905,960143.95,4.509150175166123
UMME,2026-03-12,84.24,1076615,97.76975353445515,113.65958269683239,977864.4,5.860640471038332
UMME,2026-03-13,85.31,1380976,97.28113574879025,113.37749729686391,1021119.85,6.386533748770086
UMME,2026-03-14,83.81,1191988,96.75285591550436,113.08329334366128,1021169.75,6.479598583415623
UMME,2026-03-15,81.45,4079888,96.1527439188179,112.76853420591341,1192302.9,6.901245199397154
UMME,2026-03-16,79.32,967156,95.49263631415837,112.43571297003368,1191554.45,7.71843789354352
UMME,2026-03-17,79.77,1369105,94.87606234105412,112.1106810001826,1226799.6,8.37255101146394
UMME,2026-03-18,79.16,1398993,94.25974617081671,111.78281352754396,1257788.25,8.400252841563983
UMME,2026-03-19,80.17,1246886,93.70720710529449,111.46825816906095,1249514.25,8.078068982684993
UMME,2026-03-20,79.57,917796,93.15280682665549,111.1508625653887,1262246.0,7.891277604119722
UMME,2026-03-21,79.75,1168940,92.62720655894351,110.83841617170324,1248594.1,7.2852874470963975
UMME,2026-03-22,77.09,1051472,92.01790434094573,110.50261103566639,1241936.65,6.4397667352477335
UMME,2026-03-23,75.87,1176422,91.3846531903204,110.15800794078415,1254155.25,6.122242741130633
UMME,2026-03-24,73.89,1218715,90.69858835932745,109.79713223988082,1285749.15,5.6813005519464435
UMME,2026-03-25,73.57,947938,90.02687901190285,109.43666326236958,1283893.35,5.343315236797202
UMME,2026-03-26,75.73,1359642,89.46621708986744,109.1012735781669,1280209.7,5.120615572971966
UMME,2026-03-27,77.2,746193,88.98518896869618,108.78384797042395,1261074.75,4.332240128729758
UMME,2026-03-28,78.8,1253409,88.5857697934532,108.48550122444958,1254203.7,3.642144791373376
UMME,2026-03-29,76.41,1414048,88.1082886250825,108.16634200828591,1256388.0,3.3535726398214676
UMME,2026-03-30,76.21,2046552,87.64168907115769,107.84836845596466,1329759.05,3.3078026511765564
UMME,2026-03-31,76.39,1143859,87.20044636248484,107.53534986436303,1357829.65,3.157603264998749
UMME,2026-04-01,78.35,1201785,86.85337003454427,107.24494837317535,1364088.15,3.0832648245053296
UMME,2026-04-02,76.56,994974,86.44970846456214,106.93962550379052,1344788.05,2.7800978568058716
UMME,2026-04-03,75.07,1419228,86.00344538752049,106.62251480226028,1356150.05,2.5864533239000207
UMME,2026-04-04,74.44,1207804,85.54997694095105,106.3022907743771,1212545.85,2.287589306491701
UMME,2026-04-05,71.54,1078795,85.00056608052161,105.95639733383604,1218127.8,2.8820521963781087
UMME,2026-04-06,68.92,604985,84.36995564599135,105.5878759673302,1179921.8,3.962280811701759
UMME,2026-04-07,69.13,618791,83.77231032654072,105.22511103233191,1140911.7,4.640312489478578
UMME,2026-04-08,69.59,1025687,83.21614129412737,104.87053281310473,1129851.75,5.08753923763901
UMME,2026-04-09,71.2,1356925,82.74492006690669,104.53550263585991,1151808.2,5.2347311323012296
UMME,2026-04-10,73.08,1349219,82.36590359369465,104.22251255988121,1160822.15,5.094591629722417
UMME,2026-04-11,76.3,1720426,82.12802502139292,103.94467661401174,1194269.85,4.773501850590805
UMME,2026-04-12,79.82,527452,82.03751423624026,103.704630080539,1161821.35,5.266570865499672
UMME,2026-04-13,82.41,1458320,82.05212152109358,103.49274321406598,1173801.6,6.210124620505521
UMME,2026-04-14,81.64,520584,82.03595989281541,103.27530298308025,1152433.9,6.8158644630840275
UMME,2026-04-15,79.26,932429,81.92709872054814,103.03634474444263,1131073.25,6.905665853422948
UMME,2026-04-16,78.56,1196918,81.79505563346783,102.79279902559246,1153609.5,7.032958594604219
UMME,2026-04-17,76.17,739056,81.5744652164691,102.527895552701,1127891.85,7.046808840544459
UMME,2026-04-18,74.91,1416098,81.31311363935266,102.25309062182836,1127994.35,7.041162540205496
UMME,2026-04-19,71.34,1184187,80.92201114369178,101.94549768031764,1084876.1,7.059493461968158
UMME,2026-04-20,70.29,590656,80.50506953021366,101.63051760389658,1057215.95,6.868467365872435
UMME,2026-04-21,70.05,670111,80.09506680353861,101.31628359788766,1030632.25,6.734859943721851
UMME,2026-04-22,69.03,1399022,79.66114261516455,100.99502704467486,1050834.65,6.8206609199274855
UMME,2026-04-23,69.76,652629,79.27286251260908,100.68423075567313,1012504.7,6.992380154124268
UMME,2026-04-24,71.22,1012758,78.95706398270285,100.39105433024355,1002752.4,7.127837202603883
UMME,2026-04-25,73.99,1054843,78.76227715985176,100.12835727223118,1001554.8,7.118114805138489
UMME,2026-04-26,72.41,2981820,78.51316825162229,99.85255272225875,1120396.55,6.844325555356313
UMME,2026-04-27,73.13,616584,78.30206361430378,99.58665667527112,1120286.2,5.901370394025793
UMME,2026-04-28,73.12,750617,78.09884543335069,99.32330685760672,1106532.7,4.8028291799605105
UMME,2026-04-29,74.18,542631,77.94516522027811,99.0731246998196,1065818.0,4.045047032423449
UMME,2026-04-30,74.0,1130693,77.79045285869859,98.8236408719607,1054891.7,3.23960467673927
UMME,2026-05-01,72.56,1241095,77.58533706031825,98.5623111120407,1030925.15,2.8068546639269147
UMME,2026-05-02,72.13,832430,77.3714022736391,98.29930304127413,1046174.05,2.541056309951136
UMME,2026-05-03,74.75,1230129,77.26860218447679,98.06498161797788,1034764.5,2.7592249867463097
UMME,2026-05-04,75.42,703014,77.19610798116398,97.83965841779899,1043886.0,2.911002645328805
UMME,2026-05-05,76.34,1245715,77.16253511915755,97.62573146836814,1059550.3,3.0629082818245186
UMME,2026-05-06,78.16,1056013,77.2016513889945,97.43204259803613,1052505.05,3.1972324270092254
UMME,2026-05-07,80.16,893349,77.31766506001433,97.26018147765767,1060219.7,3.685532842775376
UMME,2026-05-08,79.04,846277,77.38520760668044,97.07888613957152,1031728.65,3.848246585878436
UMME,2026-05-09,78.42,1018468,77.42578770053612,96.89322558096883,1023442.7,4.059682564866752
UMME,2026-05-10,79.48,1134080,77.50634504561313,96.71995965479005,1050613.9,4.18425832374036
UMME,2026-05-11,78.61,624849,77.54962563205967,96.5397610512598,1048350.8,4.160715165307906
UMME,2026-05-12,78.91,634349,77.6029736464887,96.36434054328707,1010117.15,4.072822144384647
UMME,2026-05-13,76.26,1352739,77.55030801329306,96.16429735380163,1045122.65,3.9437466149141733
UMME,2026-05-14,78.47,873593,77.58637436571294,95.98823469356479,1038164.4,3.812872013917451
UMME,2026-05-15,77.82,1112725,77.59553615529282,95.80745623890246,1041058.5,3.2875548923689246
UMME,2026-05-16,79.19,897828,77.65806414920291,95.64210841562979,936858.9,2.4238273759408897
UMME,2026-05-17,77.69,1181567,77.65931653550868,95.46348047119568,965108.05,2.0067637346787754
UMME,2026-05-18,77.89,1344166,77.66836294588089,95.28861996899474,994785.5,1.6374955750322993
UMME,2026-05-19,78.2,1231769,77.68921145780712,95.11858394940275,1029242.4,1.4015787801374535
UMME,2026-05-20,77.66,1266953,77.68806591044213,94.94486669617487,1036055.4,1.433455250802235
UMME,2026-05-21,78.21,766459,77.7085339139542,94.77835060964577,1012323.6,1.21965277215445
UMME,2026-05-22,76.74,1095615,77.67055219183835,94.59886453392791,1025482.85,1.3147903877595999
UMME,2026-05-23,81.08,1146163,77.80425602745254,94.46434846891371,1021284.55,1.7749942346316696
UMME,2026-05-24,81.89,614057,77.96448128127794,94.33923057370065,1016836.7,2.2511875986696688
UMME,2026-05-25,83.13,1367537,78.16705064279645,94.22769594112651,1022927.8,2.9267522224193883
UMME,2026-05-26,87.74,835125,78.54246042151031,94.1631417526576,1011883.4,4.630973258849978
UMME,2026-05-27,88.59,620792,78.93648158145108,94.10768760586498,998255.55,5.688986612862239
UMME,2026-05-28,89.3,747446,79.34289406845299,94.05984991824444,993314.0,6.657882886697053
UMME,2026-05-29,89.25,670267,79.73140802655287,94.01199071507783,975903.95,7.240356678725892
UMME,2026-05-30,91.68,2062460,80.1999802608057,93.98878682736562,1022322.95,8.111102357636048
UMME,2026-05-31,91.31,738733,80.63566730940155,93.96213223206846,1028017.15,8.459433652425236
UMME,2026-06-01,92.8,933977,81.11269996393483,93.95056872727176,1042998.55,8.77399980211283
UMME,2026-06-02,92.26,1308224,81.549848984957,93.93374714789593,1040772.8,8.746419644254969
UMME,2026-06-03,90.32,1217234,81.893776475743,93.8977894648323,1057954.85,8.151608484165731
UMME,2026-06-04,89.26,504734,82.18264798649817,93.85164230597825,1027555.3,7.311735758880611
UMME,2026-06-05,88.52,1255382,82.43117159487079,93.79859113875459,1045433.0,5.6378748261153735
UMME,2026-06-06,88.56,1290910,82.67151780683663,93.74646585379186,1050900.15,4.680963156384434
UMME,2026-06-07,89.49,856585,82.93890926539207,93.70411295972428,1026521.1,3.5708124825750494
UMME,2026-06-08,91.52,1075895,83.27542262753356,93.68238049246335,1018727.4,2.3932508122945317
UMME,2026-06-09,89.8,1069734,83.53128840684596,93.64374984079706,1008866.45,2.1834702442880154
UMME,2026-06-10,85.67,2480512,83.61515944971475,93.56440904636128,1094569.1,2.7847957488182846
UMME,2026-06-11,83.1,1359966,83.59495711835339,93.46028557326316,1107786.65,3.923696605873654
UMME,2026-06-12,82.74,508314,83.5614293882219,93.3536160650715,1075894.2,4.780875146908714
UMME,2026-06-13,80.71,742054,83.44960862789948,93.22780894004593,1082294.05,5.68329637554721
UMME,2026-06-14,85.21,666742,83.51864358366814,93.14802974661265,1047254.3,5.648290901670239
UMME,2026-06-15,88.27,735750,83.7049712862694,93.09949213719362,1042285.55,5.238886471001723
UMME,2026-06-16,86.96,592325,83.83261947112157,93.03840266319169,1040862.2,4.825347180472001
UMME,2026-06-17,87.01,1101815,83.9572226291168,92.9784185570903,1058580.65,4.62764993879672
UMME,2026-06-18,86.23,694937,84.04635115346515,92.91127011373617,1059814.15,4.520160471356592
UMME,2026-06-19,84.75,943787,84.07394522587829,92.8300634459378,1003880.5,4.509992751145646
UMME,2026-06-20,85.27,613578,84.12084933466738,92.75483893403792,997622.75,4.433269652039467
UMME,2026-06-21,84.29,1016840,84.1274826940922,92.67061168096292,1001765.9,4.25071689170294
UMME,2026-06-22,87.43,1436108,84.25699317667681,92.6184662911026,1008160.1,3.5626128669226436
UMME,2026-06-23,86.94,1309023,84.36220913053262,92.56196413895235,1012749.55,3.1274435721057827
UMME,2026-06-24,89.65,1289986,84.56957347835487,92.53298937140059,1052012.15,3.577573691272593
UMME,2026-06-25,92.03,973752,84.86213922430174,92.52798450203343,1037930.65,4.22515870369746
UMME,2026-06-26,96.85,668850,85.33225141158402,92.57098963136644,1006827.65,5.71915635828839
UMME,2026-06-27,100.54,1139014,85.92863370916896,92.65028326687523,1020949.1,7.138988148590406
UMME,2026-06-28,101.36,670251,86.53378532841724,92.73694711496603,1000666.9,8.574401270226172
UMME,2026-06-29,98.7,995435,87.01089178612638,92.79628097451861,996951.95,9.240225106969577
UMME,2026-06-30,101.52,1242730,87.57987642196457,92.88308414890152,935062.85,10.062154840165698
UMME,2026-07-01,102.05,1067822,88.14733224855419,92.97429724194727,920455.65,10.660268517379563
UMME,2026-07-02,101.01,801444,88.65175059174815,93.05425448332093,935112.15,10.757184648686184
UMME,2026-07-03,101.93,1199858,89.17246625481685,93.14257035910879,958002.35,10.472661879419862
UMME,2026-07-04,104.81,774523,89.78570287227502,93.25866418638134,963391.4,10.268142433685604
UMME,2026-07-05,108.89,639544,90.5348909949309,93.41419986611885,958581.1,9.993464712027624
UMME,2026-07-06,108.51,1018879,91.2397972304238,93.56440683262512,979908.8,9.657412778064565
UMME,2026-07-07,109.4,1237522,91.951962044917,93.72197492384278,986694.15,8.700286822668124
UMME,2026-07-08,109.37,1284826,92.63502235688105,93.8776766658941,1016188.6,7.689721456035759
UMME,2026-07-09,110.27,1724962,93.3265901075916,94.04078436076084,1055247.35,6.753269995480353
UMME,2026-07-10,106.9,1389129,93.85888069160761,94.16873675518113,1094024.9,6.096044339848017
UMME,2026-07-11,100.23,583218,94.10872850762301,94.229047832244,1072343.8,6.133470650884473
UMME,2026-07-12,101.39,1191362,94.3942685661476,94.30030108764457,1060106.5,6.130705729949793
UMME,2026-07-13,100.2,1121284,94.62194430865162,94.3590045594093,1050719.55,5.904421001472012
UMME,2026-07-14,100.01,1422533,94.83324061027312,94.41523336976344,1057346.9,6.075868781995743
UMME,2026-07-15,103.61,827191,95.17742725300751,94.50672358498969,1050018.85,5.992354297557755
UMME,2026-07-16,104.16,785652,95.52968500779153,94.6027760866316,1055858.95,5.781230191530063
UMME,2026-07-17,107.45,500110,95.99714834081932,94.73060916039645,1023913.75,5.700637182429713
UMME,2026-07-18,105.75,834922,96.37961311176758,94.84025484039252,1032147.3,5.697068650523447
UMME,2026-07-19,107.47,1379852,96.81453024463944,94.96592394645828,1051368.15,5.575315740330903
UMME,2026-07-20,111.22,578001,97.3794506272026,95.12765604649353,1018131.7,5.93639886261273
UMME,2026-07-21,108.53,1014920,97.81672707319466,95.26101270274734,1015486.6,5.847839415045666
UMME,2026-07-22,111.81,1128983,98.36548287424586,95.42567924301852,1031863.55,6.20074680897363
WTK,2025-11-13,72.23,546893,72.23,72.23,546893.0,2.725896641474141
WTK,2025-11-14,69.66,740991,72.12921568627452,72.20442786069653,643942.0,2.725896641474141
WTK,2025-11-15,72.34,730585,72.13748173779318,72.20577683720701,672823.0,2.2748131791424155
WTK,2025-11-16,68.81,424048,72.00699225787973,72.1719880129562,610629.25,2.69301875225554
WTK,2025-11-17,69.92,761321,71.92514942423739,72.14958017203128,640767.6,2.3993295938657493
WTK,2025-11-18,68.02,377764,71.77200630956142,72.10848982206082,596933.6666666666,2.661976709139279
WTK,2025-11-19,67.87,2578128,71.6189864542845,72.0663157939806,879961.4285714285,2.756014202741752
WTK,2025-11-20,67.7,658971,71.46530071097922,72.0228698656823,852337.625,2.7916635305597093
WTK,2025-11-21,68.42,584357,71.34587715368592,71.98702041428247,822562.0,2.673783601939387
WTK,2025-11-22,67.74,424332,71.20447020648255,71.94476150468762,782739.0,2.6468608765856905
WTK,2025-11-23,66.85,939393,71.03370666897344,71.89406736036237,796980.2727272727,2.739375011666974
WTK,2025-11-24,67.01,550180,70.87591425058233,71.84546967518465,776413.5833333334,2.7573489614944493
WTK,2025-11-25,67.7,375360,70.75136859369675,71.8042212207052,745563.3076923077,2.6852793150806438
WTK,2025-11-26,67.38,362925,70.6191580606106,71.76019911900664,718232.0,2.641130424190064
WTK,2025-11-27,66.46,593751,70.45605382293961,71.70746081931503,709933.2666666667,2.2922300672748
WTK,2025-11-28,68.25,748599,70.36954190831452,71.67305822409797,712349.875,2.213344549184908
WTK,2025-11-29,67.83,477471,70.26995202955709,71.63481883878357,698533.4705882353,1.2914577758537487
WTK,2025-11-30,66.47,721890,70.1209343029078,71.58342760655688,699831.0555555555,1.3318189660166526
WTK,2025-12-01,68.41,508922,70.05383884004867,71.5518512124618,689783.2105263158,0.9864528110110184
WTK,2025-12-02,67.43,432750,69.95094319926244,71.51083776756168,676931.55,0.9690337319341681
WTK,2025-12-03,62.19,701517,69.64659248556588,71.4180931131581,684662.75,2.3387190069365826
WTK,2025-12-04,63.22,541744,69.3945692508378,71.33652004735552,674700.4,2.795260903115006
WTK,2025-12-05,61.06,801595,69.06772339786377,71.23426611653608,678250.9,3.524367607524331
WTK,2025-12-06,58.78,596558,68.66428326461423,71.1103430706004,686876.4,4.562131514549272
WTK,2025-12-07,58.26,549808,68.25627215619798,70.98247896044516,676300.75,5.3936025520064605
WTK,2025-12-08,57.54,491188,67.83602618928825,70.8487229508885,681971.95,6.084437724028568
WTK,2025-12-09,56.67,3101732,67.39814280931616,70.70764113048166,708152.15,6.618480713165888
WTK,2025-12-10,54.64,763688,66.89782348346063,70.54776410430772,713388.0,7.285457223163741
WTK,2025-12-11,56.3,473557,66.4822225625406,70.40599530724992,707848.0,7.503057481182802
WTK,2025-12-12,54.06,377368,65.99507657969588,70.2433485877748,705499.8,7.591037152783805
WTK,2025-12-13,54.41,276209,65.54075985108035,70.08580283068252,672340.6,7.3798147256292435
WTK,2025-12-14,53.89,598995,65.08386730790073,69.92465056371056,674781.35,7.1796367259411
WTK,2025-12-15,52.59,742251,64.59391172719874,69.7521664784995,693125.9,6.3698758333162715
WTK,2025-12-16,52.42,791110,64.11650342417134,69.57970711055424,714535.15,5.237544998364067
WTK,2025-12-17,53.15,599290,63.686444466360705,69.41622743781241,714812.1,4.887194595724807
WTK,2025-12-18,52.76,695172,63.25795644807205,69.25049383146603,712140.75,4.012482669162299
WTK,2025-12-19,51.12,571475,62.7819581559908,69.07009090776987,716840.95,3.5683299607504386
WTK,2025-12-20,52.01,575364,62.35952842438332,68.90033875943385,709514.65,3.2664806144218193
WTK,2025-12-21,52.7,575093,61.980723388133,68.73914135884247,712823.2,2.8221332824184886
WTK,2025-12-22,52.36,524580,61.60344011801014,68.57616482790871,717414.7,2.3888156291116207
WTK,2025-12-23,53.13,754159,61.27114834867641,68.42247164554146,720046.8,1.9603520652622628
WTK,2025-12-24,50.97,586237,60.867181746767535,68.24881521125748,722271.45,2.060441680218145
WTK,2025-12-25,52.95,435211,60.55670403120803,68.09658819423004,703952.25,1.4871238558489592
WTK,2025-12-26,53.57,595736,60.28271563782732,67.95204502811829,703911.15,1.42413869285306
WTK,2025-12-27,53.2,710002,60.004962083402724,67.80525851042557,711920.85,1.2466462702284946
WTK,2025-12-28,52.44,700233,59.70829690366144,67.65237036604324,722373.1,1.1223215367557573
WTK,2025-12-29,53.4,460219,59.460912711361,67.51055573553535,590297.45,1.1759569402288546
WTK,2025-12-30,52.53,519463,59.18911221287625,67.36149547946037,578086.2,1.1741225973568774
WTK,2025-12-31,52.49,409096,58.92640193001836,67.21352040006276,574863.15,1.1494007636078425
WTK,2026-01-01,52.67,285743,58.681052834723516,67.068808754291,570281.9,1.1470509248387792
WTK,2026-01-02,54.78,549438,58.52807037061671,66.9465320502682,583943.35,1.2928144610758998
WTK,2026-01-03,53.03,482801,58.31245976784743,66.80805909454415,578133.65,1.248857719835755
WTK,2026-01-04,54.45,418469,58.160990757343605,66.68509333240938,561944.55,1.3953929790320214
WTK,2026-01-05,52.37,581855,57.93389308058504,66.54265459278342,551481.8,1.3946073534609895
WTK,2026-01-06,52.37,614057,57.7157011950719,66.40163315404926,552220.15,1.4153382696656647
WTK,2026-01-07,52.02,614925,57.49234036389261,66.25853232664579,548207.8,1.2094597944964085
WTK,2026-01-08,50.77,1941978,57.228719173151724,66.10441757712694,616732.95,1.50958790133794
WTK,2026-01-09,50.4,277544,56.960926264400676,65.948154715663,601841.95,1.765980722455825
WTK,2026-01-10,51.72,458557,56.75539974422811,65.80658103690018,596015.15,1.7839171616300158
WTK,2026-01-11,51.27,374156,56.54028602876818,65.6619384395181,588493.95,1.8545594616244907
WTK,2026-01-12,48.53,413202,56.22615716489492,65.49147139036867,571446.1,2.376119169505147
WTK,2026-01-13,47.79,685214,55.895327472153944,65.31533734668342,576394.95,2.924256456635301
WTK,2026-01-14,48.58,662230,55.60845188501065,65.14881657706468,587745.9,3.1657856037654115
WTK,2026-01-15,49.15,768024,55.355179262069065,64.98962437231776,596360.3,3.2505621872168975
WTK,2026-01-16,48.23,589242,55.07576046747812,64.8228619407524,590322.3,3.068204095822753
WTK,2026-01-17,49.83,453189,54.870044370714275,64.67367923487427,577970.1,2.923746561527014
WTK,2026-01-18,51.63,615251,54.742983807156854,64.54389138179094,585721.7,2.450309915360852
WTK,2026-01-19,51.74,363293,54.62521973628796,64.41648947749452,577913.2,2.3714030309421994
WTK,2026-01-20,51.72,715684,54.51128955055118,64.29015624886274,593242.6,2.2853822389305
WTK,2026-01-21,50.58,734104,54.357121332882514,64.15373678369994,615660.65,2.160944161778977
WTK,2026-01-22,51.18,803058,54.23252833943614,64.02464487540442,628341.65,2.1877637046695675
WTK,2026-01-23,54.03,1570492,54.22458605161512,63.925195672664074,682726.2,2.682484394636731
WTK,2026-01-24,52.97,459603,54.17538659861061,63.816188750548015,684782.9,2.829531399288144
WTK,2026-01-25,53.84,465433,54.16223418297882,63.71692319084107,678961.8,3.1205990549148725
WTK,2026-01-26,52.39,314048,54.09273480325416,63.60421748744962,663961.35,3.038628504245032
WTK,2026-01-27,52.98,2525892,54.04909814430302,63.49850388060932,759509.7,2.7998251760566832
WTK,2026-01-28,52.41,789815,53.984819785702896,63.38817050866297,701901.55,2.5551667114054073
WTK,2026-01-29,52.45,466975,53.92463077449886,63.279332991163834,711373.1,2.3361411546614574
WTK,2026-01-30,51.11,379744,53.814253097067535,63.15824510070449,707432.45,1.7821407980777946
WTK,2026-01-31,52.15,643875,53.748988269731555,63.04871032358306,720918.4,1.4996818343879446
WTK,2026-02-01,52.63,641397,53.705106376800906,62.945041564144425,732328.15,1.4842697172024377
WTK,2026-02-02,53.82,489460,53.70961200908322,62.85424513067036,722540.45,1.579936533708588
WTK,2026-02-03,54.21,600273,53.72923506755055,62.768232741310456,719442.6,1.6928977773666953
WTK,2026-02-04,52.52,650914,53.681814084509355,62.666260276222786,713587.1,1.4482648295395666
WTK,2026-02-05,54.35,280815,53.70801745374428,62.58351141775291,698165.75,1.405278510582693
WTK,2026-02-06,52.58,514418,53.663781475166076,62.483973990710595,701227.2,1.3381739341430046
WTK,2026-02-07,54.27,747087,53.68755475064976,62.402242906225915,707819.0,1.4491113703694696
WTK,2026-02-08,54.69,442910,53.72686632905565,62.32550417084059,711799.85,1.571396977703691
WTK,2026-02-09,54.94,631580,53.77444019850446,62.25201656715063,707594.65,1.7148128482121558
WTK,2026-02-10,55.63,755730,53.8472072495435,62.186125855039684,708675.95,1.9613973769554214
WTK,2026-02-11,53.32,389630,53.82653245544376,62.097905697278094,688004.55,1.914345102202741
WTK,2026-02-12,53.7,490965,53.82157039836754,62.01434444655891,634028.2,1.863251323494357
WTK,2026-02-13,54.9,376673,53.86386175529431,61.94355494957823,629881.7,1.5995353463346405
WTK,2026-02-14,55.56,724604,53.93037698057689,61.880036989880935,642840.25,1.5609871137292886
WTK,2026-02-15,54.5,1488616,53.95271513820133,61.806603786001524,701568.65,1.4353001083735293
WTK,2026-02-16,52.11,353398,53.88045179944834,61.710120166240316,592943.95,1.662225933783728
WTK,2026-02-17,53.57,374778,53.86827721907782,61.62912394568071,572192.1,1.6740834789530696
WTK,2026-02-18,52.88,393387,53.82952124970222,61.5420679860222,568512.7,1.6227312141586236
WTK,2026-02-19,52.39,471249,53.773069435988404,61.45100263292745,573087.95,1.7497590100938698
WTK,2026-02-20,53.54,640290,53.76392945810651,61.37228618881872,572908.7,1.6615296474119488
WTK,2026-02-21,52.76,370673,53.72455967543567,61.28659179888023,559372.5,1.7280041924165188
WTK,2026-02-22,52.29,309609,53.66830243326172,61.197073472523215,550379.95,1.802464315843213
WTK,2026-02-23,52.77,788988,53.633074886859305,61.11322199518468,559815.7,1.7577809749914657
WTK,2026-02-24,51.62,370471,53.554130773649135,61.01876207483459,545793.55,1.675920158933235
WTK,2026-02-25,52.56,778532,53.51514525311388,60.93459528802032,570679.4,1.7002429125087883
WTK,2026-02-26,50.14,398156,53.38278661573687,60.827186379681805,564866.3,2.083820620667412
WTK,2026-02-27,50.01,565223,53.25052047394327,60.71955268436159,555773.1,2.2180255550004624
WTK,2026-02-28,49.29,489362,53.09520594555333,60.60582579197988,558095.7,2.2045298332551355
WTK,2026-03-01,50.86,287963,53.00755081043359,60.50885240101491,540914.85,2.0144606686931996
WTK,2026-03-02,51.83,621771,52.96137234727934,60.42249566070631,534216.9,2.0128619734530697
WTK,2026-03-03,54.7,341983,53.029553823856624,60.3655554053759,531834.55,2.216432015451514
WTK,2026-03-04,54.54,534524,53.0887870072348,60.30758967994928,534012.5,2.4240199107000198
WTK,2026-03-05,55.47,319954,53.182167908911865,60.25945445925327,531176.55,2.777997935109056
WTK,2026-03-06,52.42,504010,53.15227897130748,60.18144993727065,520146.85,2.728207961522786
WTK,2026-03-07,52.37,668936,53.121601364589544,60.10372406724806,479162.85,2.719632151313697
WTK,2026-03-08,54.99,722206,53.19487189931152,60.05284124070828,497603.25,2.940654432096478
WTK,2026-03-09,53.71,676414,53.21507300129931,59.989728392542034,512685.05,2.985053633070163
WTK,2026-03-10,53.82,421224,53.238795628699336,59.92833806027794,514076.9,3.0074744113894893
WTK,2026-03-11,51.58,785900,53.173744819730736,59.84527001987716,529809.45,3.036500140687188
WTK,2026-03-12,53.88,403638,53.20144110130992,59.78591409928137,517976.85,2.8888653472433186
WTK,2026-03-13,54.22,675891,53.241384587533055,59.730531869437776,533237.75,2.664594788070639
WTK,2026-03-14,53.74,669646,53.26093813312,59.670924587154815,551239.6,2.0935465006890457
WTK,2026-03-15,53.02,382401,53.25148957888,59.604746233053774,530910.25,1.7903411870177137
WTK,2026-03-16,55.1,2192583,53.32398018362981,59.55992288745125,622015.85,1.7114944308443332
WTK,2026-03-17,57.71,617618,53.495980960742365,59.54151569454129,613970.15,2.301355936909734
WTK,2026-03-18,57.53,667126,53.65417778581129,59.52150061300357,627418.65,2.692545570338547
WTK,2026-03-19,55.05,343617,53.70891591185791,59.4770080695906,616338.35,2.6648462421880126
WTK,2026-03-20,53.6,636773,53.70464469962819,59.41853037735587,623708.9,2.5667494515925866
WTK,2026-03-21,52.06,741088,53.64014882905453,59.345311169620985,646365.15,2.609917817955501
WTK,2026-03-22,49.93,398372,53.494652796542596,59.251626481366046,635195.2,3.113551490599341
WTK,2026-03-23,50.59,413253,53.380744843737006,59.16544114324301,638758.7,3.3898171082626947
WTK,2026-03-24,50.06,398395,53.25051955574732,59.07483973883263,631952.25,3.6891162503761077
WTK,2026-03-25,49.51,408394,53.10383251434547,58.97966720411788,636374.25,3.95302144838937
WTK,2026-03-26,48.65,517142,52.929172415743686,58.87688444586795,637030.85,4.352757131158923
WTK,2026-03-27,48.11,414202,52.74018526218511,58.769751267302105,624294.15,4.709583694067467
WTK,2026-03-28,46.27,281436,52.4864525068053,58.64537563280159,602255.65,5.280059588512159
WTK,2026-03-29,46.48,533580,52.250905349675676,58.52432711904237,595113.95,5.684446644471514
WTK,2026-03-30,47.47,720415,52.06341886537467,58.41433381437528,610073.5,5.665248314199086
WTK,2026-03-31,46.03,525632,51.82681420398743,58.2911066122422,597060.1,5.158294824309905
WTK,2026-04-01,48.54,326442,51.69791952932126,58.194080675801985,593200.3,4.057342093370241
WTK,2026-04-02,47.76,540271,51.54349131248514,58.0902589775353,586419.3,3.2985858608372096
WTK,2026-04-03,46.27,516099,51.33668773160337,57.9726444603459,578741.95,2.7701431361035818
WTK,2026-04-04,46.74,801129,51.15642546761893,57.860876853775295,599678.35,2.3450719019405115
WTK,2026-04-05,46.87,774408,50.988330351241714,57.751514895031264,528769.6,2.234039269135628
WTK,2026-04-06,46.76,795796,50.822513474722435,57.642146587618015,537678.5,1.9140903213374654
WTK,2026-04-07,47.23,505674,50.68163059336077,57.538543138985005,529605.9,1.5746290772004583
WTK,2026-04-08,46.39,636573,50.51333135440545,57.42761236148267,544253.7,1.3018885795728592
WTK,2026-04-09,44.55,1104680,50.27947522286014,57.29947691509976,567649.05,1.4879337487452575
WTK,2026-04-10,44.29,441171,50.04459384157151,57.170029383606234,552653.2,1.6889146085402729
WTK,2026-04-11,45.37,668921,49.86127643601969,57.05261615590866,566180.65,1.7517788839455253
WTK,2026-04-12,47.02,574516,49.74985383068559,56.95278912948171,574243.8,1.7649909332631648
WTK,2026-04-13,46.83,336495,49.635349758893994,56.85206485953662,571148.8,1.7235771724023383
WTK,2026-04-14,45.89,811171,49.4884732977609,56.742989587302425,591287.65,1.730732114985396
WTK,2026-04-15,47.44,519241,49.408141011574195,56.65042252673226,591392.6,1.5491293637749979
WTK,2026-04-16,47.57,591519,49.336057050335995,56.560070063779705,600258.45,1.5215994332150873
WTK,2026-04-17,45.75,542108,49.19542736208753,56.45250717757295,613292.05,1.541828869794535
WTK,2026-04-18,46.19,657011,49.077567465535076,56.350392678293616,619463.6,1.532606457946942
WTK,2026-04-19,46.79,458480,48.987858937474876,56.25526439293746,606366.85,1.527752470096424
WTK,2026-04-20,47.24,542327,48.91931544973076,56.16556026962465,607201.6,1.5649376369964183
WTK,2026-04-21,46.72,578743,48.83306778503544,56.07157459530003,619816.65,1.526782330821883
WTK,2026-04-22,47.17,323387,48.76784944052425,55.98300171375475,608972.45,1.567235965457724
WTK,2026-04-23,49.22,588134,48.7855808350135,55.91570816436416,612574.2,1.7494852068556377
WTK,2026-04-24,47.59,495676,48.7386953120718,55.83286529705706,597301.55,1.4433327675964984
WTK,2026-04-25,48.51,619284,48.72972686846114,55.76000096574307,589545.35,1.4106894211175578
WTK,2026-04-26,47.22,418270,48.670521893227374,55.675025831755576,570669.05,1.4100758396704145
WTK,2026-04-27,46.4,325131,48.581481818983164,55.58273701750925,561641.9,1.4373516168027618
WTK,2026-04-28,48.22,794678,48.56730606137598,55.50947595265841,569547.15,1.3947354410587474
WTK,2026-04-29,49.7,708192,48.611725431518096,55.45167022178619,549722.75,1.6985799256238132
WTK,2026-04-30,49.7,679945,48.654402865576216,55.39443967231568,561661.45,1.9244017195008836
WTK,2026-05-01,50.73,642220,48.73579883163205,55.34802733726776,560326.4,2.1207363172890217
WTK,2026-05-02,51.55,534103,48.84615966176413,55.310236020479024,558305.75,2.4157917956637287
WTK,2026-05-03,50.31,482656,48.90356516522437,55.260482428235456,565613.8,2.4369548418251736
WTK,2026-05-04,51.06,304288,48.988131237176354,55.21868658317839,540269.65,2.5489118557431483
WTK,2026-05-05,50.45,574933,49.04545942395375,55.17123696543532,543054.25,2.4422020159703397
WTK,2026-05-06,52.44,730864,49.17857866223007,55.144060478217064,550021.5,2.617452414630237
WTK,2026-05-07,54.33,571553,49.38059518527988,55.1359603739562,551493.75,3.246495511223176
WTK,2026-05-08,55.6,482147,49.62449341330812,55.140577683668084,542750.55,3.810970716522841
WTK,2026-05-09,55.93,2497424,49.87176818141369,55.148432632089296,644697.75,4.289954468366339
WTK,2026-05-10,57.24,716539,50.160718448809234,55.1692442476904,653408.35,4.638738223664871
WTK,2026-05-11,56.87,523178,50.423827529248086,55.186167190499454,650630.1,4.468037173224516
WTK,2026-05-12,58.22,438853,50.72955978300306,55.21635458163877,656403.4,4.6297418964203825
WTK,2026-05-13,57.98,771469,51.013890771904904,55.243853541025445,665570.15,4.749573853064309
WTK,2026-05-14,58.73,600515,51.316483290653736,55.27854156549286,670812.1,4.798329723129311
WTK,2026-05-15,61.14,642454,51.701719240039864,55.33686453499045,671970.6,5.220799602456439
WTK,2026-05-16,63.65,441934,52.170279269842226,55.41958230081144,673153.8,5.98191102224202
WTK,2026-05-17,63.28,464128,52.60595459259351,55.49779541224616,680103.65,6.106462483789857
WTK,2026-05-18,67.94,561914,53.20728970660945,55.62159844297009,668465.45,6.987473603716634
WTK,2026-05-19,67.04,544488,53.74974893380124,55.73521437886094,660280.25,6.997299606685003
WTK,2026-05-20,67.21,729954,54.27760191678943,55.849391350215555,662780.7,6.991425714150417
WTK,2026-05-21,67.63,668942,54.80122537103298,55.96661133678058,664116.8,7.036201366527975
WTK,2026-05-22,69.46,752898,55.37607927805129,56.10087391054396,675056.55,7.276354411137788
WTK,2026-05-23,71.97,507551,56.02682126714732,56.25877566267785,676301.3,7.673224281820658
WTK,2026-05-24,70.11,675290,56.57910278608272,56.3965987904124,694851.4,7.603548125277319
WTK,2026-05-25,67.31,519120,56.99992228466772,56.505189847224216,692060.75,6.943631608717755
WTK,2026-05-26,68.77,485506,57.461493959778785,56.62722775919214,679792.85,6.395800261813462
WTK,2026-05-27,65.78,784097,57.787709882924716,56.71830011979719,690420.05,5.419723594995984
WTK,2026-05-28,65.58,282712,58.0932898875159,56.806476238008166,680448.3,4.319332738074289
WTK,2026-05-29,68.16,326548,58.48806283310351,56.91944662369963,571904.5,3.5402027204950457
WTK,2026-05-30,68.76,695645,58.890883898472005,57.03726307520511,570859.8,3.1717202494328216
WTK,2026-05-31,69.07,476885,59.29006492206134,57.15699180082497,568545.15,2.533203489178363
WTK,2026-06-01,67.29,343220,59.60378786629423,57.25781775305557,563763.5,2.5579994114569273
WTK,2026-06-02,66.19,776356,59.86207069506701,57.346695188348555,564007.85,2.643277108747654
WTK,2026-06-03,62.71,377248,59.97375419722125,57.400061405379915,552844.5,3.4081498356440667
WTK,2026-06-04,63.27,353981,60.10301873850669,57.45846875458012,538420.85,3.857845242824702
WTK,2026-06-05,63.79,442447,60.24760623895741,57.52146906547982,538446.5,4.01534193800771
WTK,2026-06-06,64.59,760770,60.41789619037085,57.591802706619326,553278.6,3.5097604877428776
WTK,2026-06-07,61.12,1673468,60.44542967310141,57.62690914734949,608856.3,3.762683550340394
WTK,2026-06-08,61.58,627828,60.489922627097435,57.666243384689295,613023.3,4.075300096817768
WTK,2026-06-09,61.27,546495,60.52051389662303,57.70210165946851,603850.35,4.1347039704286885
WTK,2026-06-10,62.7,454070,60.60598393989272,57.75183199121509,593106.75,4.210084048128902
WTK,2026-06-11,61.47,594178,60.63986692264203,57.788828687819915,585170.75,4.3836165541032726
WTK,2026-06-12,63.94,657637,60.769283906067834,57.85003437251823,592675.05,4.077287347659737
WTK,2026-06-13,65.2,769031,60.9430374783789,57.92316835886134,597362.1,3.5985211591664275
WTK,2026-06-14,65.35,425772,61.115859538050316,57.99706718116123,592694.7,2.9117525452237114
WTK,2026-06-15,65.13,590658,61.27327681106795,58.068041637070074,597952.3,2.5441865698488226
WTK,2026-06-16,63.74,536509,61.37001105377117,58.12447903371615,585572.9,2.2615144930331676
WTK,2026-06-17,64.44,749353,61.490402777152696,58.18732003835579,608904.95,2.2927437195939637
WTK,2026-06-18,65.05,465865,61.62999482510749,58.25560541110847,615870.8,2.3845798406605843
WTK,2026-06-19,66.85,687858,61.83470091039739,58.341121775177044,615481.45,2.73317915059225
WTK,2026-06-20,68.45,656443,62.0941244041073,58.44170762816036,624459.35,3.3157045768072937
WTK,2026-06-21,68.62,339615,62.350041094142306,58.54298416917369,624279.1,3.536011151373684
WTK,2026-06-22,70.5,361846,62.66964732574457,58.66195945107247,603553.6,4.0125473705740635
WTK,2026-06-23,72.77,544757,63.065739587480074,58.802337963997125,611929.05,4.662206373513835
WTK,2026-06-24,73.02,492900,63.45610274091223,58.9438072379872,618875.0,5.197155511632346
WTK,2026-06-25,74.24,656369,63.87900067264116,59.096008160992305,629571.1,5.465296609788889
WTK,2026-06-26,74.28,637437,64.28688299920425,59.24709265690283,623404.45,5.807086472294557
WTK,2026-06-27,77.92,814000,64.82151503845115,59.43289272996847,580431.05,6.754490447753601
WTK,2026-06-28,78.91,751201,65.37400464478641,59.62669479235685,586599.7,7.521962458745253
WTK,2026-06-29,78.29,455946,65.88051426655949,59.81239932178614,582072.25,7.807245894778928
WTK,2026-06-30,79.3,295809,66.40676860904736,60.00630579619623,574159.2,7.718534315401228
WTK,2026-07-01,79.35,469339,66.91434631065336,60.19878036538831,567917.25,7.387488243980474
WTK,2026-07-02,79.27,302209,67.39888174945126,60.38854374483718,550145.85,6.781524280420963
WTK,2026-07-03,81.43,535521,67.94912168084532,60.59791146876915,538470.35,6.479782600901853
WTK,2026-07-04,83.16,763368,68.54562671296904,60.82240986211473,555350.15,6.411080380743742
WTK,2026-07-05,85.73,397117,69.21952370461732,61.070246579904634,545673.1,6.438571110080758
WTK,2026-07-06,84.27,798842,69.80973846129899,61.30108989751752,558789.75,6.122389239504988
WTK,2026-07-07,84.37,495565,70.3807291098755,61.53063129157207,546100.35,5.937843014962288
WTK,2026-07-08,82.72,646256,70.86462208595883,61.74147078120817,555119.9,5.337811318352932
WTK,2026-07-09,81.62,282953,71.28640161199966,61.93926709184292,534874.65,4.683977071762669
WTK,2026-07-10,79.28,617028,71.59987605858791,62.11181169789424,532903.9,3.839868000822893
WTK,2026-07-11,79.83,393630,71.92262601707465,62.28811207900973,535604.65,3.635660773263802
WTK,2026-07-12,75.91,662424,72.0789936242482,62.42365325235292,550633.55,4.134813551347015
WTK,2026-07-13,73.21,419311,72.12334681545416,62.53098008566285,544361.25,5.10648032857868
WTK,2026-07-14,74.45,403868,72.2145881168089,62.64957729874084,539909.65,5.671415748595196
WTK,2026-07-15,75.34,451750,72.33715328869874,62.77585016143994,529678.7,6.008959210771048
WTK,2026-07-16,71.58,400086,72.30746100286743,62.863453642420644,517811.15,6.904128602383393
WTK,2026-07-17,71.61,608899,72.28010959099028,62.95048395443636,507556.1,7.52198513954707
WTK,2026-07-18,70.88,610310,72.22520333252008,63.02938461160615,500511.55,7.889608898509154
WTK,2026-07-19,70.22,365053,72.14656790771537,63.10093302343097,495966.9,7.677630209372816
WTK,2026-07-20,68.73,702353,72.01258485251086,63.156943640113255,516294.1,7.590051551534461
WTK,2026-07-21,67.61,294022,71.83993446613789,63.201252658619595,507528.25,7.241069082397242
WTK,2026-07-22,68.24,403006,71.69876056550503,63.25138944808607,512568.1,6.702638329563076
sas,2025-11-13,88.25,950106,88.25,88.25,950106.0,3.585031380615791
sas,2025-11-14,84.87,380546,88.11745098039216,88.21636815920398,665326.0,3.585031380615791
sas,2025-11-15,84.27,973878,87.96657054978854,88.17710081433628,768176.6666666666,3.2185866463402855
sas,2025-11-16,84.34,421990,87.82435209685566,88.13892070673094,681630.0,2.8460070713193955
sas,2025-11-17,83.72,572488,87.66339711266525,88.09495134646497,659801.6,2.719285292131006
sas,2025-11-18,81.91,651289,87.43777369648231,88.03340954202253,658382.8333333334,3.115727844340713
sas,2025-11-19,83.78,606091,87.2943315907379,87.99108705901733,650912.5714285715,2.878429631388818
sas,2025-11-20,81.91,474461,87.08318133227759,87.93057873007189,628856.125,2.9856668763324197
sas,2025-11-21,83.99,469469,86.96188010356083,87.89136899146422,611146.4444444445,2.793728467478544
sas,2025-11-22,85.08,375674,86.88808088381336,87.86339517065363,587599.2,2.6733854940879773
sas,2025-11-23,85.0,881186,86.81403849621283,87.83490367641826,614288.9090909091,2.5611134829849482
sas,2025-11-24,83.44,979999,86.68172326106722,87.79117329157829,644764.75,2.4690990259606873
sas,2025-11-25,81.36,634311,86.47302823122145,87.72718151753273,643960.6153846154,2.6452826299485848
sas,2025-11-26,79.55,866460,86.2015369280363,87.64581652730853,659853.4285714285,3.1037071285094613
sas,2025-11-27,78.75,533719,85.90931979360352,87.55730093997212,651444.4666666667,3.0161976873227325
sas,2025-11-28,80.7,651514,85.70503274287397,87.48906908982315,651448.8125,3.031456238027678
sas,2025-11-29,83.44,954675,85.61620792942793,87.4487798451483,669285.6470588235,2.9747890542998867
sas,2025-11-30,84.55,603965,85.57439585376409,87.41993626459956,665656.7222222222,2.9966618790885318
sas,2025-12-01,85.34,926709,85.56520385949882,87.39924038136972,679396.3157894737,3.162053078354262
sas,2025-12-02,85.66,846231,85.56892135520475,87.38193450692825,687738.05,3.3377273351393244
sas,2025-12-03,90.67,501253,85.76896365500065,87.41465157651105,665295.4,4.531718435430648
sas,2025-12-04,91.89,729904,86.00900429598101,87.45918240659552,682763.3,5.562577373211726
sas,2025-12-05,91.09,527242,86.20825902947196,87.49530994483835,660431.5,6.198299616174438
sas,2025-12-06,92.21,335564,86.44362142047305,87.54222228369568,656110.2,6.884771148247148
sas,2025-12-07,95.99,876013,86.81798920790548,87.62627977341015,671286.45,8.112912174801604
sas,2025-12-08,95.37,614191,87.15336218014448,87.70333171596329,669431.55,8.8279324191287
sas,2025-12-09,92.8,409661,87.37479895739372,87.75404483321738,659610.05,8.777000265116001
sas,2025-12-10,93.36,643439,87.60951272377044,87.80982548164307,668058.95,8.285812878344847
sas,2025-12-11,91.12,692235,87.74717889146572,87.84276254152722,679197.25,7.115858710816852
sas,2025-12-12,86.53,425056,87.69944638591805,87.82970022768119,681666.35,6.1779716344835975
sas,2025-12-13,88.07,1130834,87.71397790019577,87.83209127019182,694148.75,5.576432415892031
sas,2025-12-14,89.06,2549310,87.76676308058026,87.84430926750335,772614.3,5.033758890871615
sas,2025-12-15,86.71,493442,87.72532139114576,87.83302260812522,765570.85,4.808344352486456
sas,2025-12-16,86.18,594969,87.66472055227729,87.81657462197472,751996.3,4.716677521376654
sas,2025-12-17,88.07,719911,87.68061386395269,87.81909626752721,761305.9,4.841573355320097
sas,2025-12-18,88.34,728679,87.70647214379768,87.82427938924336,765164.15,4.887270356595995
sas,2025-12-19,86.8,346032,87.67092421658994,87.81408755452452,734732.0,5.073885426788447
sas,2025-12-20,85.74,789373,87.5952016982923,87.79344986741482,744002.4,5.255472501002314
sas,2025-12-21,85.49,658977,87.51264476894751,87.77052996823656,730615.8,4.695322023152314
sas,2025-12-22,84.42,492102,87.39136458192996,87.73719136158745,712909.35,4.066004549248023
sas,2025-12-23,84.15,418891,87.26425224538369,87.7014979152035,708791.25,3.785855616271278
sas,2025-12-24,82.73,959781,87.08643843183924,87.6520302742562,720285.1,3.2677295147117977
sas,2025-12-25,82.55,643890,86.9085388854926,87.6012638038656,726117.5,3.047451646615804
sas,2025-12-26,81.0,636640,86.67683147821839,87.53557958691172,741171.3,3.6471990042939595
sas,2025-12-27,82.0,436784,86.49342632220983,87.48049919301211,719209.85,3.764344214154315
sas,2025-12-28,81.25,494898,86.28780176055454,87.41850417616622,713245.2,3.690912678606541
sas,2025-12-29,81.93,555760,86.11690757386614,87.36389219431383,720550.15,3.731674509232643
sas,2025-12-30,84.25,424795,86.0436955121459,87.33290819238037,709617.95,3.6454805679674225
sas,2025-12-31,85.64,478569,86.02786431559116,87.31606333474475,698934.65,3.3133756773297476
sas,2026-01-01,85.4,951346,86.00324218556797,87.29699802793138,725249.15,2.8234561326442567
sas,2026-01-02,85.11,824559,85.96821308025159,87.2752368535241,709935.4,2.5849929325895378
sas,2026-01-03,85.11,894161,85.93455766533977,87.25369220821541,627177.95,2.509764584424236
sas,2026-01-04,85.83,701414,85.9304573647382,87.23952611659139,637576.55,2.5562940261932012
sas,2026-01-05,86.62,2155233,85.95749825239552,87.23336167762034,715589.75,2.8078807121040676
sas,2026-01-06,85.3,935853,85.93171400720354,87.21412424799229,726386.85,2.8680211043408534
sas,2026-01-07,84.87,812063,85.8900781637838,87.19079962860928,730556.05,2.8440293154699123
sas,2026-01-08,86.44,578713,85.91164372598836,87.18332898553854,742190.1,2.9129453628265605
sas,2026-01-09,86.17,364864,85.92177534457704,87.17324611006055,720964.65,2.6086260119705407
sas,2026-01-10,87.16,849311,85.97033317420149,87.1731143079704,730481.35,2.499223615709167
sas,2026-01-11,86.56,652124,85.99345736344848,87.16701366809009,738482.45,1.9346968201023322
sas,2026-01-12,85.73,654510,85.98312570213677,87.15271502462652,750263.4,1.1937990539946548
sas,2026-01-13,87.74,438575,86.05202273342553,87.15855865622228,724203.1,1.2638461705670656
sas,2026-01-14,87.28,343154,86.10017870466375,87.15976702780216,709166.3,1.3557916060814028
sas,2026-01-15,86.33,507592,86.10919130448086,87.15151063946583,702713.9,1.3242605753508223
sas,2026-01-16,87.64,436474,86.16922301803064,87.15637123011791,702698.4,1.3646240878347555
sas,2026-01-17,87.39,762829,86.21709662516669,87.15869589449485,716094.95,1.3136874534205905
sas,2026-01-18,86.33,516627,86.22152420849349,87.15045016420137,714138.3,1.2842312875802213
sas,2026-01-19,83.71,652634,86.12303306306238,87.1162168292342,725530.25,1.7116103608802071
sas,2026-01-20,83.2,455464,86.0084043154913,87.07724949760005,724375.0,2.0949101386481743
sas,2026-01-21,82.01,1677844,85.85160414625636,87.0268291045891,760699.9,2.6461762014293186
sas,2026-01-22,83.63,494988,85.76448241503063,86.99302981001608,744221.35,2.7967376992205866
sas,2026-01-23,82.77,624051,85.64705173208826,86.95100961290149,730715.85,3.0359901619959437
sas,2026-01-24,83.34,892749,85.55657911514362,86.91507916899202,740282.6,3.068020355391858
sas,2026-01-25,83.16,833225,85.46259562043211,86.87771519716125,674182.2,3.1212637444851143
sas,2026-01-26,81.05,335316,85.28955265492496,86.8197279812691,644155.35,3.4799140288736323
sas,2026-01-27,79.02,609665,85.0436878449279,86.74211874762463,634035.45,3.8867342007465107
sas,2026-01-28,77.5,957352,84.74785694904838,86.65015736705126,652967.4,4.425230483846539
sas,2026-01-29,76.66,574086,84.43068608830139,86.55075281613533,663428.5,4.967790333408114
sas,2026-01-30,78.42,463852,84.194972908368,86.46984980303947,644155.55,4.741929769572744
sas,2026-01-31,80.0,634574,84.03046416686338,86.40547318808386,643278.05,4.184438400224634
sas,2026-02-01,82.01,948167,83.95123027796679,86.36173713646113,657960.9,3.6420830140619316
sas,2026-02-02,82.34,930494,83.88804477687006,86.32171985152122,682556.85,3.516426386683902
sas,2026-02-03,83.29,422043,83.86459204052221,86.29155348483943,686501.3,3.5259927290444737
sas,2026-02-04,84.86,903688,83.90362764677624,86.27730917155745,706306.1,3.8275148487735757
sas,2026-02-05,83.44,394312,83.88544617043208,86.24907723950216,704198.0,3.80811301372143
sas,2026-02-06,82.0,392158,83.81150710492494,86.20679786398473,685664.45,3.7681199038631843
sas,2026-02-07,81.39,454984,83.7165460419867,86.15886952702967,682582.3,3.657776076275802
sas,2026-02-08,83.82,870943,83.720603059948,86.13559719342737,693497.75,3.731515321341501
sas,2026-02-09,84.64,352002,83.75665784191082,86.12071562931366,688324.65,3.9872130955381024
sas,2026-02-10,85.12,859985,83.81012224026726,86.11075825986777,647431.7,4.1090459207850945
sas,2026-02-11,87.36,488467,83.9493331328058,86.12318852593873,647105.65,4.214487718663909
sas,2026-02-12,86.37,773267,84.0442612452448,86.12564436150153,654566.45,3.6333925206053412
sas,2026-02-13,86.21,918564,84.12919217680383,86.12648372108858,655857.2,3.1646185515670977
sas,2026-02-14,81.44,509938,84.02373366006641,86.07985204227178,639692.85,2.909703663964332
sas,2026-02-15,81.92,836820,83.94123430084812,86.03846047966212,664768.05,2.919908925269362
sas,2026-02-16,82.39,932810,83.88040158316781,86.00215739031225,680925.3,2.91543554603364
sas,2026-02-17,84.59,787049,83.90822897206318,85.98810607299572,672410.15,2.916868451941845
sas,2026-02-18,85.6,703060,83.97457293394307,85.98424432102563,678858.85,2.9706320090119838
sas,2026-02-19,86.43,786206,84.0708641914355,85.98867970091592,694976.55,3.1081211419387405
sas,2026-02-20,88.89,743301,84.25984990941842,86.01754855961327,700412.9,3.4584809161324386
sas,2026-02-21,89.09,641240,84.44926756002947,86.04812021573653,685066.55,3.5492217263277395
sas,2026-02-22,91.25,681167,84.71596294983223,86.0998802135899,672600.2,4.209913144153704
sas,2026-02-23,89.69,978918,84.9110232263094,86.1356027985293,700443.95,4.447665596494543
sas,2026-02-24,91.12,465191,85.15451251155217,86.18519879058374,678519.1,4.83643720755648
sas,2026-02-25,92.42,830569,85.43943358953052,86.24723661356302,700331.95,5.370606471677634
sas,2026-02-26,90.56,978138,85.64024011543128,86.29014968208479,729630.95,5.55088380251382
sas,2026-02-27,89.04,912210,85.77356403247319,86.31751137679042,752492.25,5.574375155936326
sas,2026-02-28,87.87,880877,85.85577720767033,86.33295902478255,752988.95,4.931615710543827
sas,2026-03-01,87.33,822870,85.91358986619306,86.3428798305061,776532.35,4.217956463830368
sas,2026-03-02,85.88,943000,85.91227261653844,86.33827406104834,780683.1,3.550056028036308
sas,2026-03-03,85.9,335917,85.91179133745851,86.33391312511752,773055.6,3.3288208856906234
sas,2026-03-04,87.7,879873,85.9819171673621,86.34750602934521,778385.9,3.094227011177816
sas,2026-03-05,86.99,793686,86.02144982746555,86.3538990041776,772142.0,3.0274809325084786
sas,2026-03-06,85.58,528467,86.00413806952572,86.34619851657385,773068.45,3.296467639928842
sas,2026-03-07,86.17,378985,86.01064245895608,86.34444529750347,750176.7,3.4268323886323007
sas,2026-03-08,85.24,360164,85.98042118605585,86.33345579205569,721544.4,3.4064997060401914
sas,2026-03-09,85.19,662080,85.94942427679877,86.32207812248299,715295.95,3.488475315588705
sas,2026-03-10,87.33,570938,86.00356450123803,86.33210719589111,708689.85,3.148856150246349
sas,2026-03-11,89.06,849197,86.12342471687576,86.3592504078723,711839.4,2.4202929847163843
sas,2026-03-12,87.18,554451,86.16485904170416,86.36741707048054,702396.9,1.9189720806080195
sas,2026-03-13,88.92,656145,86.27290378516675,86.39281590560014,703142.15,1.8961699395253744
sas,2026-03-14,88.3,428315,86.3523977543759,86.41179286176333,690499.55,1.9422465255299812
sas,2026-03-15,87.08,392345,86.38093117577293,86.41844168900947,661170.9,1.9355116880310268
sas,2026-03-16,87.06,869228,86.40756132574262,86.42482535379544,681372.75,1.88565303347052
sas,2026-03-17,85.7,772101,86.37981382277232,86.41761316122037,678449.35,1.907035989103372
sas,2026-03-18,86.46,577063,86.38295837874203,86.41803492081023,658395.6,1.8889439749919943
sas,2026-03-19,88.92,2291796,86.48245020702666,86.44293009572755,727374.9,2.0598800042398935
sas,2026-03-20,90.16,664116,86.6266678459668,86.47991586591932,716536.85,2.3111795012098018
sas,2026-03-21,90.76,484682,86.78875930298771,86.52250376775098,699627.45,2.6205744483909728
sas,2026-03-22,90.22,934058,86.92331776169408,86.55929477503705,699180.35,2.5819964164391687
sas,2026-03-23,88.86,694800,86.9992660847649,86.58218736434016,717124.5,2.2870761181755372
sas,2026-03-24,89.07,985372,87.08047133634275,86.60694171892385,722399.45,2.267428379473797
sas,2026-03-25,89.87,505414,87.1898646172705,86.6394099605266,707985.85,2.3299626229137322
sas,2026-03-26,90.1,502984,87.30398757345597,86.67384369226266,706711.7,2.344481127721224
sas,2026-03-27,89.06,798492,87.37285080586948,86.69758654109587,727687.05,2.347660748279064
sas,2026-03-28,89.66,752629,87.4625429311295,86.72706329193075,747310.3,2.3720272314651885
sas,2026-03-29,88.56,892081,87.50558046324207,86.74530146813045,758810.35,2.2595183285209917
sas,2026-03-30,90.92,529312,87.63947926860513,86.78684075700478,756729.05,2.2482971578261908
sas,2026-03-31,91.61,703473,87.79518596395395,86.83483239126345,749442.85,1.8916218185448255
sas,2026-04-01,90.57,820083,87.90400220066164,86.87199823811655,762724.45,1.357592204384597
sas,2026-04-02,89.5,751747,87.9665903496553,86.89814750937907,767504.55,1.3054101288081241
sas,2026-04-03,90.05,552427,88.04829268888452,86.92950922570365,773710.15,1.3026935852004167
sas,2026-04-04,90.71,573079,88.1526733677518,86.9671260493285,782746.85,1.297222942534011
sas,2026-04-05,90.4,597268,88.2408038239184,87.00128399908643,769148.85,1.306606627535662
sas,2026-04-06,88.03,791157,88.23253700729416,87.01151997919503,770101.65,1.4572969577530035
sas,2026-04-07,85.28,774913,88.11675124230223,86.99429092467568,779994.15,2.3399165242928133
sas,2026-04-08,87.2,553132,88.08080021319235,86.99633778114658,693060.95,2.523113510271286
sas,2026-04-09,86.75,408595,88.02861196953775,86.99388665894612,680284.9,2.7133242658089642
sas,2026-04-10,84.69,831055,87.89768600994805,86.97096241358348,697603.55,3.2540782738107374
sas,2026-04-11,85.0,472395,87.78405126445989,86.95135084727916,674520.4,3.5743386578020937
sas,2026-04-12,87.52,830024,87.77369631291245,86.95700904780374,681281.6,3.5965355926543943
sas,2026-04-13,85.19,1665702,87.67237488887667,86.9394268682236,715298.1,3.647288997730522
sas,2026-04-14,86.14,2585406,87.61228175597955,86.93147237202238,819297.7,3.368035121093919
sas,2026-04-15,89.52,412154,87.68709423613723,86.9572288658331,814756.2,3.233840298611253
sas,2026-04-16,89.51,892567,87.75858073668087,86.98262957363576,819459.95,3.2348755644663454
sas,2026-04-17,88.0,896095,87.76804815877182,86.99275266245532,826633.25,3.062757322672083
sas,2026-04-18,88.2,680863,87.78498744666312,87.00476507377417,816072.35,2.7455815903428977
sas,2026-04-19,88.9,451964,87.82871342914693,87.02362313274159,812204.95,2.502329381828841
sas,2026-04-20,91.47,702671,87.9715089809451,87.06786568863471,812164.85,3.0374030306050477
sas,2026-04-21,90.79,865416,88.08203804051588,87.10490185093686,814431.5,3.1769420814692255
sas,2026-04-22,90.4,501890,88.17293850951526,87.1376888971962,801938.65,3.3315729875582174
sas,2026-04-23,90.77,903810,88.27478405816173,87.17383129622907,819507.8,3.4567630796758353
sas,2026-04-24,89.7,572466,88.33067487941028,87.19896730323177,819477.15,3.120091331608954
sas,2026-04-25,89.37,459179,88.37143272727654,87.2205696186225,812572.7,2.698463848721345
sas,2026-04-26,86.96,673028,88.31608242424609,87.2179768860989,806666.25,2.758948975705845
sas,2026-04-27,87.3,813904,88.27623605466782,87.21879303648598,808615.8,2.3666208174114933
sas,2026-04-28,85.33,350963,88.16069738585732,87.19999907592393,798507.35,2.555164776088991
sas,2026-04-29,83.23,967545,87.967336704059,87.16049659755652,826454.85,3.433569271117065
sas,2026-04-30,83.87,822754,87.80665683331159,87.12775533787934,826039.8,3.8806588775844255
sas,2026-05-01,85.71,936210,87.72443499671114,87.11364831959199,849230.55,4.003995120261255
sas,2026-05-02,88.23,712767,87.74426107527148,87.12475629651148,843367.7,4.00427252931291
sas,2026-05-03,89.08,474785,87.7966429938883,87.14421145774023,783821.85,4.011900925803198
sas,2026-05-04,87.55,433479,87.78697071961818,87.14824915467814,676225.5,3.725155004518788
sas,2026-05-05,90.25,1517496,87.88356010316258,87.17911234716891,731492.6,3.6541201531156107
sas,2026-05-06,88.01,808935,87.88851853048955,87.18737988600306,727311.0,3.4689947715835205
sas,2026-05-07,86.91,910691,87.85014525478408,87.18461988713736,728040.8,3.17704870304778
sas,2026-05-08,84.93,485996,87.73562975459647,87.16218585840963,718297.45,3.1152893300445257
sas,2026-05-09,84.58,792674,87.6118795681417,87.13649246678366,735332.95,3.051625580132314
sas,2026-05-10,84.52,376577,87.4906293889989,87.1104577158704,719028.25,3.152369595389044
sas,2026-05-11,83.25,872963,87.32433019727345,87.07204520128462,719405.6,3.3618158236089304
sas,2026-05-12,83.82,1108326,87.18690548365488,87.03968654256538,749727.4,3.474563297723815
sas,2026-05-13,83.89,667727,87.05761507253118,87.00834637796275,737923.25,3.3927478409229277
sas,2026-05-14,84.48,957367,86.95653212851035,86.98318870256014,757168.3,3.333426548604953
sas,2026-05-15,83.78,920428,86.83196224111778,86.95131617815656,780230.75,3.458592262692977
sas,2026-05-16,88.05,486553,86.87972842774062,86.96224835548833,770907.0,3.4387377092424942
sas,2026-05-17,88.43,698078,86.94052339135864,86.97685284946357,765115.7,3.344451305216797
sas,2026-05-18,91.16,885209,87.10599306228576,87.01847620419528,791828.0,3.9185524491452934
sas,2026-05-19,92.61,971767,87.32183647160788,87.07411325688986,792039.1,4.427401750884546
sas,2026-05-20,89.46,953296,87.4056860217409,87.09785342348796,798566.2,4.559625987770369
sas,2026-05-21,89.66,534119,87.49409049147656,87.12334741927417,778461.65,4.740539335013732
sas,2026-05-22,91.07,807526,87.63432223690886,87.16261759420678,783199.6,4.994876000836807
sas,2026-05-23,88.9,474958,87.68395665899087,87.1799049813291,783208.25,4.9242351444910675
sas,2026-05-24,89.08,357145,87.73870345667751,87.19881139942534,779391.55,4.806514295238168
sas,2026-05-25,86.66,1666290,87.69640136033723,87.19345009196837,786831.25,4.4420896014681786
sas,2026-05-26,85.7,491358,87.61811111091224,87.1785898920483,770952.4,4.198110593462758
sas,2026-05-27,85.31,379212,87.5275969497,87.15999695779907,744378.45,3.986893723932611
sas,2026-05-28,85.57,861638,87.45082844186864,87.14417609254734,763160.55,3.8333809281962212
sas,2026-05-29,84.5,925896,87.33510967944241,87.11786588267125,769821.65,3.6966376911701
sas,2026-05-30,87.35,744113,87.33569361358192,87.12017567488348,788198.45,3.715341819424429
sas,2026-05-31,83.42,446814,87.18213700128459,87.08335800647669,766891.0,4.185760742625489
sas,2026-06-01,84.16,853135,87.06362182476363,87.05426986710877,754131.45,4.179760840863075
sas,2026-06-02,84.41,913510,86.95955822379251,87.02795872415247,766420.6,3.668519122881097
sas,2026-06-03,86.84,678998,86.95486966599672,87.02608848809126,752502.15,3.4859809701395488
sas,2026-06-04,85.91,636730,86.91389438497725,87.0149831300008,738317.25,3.2343961000266153
sas,2026-06-05,86.77,420821,86.90825146791933,87.01254548691621,735030.65,2.5308616002380897
sas,2026-06-06,87.61,869876,86.935771018197,87.01849030794192,743620.55,2.322981488196742
sas,2026-06-07,85.38,506164,86.8747603900324,87.00218692179324,724668.3,1.8938582413847116
sas,2026-06-08,86.11,865700,86.84476978650173,86.99330943998434,719364.95,1.8573341406137356
sas,2026-06-09,87.38,627501,86.86575920663891,86.99715710724819,703075.2,1.9836479880912807
sas,2026-06-10,84.46,388791,86.77141570833935,86.97191176289746,695808.8,2.0457420602124623
sas,2026-06-11,84.97,940806,86.70077195507113,86.95199224286864,702472.8,2.0666291833122696
sas,2026-06-12,84.01,981451,86.59525148624482,86.92271868821324,727797.45,2.1228897731654013
sas,2026-06-13,84.01,839439,86.49386907501953,86.89373641270863,751912.15,2.0754848500137637
sas,2026-06-14,88.25,1530624,86.56273695443053,86.9072315727812,745128.85,2.183031118110005
sas,2026-06-15,85.56,752880,86.52341393660973,86.8938262834998,758204.95,2.0779913232638108
sas,2026-06-16,88.8,805854,86.61269182144856,86.91279318615155,779537.05,2.2917392262903444
sas,2026-06-17,88.35,378925,86.68082155394079,86.92709375146349,755401.4,2.4455396997546544
sas,2026-06-18,86.5,410479,86.67373051260978,86.9228440623942,729630.55,2.442570254987275
sas,2026-06-19,90.49,851080,86.82338813956626,86.9583381513256,734978.9,2.9663230652563124
sas,2026-06-20,92.82,356762,87.05854938899503,87.01666314484476,730476.3,3.8794328243263205
sas,2026-06-21,93.05,780873,87.29350823648544,87.07669634738362,726863.2,4.513991435671702
sas,2026-06-22,93.24,603931,87.52670399191739,87.13802275188728,711384.25,5.01577688098054
sas,2026-06-23,90.62,594353,87.64800971772455,87.17266929166951,707152.0,5.114546924924174
sas,2026-06-24,92.47,787446,87.837107375853,87.22537904996135,714687.8,5.102431708573642
sas,2026-06-25,94.09,961480,88.08231885130974,87.2936837360314,741720.75,5.227297381256025
sas,2026-06-26,94.96,874817,88.35203183753288,87.36996548990173,741967.8,5.097628852474488
sas,2026-06-27,95.92,1927617,88.64881490272768,87.45504046015147,813040.45,4.8106792259910955
sas,2026-06-28,95.4,877758,88.91356725948346,87.53409478393107,813643.35,4.935027931715351
sas,2026-06-29,97.33,352785,89.24362344538606,87.6315664776233,799907.55,4.695550559299971
sas,2026-06-30,100.97,404394,89.70348134948857,87.76428720918923,800687.7,5.5275057591629295
sas,2026-07-01,96.36,802015,89.96452129656745,87.84981668969482,793748.15,5.20941044100519
sas,2026-07-02,95.14,656566,90.16748124572167,87.9223558271108,777503.9,4.133364247195802
sas,2026-07-03,94.65,972907,90.34326629490907,87.98929756017439,784177.3,3.755789816117714
sas,2026-07-04,94.54,940202,90.50784408726558,88.05447867897863,754656.2,3.6619950426378276
sas,2026-07-05,95.14,768993,90.689497260314,88.1249813786903,755461.85,3.573035866345883
sas,2026-07-06,94.17,634199,90.82598756383109,88.1851308177083,746879.1,3.5099739362227846
sas,2026-07-07,93.78,685935,90.94183118877889,88.2408011578306,762229.6,2.9993644931274197
sas,2026-07-08,92.05,480028,90.98528878921894,88.27870363387208,765707.05,3.0730201345336003
sas,2026-07-09,91.19,539919,90.9933166798378,88.30767175691814,750149.0,3.468605588023952
sas,2026-07-10,94.92,784033,91.14730426102064,88.37346606779458,771512.55,3.4689505807757475
sas,2026-07-11,95.0,437342,91.29839036843158,88.43940172881155,754336.0,3.4513979489757625
sas,2026-07-12,93.98,511997,91.40355153045388,88.49453205986815,749739.3,3.4730486655046136
sas,2026-07-13,94.85,874776,91.53870637239687,88.55777054683465,763760.45,3.316998676480991
sas,2026-07-14,94.05,638537,91.63718847544014,88.61241959611988,756315.0,1.9596632924502337
sas,2026-07-15,93.45,498490,91.7082791234621,88.6605547245167,733165.5,1.76034934251389
sas,2026-07-16,92.68,932556,91.74638582450281,88.70054920486977,736052.45,1.7765147150991756
sas,2026-07-17,93.77,405298,91.82574324314976,88.75099150133873,659936.5,1.7460631148660717
sas,2026-07-18,96.6,881102,92.01296899832035,88.82909108839009,660103.7,2.059022793131288
sas,2026-07-19,98.18,606067,92.25481335132739,88.92213495815734,672767.8,2.6367164738994866
sas,2026-07-20,100.09,985601,92.56207557284395,89.03325799339956,701828.15,3.541508514029222
sas,2026-07-21,99.01,870548,92.81493535430104,89.13252905814186,705254.8,3.9280019667186554
sas,2026-07-22,97.62,675745,93.00336926197551,89.21698150532453,706213.75,3.84087317296017
